Invoice_ID,Date,Time,Branch,City,Customer_Type,Gender,Product_Line,Unit_Price,Quantity,Tax_5_Percent,Total,Payment_Method,COGS,Gross_Income,Rating
INV-2025-01502,03-09-2025,14:41,B,Los Angeles,Normal,Male,Health and Beauty,35.9,9,16.155,339.255,E-wallet,226.17,96.93,8.8
INV-2025-02587,24-05-2025,18:46,B,Los Angeles,Member,Female,Food and Beverages,22.37,10,11.185,234.885,Cash,156.59,67.11,6.2
INV-2025-02654,28-06-2025,16:53,C,Chicago,Normal,Female,Sports and Travel,69.81,5,17.4525,366.5025,Unknown,244.335,104.715,6.2
INV-2025-01056,21-04-2025,14:37,A,New York,Normal,Female,Fashion Accessories,15.1,2,1.51,31.71,E-wallet,21.14,9.06,10
INV-2025-00706,25-04-2025,15:21,C,Chicago,Normal,Female,Electronic Accessories,87.54,9,39.393,827.253,Credit Card,551.502,236.358,No Rating Given
INV-2025-00107,16-05-2025,10:47,B,Los Angeles,Member,Male,Sports and Travel,51.9,6,15.57,326.97,Credit Card,217.98,93.42,4.7
INV-2025-00590,28-07-2025,20:08,B,Los Angeles,Member,Male,Health and Beauty,33.99,5,8.4975,178.4475,Cash,118.965,50.985,6.8
INV-2025-02469,18-05-2025,15:50,A,New York,Normal,Male,Fashion Accessories,71.09,6,21.327,447.867,Credit Card,298.578,127.962,9.7
INV-2025-02414,12-06-2025,14:28,A,New York,Normal,Female,Food and Beverages,8.03,2,0.803,16.863,E-wallet,11.242,4.818,7.6
INV-2025-01601,26-11-2025,19:56,C,Chicago,Member,Female,Home and Lifestyle,24.85,1,1.2425,26.0925,Credit Card,17.395,7.455,No Rating Given
INV-2025-02465,21-10-2025,14:15,B,Los Angeles,Normal,Female,Health and Beauty,44.86,6,13.458,282.618,Credit Card,188.412,80.748,8.7
INV-2025-00229,04-07-2025,18:06,A,New York,Member,Female,Food and Beverages,14.76,7,5.166,108.486,Cash,72.324,30.996,No Rating Given
INV-2025-00916,28-06-2025,13:54,C,Chicago,Normal,Female,Sports and Travel,33.65,9,15.1425,317.9925,E-wallet,211.995,90.855,9.5
INV-2025-00795,17-06-2025,17:29,B,Los Angeles,Member,Male,Fashion Accessories,71.75,3,10.7625,226.0125,Credit Card,150.675,64.575,5.7
INV-2025-03022,22-03-2025,10:41,C,Chicago,Normal,Male,Food and Beverages,24.28,3,3.642,76.482,Credit Card,50.988,21.852,7.4
INV-2025-03544,31-01-2025,15:09,A,New York,Normal,Male,Home and Lifestyle,81.96,2,8.196,172.116,Cash,114.744,49.176,7.6
INV-2025-01074,19-11-2025,18:43,C,Chicago,Normal,Female,Health and Beauty,31.67,9,14.2515,299.2815,Credit Card,199.521,85.509,9
INV-2025-03352,19-05-2025,19:37,C,Chicago,Normal,Male,Electronic Accessories,82.92,3,12.438,261.198,Cash,174.132,74.628,7.3
INV-2025-01745,23-03-2025,12:11,C,Chicago,Member,Male,Food and Beverages,23.55,6,7.065,148.365,Cash,98.91,42.39,7
INV-2025-01085,12-04-2025,21:53,B,Los Angeles,Normal,Male,Home and Lifestyle,76.09,6,22.827,479.367,Credit Card,319.578,136.962,5.3
INV-2025-00927,02-07-2025,21:44,B,Los Angeles,Member,Male,Food and Beverages,20.57,3,3.0855,64.7955,Cash,43.197,18.513,8.8
INV-2025-03050,01-01-2025,12:21,A,New York,Member,Female,Sports and Travel,35.13,2,3.513,73.773,Credit Card,49.182,21.078,7.4
INV-2025-01118,16-09-2025,14:40,C,Chicago,Normal,Male,Home and Lifestyle,39.16,6,11.748,246.708,Cash,164.472,70.488,No Rating Given
INV-2025-00643,29-01-2025,17:15,A,New York,Member,Male,Fashion Accessories,14.26,5,3.565,74.865,Cash,49.91,21.39,5
INV-2025-04768,11-02-2025,11:28,A,New York,Member,Male,Health and Beauty,35.71,2,3.571,74.991,E-wallet,49.994,21.426,5.6
INV-2025-00502,05-06-2025,19:18,B,Los Angeles,Member,Male,Fashion Accessories,43.6,3,6.54,137.34,Credit Card,91.56,39.24,7.9
INV-2025-04067,20-01-2025,13:55,B,Los Angeles,Member,Male,Health and Beauty,36.39,1,1.8195,38.2095,E-wallet,25.473,10.917,6.6
INV-2025-00334,13-03-2025,18:41,B,Los Angeles,Member,Female,Sports and Travel,48.3,1,2.415,50.715,Credit Card,33.81,14.49,10
INV-2025-04685,10-10-2025,20:40,B,Los Angeles,Normal,Female,Fashion Accessories,26.76,5,6.69,140.49,Cash,93.66,40.14,8.7
INV-2025-00487,26-05-2025,12:44,B,Los Angeles,Member,Male,Health and Beauty,29.43,5,7.3575,154.5075,Credit Card,103.005,44.145,No Rating Given
INV-2025-01963,11-11-2025,15:48,A,New York,Member,Female,Health and Beauty,52.78,4,10.556,221.676,E-wallet,147.784,63.336,8.6
INV-2025-00394,27-10-2025,11:36,B,Los Angeles,Member,Female,Electronic Accessories,15.41,4,3.082,64.722,E-wallet,43.148,18.492,No Rating Given
INV-2025-04843,02-03-2025,12:52,C,Chicago,Member,Female,Electronic Accessories,36.65,8,14.66,307.86,Credit Card,205.24,87.96,7.5
INV-2025-04867,11-04-2025,16:55,B,Los Angeles,Normal,Female,Sports and Travel,66.59,8,26.636,559.356,E-wallet,372.904,159.816,6.9
INV-2025-01756,01-12-2025,13:39,B,Los Angeles,Member,Female,Home and Lifestyle,73.2,4,14.64,307.44,E-wallet,204.96,87.84,8.1
INV-2025-02516,27-04-2025,11:25,C,Chicago,Normal,Male,Sports and Travel,40.72,1,2.036,42.756,E-wallet,28.504,12.216,6.3
INV-2025-03586,17-06-2025,16:17,A,New York,Member,Female,Food and Beverages,3.13,3,0.4695,9.8595,Credit Card,6.573,2.817,7.6
INV-2025-04316,16-01-2025,16:22,A,New York,Member,Female,Sports and Travel,57.82,9,26.019,546.399,E-wallet,364.266,156.114,8.7
INV-2025-04967,07-03-2025,11:47,C,Chicago,Normal,Female,Home and Lifestyle,73.68,4,14.736,309.456,Credit Card,206.304,88.416,8.6
INV-2025-02100,01-01-2025,12:53,C,Chicago,Normal,Male,Food and Beverages,10.31,4,2.062,43.302,Cash,28.868,12.372,6.9
INV-2025-03600,04-02-2025,11:48,C,Chicago,Normal,Female,Sports and Travel,50.72,4,10.144,213.024,Credit Card,142.016,60.864,9.7
INV-2025-04122,01-12-2025,14:29,B,Los Angeles,Member,Female,Sports and Travel,75.65,7,26.4775,556.0275,Credit Card,370.685,158.865,6.7
INV-2025-00030,11-10-2025,11:18,B,Los Angeles,Normal,Male,Fashion Accessories,51.23,5,12.8075,268.9575,Credit Card,179.305,76.845,No Rating Given
INV-2025-00066,08-01-2025,18:08,A,New York,Normal,Female,Fashion Accessories,71.37,8,28.548,599.508,Cash,399.672,171.288,4.1
INV-2025-00839,08-07-2025,11:20,C,Chicago,Normal,Male,Home and Lifestyle,24.33,9,10.9485,229.9185,Cash,153.279,65.691,6.3
INV-2025-03907,11-05-2025,21:50,B,Los Angeles,Member,Male,Fashion Accessories,17.51,6,5.253,110.313,Credit Card,73.542,31.518,7.3
INV-2025-03774,01-12-2025,13:55,C,Chicago,Member,Female,Fashion Accessories,51.07,4,10.214,214.494,Credit Card,142.996,61.284,6.2
INV-2025-04636,30-08-2025,17:33,B,Los Angeles,Member,Male,Health and Beauty,15.19,4,3.038,63.798,Cash,42.532,18.228,6.1
INV-2025-03162,17-08-2025,19:23,A,New York,Normal,Male,Home and Lifestyle,21.6,6,6.48,136.08,Credit Card,90.72,38.88,8.6
INV-2025-02660,21-01-2025,18:28,C,Chicago,Normal,Female,Food and Beverages,20.18,5,5.045,105.945,Credit Card,70.63,30.27,6.9
INV-2025-04616,23-07-2025,19:47,B,Los Angeles,Member,Male,Sports and Travel,29.07,3,4.3605,91.5705,Credit Card,61.047,26.163,8.3
INV-2025-04629,11-12-2025,18:21,C,Chicago,Member,Female,Fashion Accessories,32.83,4,6.566,137.886,Credit Card,91.924,39.396,7.5
INV-2025-02452,08-12-2025,13:05,C,Chicago,Member,Male,Sports and Travel,80.46,3,12.069,253.449,Credit Card,168.966,72.414,5.1
INV-2025-02847,24-11-2025,13:29,A,New York,Member,Male,Sports and Travel,71.05,3,10.6575,223.8075,E-wallet,149.205,63.945,7.4
INV-2025-01145,13-02-2025,16:08,C,Chicago,Normal,Female,Home and Lifestyle,44.18,8,17.672,371.112,Credit Card,247.408,106.032,5.5
INV-2025-03079,16-05-2025,10:03,C,Chicago,Normal,Female,Fashion Accessories,14.75,8,5.9,123.9,Credit Card,82.6,35.4,7.1
INV-2025-01104,25-11-2025,17:04,B,Los Angeles,Member,Male,Home and Lifestyle,32.48,10,16.24,341.04,Cash,227.36,97.44,No Rating Given
INV-2025-00169,04-05-2025,15:17,B,Los Angeles,Member,Male,Home and Lifestyle,86.18,10,43.09,904.89,Credit Card,603.26,258.54,9.8
INV-2025-01671,23-12-2025,15:39,A,New York,Member,Female,Sports and Travel,53.77,9,24.1965,508.1265,Credit Card,338.751,145.179,7.5
INV-2025-02571,29-12-2025,15:22,B,Los Angeles,Normal,Male,Electronic Accessories,47.92,7,16.772,352.212,Cash,234.808,100.632,9.7
INV-2025-02378,25-01-2025,11:15,B,Los Angeles,Member,Male,Sports and Travel,61.25,2,6.125,128.625,Credit Card,85.75,36.75,4
INV-2025-04396,06-09-2025,20:53,A,New York,Member,Female,Sports and Travel,48.18,1,2.409,50.589,E-wallet,33.726,14.454,7.2
INV-2025-04258,30-03-2025,17:50,C,Chicago,Normal,Male,Sports and Travel,70.54,1,3.527,74.067,E-wallet,49.378,21.162,6.6
INV-2025-03863,23-12-2025,11:57,B,Los Angeles,Normal,Male,Home and Lifestyle,23.02,7,8.057,169.197,Cash,112.798,48.342,4.4
INV-2025-00024,08-04-2025,13:03,B,Los Angeles,Member,Female,Health and Beauty,12.51,8,5.004,105.084,Credit Card,70.056,30.024,No Rating Given
INV-2025-02634,22-10-2025,15:40,A,New York,Normal,Male,Electronic Accessories,59.57,9,26.8065,562.9365,E-wallet,375.291,160.839,5.3
INV-2025-03341,20-09-2025,21:51,B,Los Angeles,Normal,Male,Home and Lifestyle,48.28,10,24.14,506.94,Cash,337.96,144.84,6.8
INV-2025-02216,18-05-2025,18:08,C,Chicago,Member,Female,Home and Lifestyle,50.55,10,25.275,530.775,Credit Card,353.85,151.65,5.2
INV-2025-03683,07-06-2025,18:07,A,New York,Member,Female,Sports and Travel,84.8,7,29.68,623.28,Credit Card,415.52,178.08,9.5
INV-2025-04725,29-01-2025,21:58,C,Chicago,Normal,Male,Food and Beverages,9.86,8,3.944,82.824,Credit Card,55.216,23.664,6.1
INV-2025-01908,16-09-2025,19:07,B,Los Angeles,Member,Female,Food and Beverages,23.71,6,7.113,149.373,Cash,99.582,42.678,8.4
INV-2025-00085,28-12-2025,20:24,B,Los Angeles,Normal,Male,Sports and Travel,82.89,3,12.4335,261.1035,Credit Card,174.069,74.601,7.5
INV-2025-00228,12-02-2025,13:24,C,Chicago,Normal,Female,Home and Lifestyle,45.25,2,4.525,95.025,Cash,63.35,27.15,5.8
INV-2025-00297,30-01-2025,19:30,B,Los Angeles,Normal,Male,Electronic Accessories,23.51,4,4.702,98.742,Cash,65.828,28.212,8.9
INV-2025-01002,21-03-2025,20:45,A,New York,Normal,Male,Sports and Travel,60.11,2,6.011,126.231,Cash,84.154,36.066,4.2
INV-2025-02139,20-09-2025,17:02,B,Los Angeles,Normal,Male,Sports and Travel,34.56,3,5.184,108.864,Credit Card,72.576,31.104,7.6
INV-2025-00712,16-12-2025,13:01,B,Los Angeles,Normal,Male,Health and Beauty,26.92,7,9.422,197.862,E-wallet,131.908,56.532,5
INV-2025-02802,26-10-2025,19:37,A,New York,Member,Male,Sports and Travel,25.73,4,5.146,108.066,Credit Card,72.044,30.876,4.6
INV-2025-02528,30-10-2025,17:56,B,Los Angeles,Member,Male,Fashion Accessories,13.08,4,2.616,54.936,Credit Card,36.624,15.696,4.1
INV-2025-03753,20-11-2025,13:40,A,New York,Normal,Female,Electronic Accessories,57.02,10,28.51,598.71,Credit Card,399.14,171.06,6.4
INV-2025-03322,17-03-2025,18:08,B,Los Angeles,Unknown,Female,Sports and Travel,70.3,8,28.12,590.52,Cash,393.68,168.72,4.5
INV-2025-03182,12-08-2025,20:54,A,New York,Member,Male,Food and Beverages,9.9,6,2.97,62.37,Credit Card,41.58,17.82,6.8
INV-2025-04184,23-07-2025,19:10,A,New York,Member,Male,Health and Beauty,20.77,8,8.308,174.468,E-wallet,116.312,49.848,5.1
INV-2025-01616,03-04-2025,20:38,C,Chicago,Normal,Female,Health and Beauty,19.34,3,2.901,60.921,Credit Card,40.614,17.406,5
INV-2025-03025,10-03-2025,21:49,C,Chicago,Normal,Male,Fashion Accessories,74.55,8,29.82,626.22,Cash,417.48,178.92,8.5
INV-2025-01414,13-12-2025,18:35,B,Los Angeles,Member,Female,Fashion Accessories,71.31,6,21.393,449.253,E-wallet,299.502,128.358,7.5
INV-2025-00764,19-06-2025,19:24,A,New York,Member,Male,Home and Lifestyle,20.69,6,6.207,130.347,Cash,86.898,37.242,4.7
INV-2025-00656,13-03-2025,12:36,C,Chicago,Normal,Female,Sports and Travel,78.07,4,15.614,327.894,Unknown,218.596,93.684,8.6
INV-2025-04798,24-11-2025,19:05,C,Chicago,Member,Female,Food and Beverages,3.71,7,1.2985,27.2685,Cash,18.179,7.791,4.3
INV-2025-03850,30-08-2025,10:25,A,New York,Member,Male,Fashion Accessories,50.19,8,20.076,421.596,Credit Card,281.064,120.456,4.6
INV-2025-04154,25-08-2025,13:10,C,Chicago,Member,Male,Electronic Accessories,38.69,5,9.6725,203.1225,Credit Card,135.415,58.035,4.6
INV-2025-00469,03-12-2025,12:40,C,Chicago,Normal,Female,Fashion Accessories,16.86,10,8.43,177.03,Credit Card,118.02,50.58,6.8
INV-2025-00158,22-12-2025,20:31,A,New York,Member,Male,Sports and Travel,35.36,8,14.144,297.024,E-wallet,198.016,84.864,8.9
INV-2025-01296,28-01-2025,13:05,A,New York,Normal,Male,Fashion Accessories,19.79,4,3.958,83.118,Credit Card,55.412,23.748,4.4
INV-2025-00498,29-07-2025,18:00,C,Chicago,Normal,Male,Fashion Accessories,53.64,4,10.728,225.288,E-wallet,150.192,64.368,4.4
INV-2025-04741,05-11-2025,18:53,C,Chicago,Member,Female,Electronic Accessories,95.24,10,47.62,1000.02,Credit Card,666.68,285.72,4.9
INV-2025-02941,04-10-2025,14:37,A,New York,Normal,Female,Sports and Travel,60.36,10,30.18,633.78,Credit Card,422.52,181.08,5.9
INV-2025-03457,08-04-2025,17:10,B,Los Angeles,Member,Male,Fashion Accessories,74.3,5,18.575,390.075,Credit Card,260.05,111.45,9.4
INV-2025-00374,15-10-2025,19:47,B,Los Angeles,Member,Female,Fashion Accessories,53.19,7,18.6165,390.9465,Credit Card,260.631,111.699,9.7
INV-2025-00080,08-11-2025,19:45,A,New York,Normal,Female,Health and Beauty,21.24,2,2.124,44.604,Credit Card,29.736,12.744,4.7
INV-2025-01554,21-01-2025,19:53,C,Chicago,Member,Male,Health and Beauty,10.33,9,4.6485,97.6185,Credit Card,65.079,27.891,6.3
INV-2025-01670,05-05-2025,19:26,A,New York,Member,Male,Food and Beverages,24.26,4,4.852,101.892,Cash,67.928,29.112,6.4
INV-2025-02132,28-10-2025,13:01,A,New York,Normal,Male,Health and Beauty,43.73,4,8.746,183.666,E-wallet,122.444,52.476,5.8
INV-2025-04440,24-05-2025,20:44,B,Los Angeles,Member,Female,Sports and Travel,42.15,9,18.9675,398.3175,E-wallet,265.545,113.805,9.4
INV-2025-00466,26-12-2025,16:03,B,Los Angeles,Normal,Male,Health and Beauty,56.51,4,11.302,237.342,Credit Card,158.228,67.812,No Rating Given
INV-2025-00249,30-03-2025,16:31,A,New York,Member,Female,Food and Beverages,3.23,6,0.969,20.349,E-wallet,13.566,5.814,No Rating Given
INV-2025-00932,04-02-2025,13:23,B,Los Angeles,Member,Female,Home and Lifestyle,89.03,5,22.2575,467.4075,E-wallet,311.605,133.545,6.7
INV-2025-01336,19-09-2025,10:45,C,Chicago,Member,Male,Electronic Accessories,27.88,9,12.546,263.466,Cash,175.644,75.276,8.3
INV-2025-04525,17-02-2025,19:47,A,New York,Normal,Female,Sports and Travel,67.53,5,16.8825,354.5325,Credit Card,236.355,101.295,8.6
INV-2025-01339,16-12-2025,16:03,B,Los Angeles,Normal,Female,Health and Beauty,12.11,4,2.422,50.862,E-wallet,33.908,14.532,9.7
INV-2025-01407,29-12-2025,20:05,B,Los Angeles,Normal,Female,Health and Beauty,36.26,5,9.065,190.365,Credit Card,126.91,54.39,5.8
INV-2025-01091,26-12-2025,16:15,B,Los Angeles,Normal,Female,Home and Lifestyle,73.39,2,7.339,154.119,Credit Card,102.746,44.034,7.5
INV-2025-04210,17-08-2025,12:13,A,New York,Normal,Female,Food and Beverages,16.5,2,1.65,34.65,Cash,23.1,9.9,9.5
INV-2025-00743,11-12-2025,12:35,C,Chicago,Normal,Female,Food and Beverages,3.87,2,0.387,8.127,Credit Card,5.418,2.322,9.4
INV-2025-02324,11-10-2025,20:01,B,Los Angeles,Member,Female,Food and Beverages,6.78,3,1.017,21.357,E-wallet,14.238,6.102,9.9
INV-2025-03602,24-10-2025,17:00,A,New York,Normal,Female,Sports and Travel,73.33,4,14.666,307.986,Credit Card,205.324,87.996,6.9
INV-2025-02124,22-10-2025,17:49,A,New York,Member,Female,Food and Beverages,16.88,7,5.908,124.068,Credit Card,82.712,35.448,7
INV-2025-02095,10-01-2025,18:17,B,Los Angeles,Member,Male,Home and Lifestyle,41.36,4,8.272,173.712,E-wallet,115.808,49.632,7.8
INV-2025-00241,13-01-2025,15:18,B,Los Angeles,Normal,Male,Fashion Accessories,19.21,5,4.8025,100.8525,Credit Card,67.235,28.815,8.7
INV-2025-02352,30-07-2025,14:38,A,New York,Member,Male,Sports and Travel,33.13,3,4.9695,104.3595,Cash,69.573,29.817,6.4
INV-2025-01371,17-10-2025,14:59,B,Los Angeles,Normal,Female,Food and Beverages,4.71,9,2.1195,44.5095,Credit Card,29.673,12.717,9.4
INV-2025-01058,14-08-2025,13:12,C,Chicago,Member,Male,Home and Lifestyle,37.02,6,11.106,233.226,Cash,155.484,66.636,5.9
INV-2025-04817,06-02-2025,17:41,B,Los Angeles,Normal,Female,Home and Lifestyle,31.98,8,12.792,268.632,E-wallet,179.088,76.752,4.1
INV-2025-00200,27-11-2025,21:23,C,Chicago,Member,Female,Sports and Travel,29.81,9,13.4145,281.7045,Cash,187.803,80.487,9.2
INV-2025-02281,20-11-2025,16:34,A,New York,Member,Female,Home and Lifestyle,71.85,10,35.925,754.425,Cash,502.95,215.55,4.4
INV-2025-04750,17-02-2025,20:27,B,Los Angeles,Member,Female,Health and Beauty,18.59,9,8.3655,175.6755,Cash,117.117,50.193,No Rating Given
INV-2025-02221,20-01-2025,17:50,C,Chicago,Normal,Male,Sports and Travel,41.21,7,14.4235,302.8935,Credit Card,201.929,86.541,8.6
INV-2025-04772,31-10-2025,12:17,B,Los Angeles,Normal,Female,Fashion Accessories,48.6,3,7.29,153.09,Credit Card,102.06,43.74,6.8
INV-2025-02820,17-11-2025,15:08,C,Chicago,Normal,Male,Health and Beauty,43.63,9,19.6335,412.3035,Credit Card,274.869,117.801,7.9
INV-2025-03151,23-11-2025,11:01,C,Chicago,Member,Female,Electronic Accessories,66.04,1,3.302,69.342,Credit Card,46.228,19.812,5.6
INV-2025-04257,17-05-2025,13:11,B,Los Angeles,Normal,Female,Fashion Accessories,14.05,2,1.405,29.505,E-wallet,19.67,8.43,8.9
INV-2025-03108,22-04-2025,18:23,B,Los Angeles,Member,Female,Home and Lifestyle,80.68,7,28.238,592.998,Cash,395.332,169.428,8.2
INV-2025-01974,02-06-2025,19:11,A,New York,Member,Male,Electronic Accessories,50.63,2,5.063,106.323,Credit Card,70.882,30.378,7.7
INV-2025-01376,31-08-2025,09:27,B,Los Angeles,Member,Male,Health and Beauty,23.14,6,6.942,145.782,Credit Card,97.188,41.652,7
INV-2025-03969,21-04-2025,15:58,A,New York,Normal,Female,Home and Lifestyle,43.56,6,13.068,274.428,Credit Card,182.952,78.408,7.9
INV-2025-04063,26-12-2025,12:33,A,New York,Normal,Female,Fashion Accessories,69.93,4,13.986,293.706,Credit Card,195.804,83.916,4.8
INV-2025-04446,12-02-2025,12:59,A,New York,Normal,Male,Home and Lifestyle,62.1,1,3.105,65.205,Credit Card,43.47,18.63,6.9
INV-2025-03558,08-12-2025,09:14,C,Chicago,Normal,Female,Food and Beverages,16.26,8,6.504,136.584,Credit Card,91.056,39.024,4.7
INV-2025-00965,31-05-2025,15:51,B,Los Angeles,Member,Female,Electronic Accessories,36.26,4,7.252,152.292,Credit Card,101.528,43.512,9.3
INV-2025-00180,15-04-2025,14:49,B,Los Angeles,Member,Male,Fashion Accessories,18.98,4,3.796,79.716,Credit Card,53.144,22.776,No Rating Given
INV-2025-03699,30-07-2025,19:48,A,New York,Normal,Female,Electronic Accessories,63.4,10,31.7,665.7,E-wallet,443.8,190.2,8.1
INV-2025-03822,30-09-2025,17:47,B,Los Angeles,Member,Female,Home and Lifestyle,57,3,8.55,179.55,Cash,119.7,51.3,6.9
INV-2025-04879,29-03-2025,11:42,A,New York,Normal,Female,Health and Beauty,19.96,1,0.998,20.958,E-wallet,13.972,5.988,8.4
INV-2025-03900,11-09-2025,13:16,A,New York,Normal,Male,Health and Beauty,57.33,5,14.3325,300.9825,Credit Card,200.655,85.995,5.9
INV-2025-04488,03-05-2025,17:47,B,Los Angeles,Normal,Female,Sports and Travel,78.89,4,15.778,331.338,E-wallet,220.892,94.668,4.1
INV-2025-03239,23-10-2025,19:57,A,New York,Member,Female,Electronic Accessories,53.32,8,21.328,447.888,Cash,298.592,127.968,7.9
INV-2025-02975,17-02-2025,13:54,A,New York,Member,Male,Food and Beverages,14.54,9,6.543,137.403,Credit Card,91.602,39.258,7.5
INV-2025-03581,07-03-2025,13:33,A,New York,Member,Female,Electronic Accessories,78.59,6,23.577,495.117,Cash,330.078,141.462,8.3
INV-2025-02888,22-12-2025,18:15,B,Los Angeles,Member,Male,Sports and Travel,78.39,10,39.195,823.095,Cash,548.73,235.17,9.7
INV-2025-02576,11-10-2025,20:38,B,Los Angeles,Member,Female,Home and Lifestyle,62.93,5,15.7325,330.3825,Credit Card,220.255,94.395,9.6
INV-2025-01420,09-02-2025,17:22,C,Chicago,Normal,Male,Sports and Travel,29.07,6,8.721,183.141,Cash,122.094,52.326,9.5
INV-2025-03908,23-12-2025,14:41,A,New York,Normal,Male,Food and Beverages,2.49,6,0.747,15.687,Cash,10.458,4.482,6.1
INV-2025-04674,26-04-2025,10:28,C,Chicago,Normal,Male,Sports and Travel,38.81,4,7.762,163.002,E-wallet,108.668,46.572,5.6
INV-2025-04903,23-04-2025,16:50,A,New York,Member,Female,Health and Beauty,21.42,2,2.142,44.982,Cash,29.988,12.852,8.5
INV-2025-01861,30-03-2025,20:47,B,Los Angeles,Normal,Female,Electronic Accessories,34.97,4,6.994,146.874,Cash,97.916,41.964,9.5
INV-2025-00009,18-10-2025,19:20,A,New York,Member,Female,Electronic Accessories,37.51,4,7.502,157.542,Credit Card,105.028,45.012,7.2
INV-2025-02895,14-11-2025,16:31,C,Chicago,Member,Female,Electronic Accessories,90.71,3,13.6065,285.7365,Cash,190.491,81.639,5.2
INV-2025-02848,07-11-2025,11:26,C,Chicago,Member,Female,Sports and Travel,61.73,9,27.7785,583.3485,Credit Card,388.899,166.671,8.1
INV-2025-03665,20-05-2025,20:32,C,Chicago,Normal,Female,Food and Beverages,2.64,6,0.792,16.632,Unknown,11.088,4.752,4.8
INV-2025-00145,13-09-2025,17:01,B,Los Angeles,Normal,Male,Home and Lifestyle,50.05,10,25.025,525.525,Credit Card,350.35,150.15,No Rating Given
INV-2025-02105,01-07-2025,08:36,A,New York,Member,Male,Home and Lifestyle,49.66,8,19.864,417.144,E-wallet,278.096,119.184,8
INV-2025-03144,13-11-2025,12:49,C,Chicago,Member,Male,Health and Beauty,44.06,5,11.015,231.315,Credit Card,154.21,66.09,4.6
INV-2025-00842,07-12-2025,19:52,C,Chicago,Normal,Female,Food and Beverages,24.78,2,2.478,52.038,Cash,34.692,14.868,9.1
INV-2025-01129,25-07-2025,13:59,C,Chicago,Normal,Male,Sports and Travel,50.55,5,12.6375,265.3875,E-wallet,176.925,75.825,6.4
INV-2025-00152,12-02-2025,18:05,B,Los Angeles,Normal,Male,Food and Beverages,8.76,2,0.876,18.396,Cash,12.264,5.256,No Rating Given
INV-2025-03592,06-05-2025,14:05,B,Los Angeles,Member,Female,Home and Lifestyle,29.64,3,4.446,93.366,E-wallet,62.244,26.676,8.2
INV-2025-01053,17-09-2025,14:32,A,New York,Member,Female,Fashion Accessories,37.04,7,12.964,272.244,E-wallet,181.496,77.784,4.9
INV-2025-01591,25-09-2025,19:21,B,Los Angeles,Member,Male,Health and Beauty,51.93,4,10.386,218.106,Credit Card,145.404,62.316,4.5
INV-2025-03009,07-01-2025,11:59,C,Chicago,Normal,Male,Fashion Accessories,74.53,4,14.906,313.026,Cash,208.684,89.436,6.8
INV-2025-02030,19-11-2025,18:56,C,Chicago,Normal,Female,Fashion Accessories,56.49,1,2.8245,59.3145,Credit Card,39.543,16.947,5.6
INV-2025-03419,02-07-2025,11:25,A,New York,Member,Male,Sports and Travel,61.52,5,15.38,322.98,Credit Card,215.32,92.28,8.2
INV-2025-01808,07-03-2025,10:11,A,New York,Normal,Male,Health and Beauty,31.27,10,15.635,328.335,Credit Card,218.89,93.81,9.8
INV-2025-02697,30-08-2025,18:02,A,New York,Member,Female,Fashion Accessories,63.87,8,25.548,536.508,Credit Card,357.672,153.288,8.5
INV-2025-03040,11-04-2025,18:40,B,Los Angeles,Normal,Male,Food and Beverages,8.46,7,2.961,62.181,Credit Card,41.454,17.766,9.8
INV-2025-00473,18-01-2025,21:38,A,New York,Member,Female,Health and Beauty,25.02,4,5.004,105.084,Cash,70.056,30.024,5.9
INV-2025-03290,02-08-2025,13:17,B,Los Angeles,Normal,Female,Electronic Accessories,82.65,2,8.265,173.565,Credit Card,115.71,49.59,4.2
INV-2025-04075,27-01-2025,16:19,A,New York,Normal,Male,Fashion Accessories,29.85,10,14.925,313.425,Cash,208.95,89.55,4.9
INV-2025-03497,03-12-2025,15:36,A,New York,Member,Female,Home and Lifestyle,68.91,8,27.564,578.844,E-wallet,385.896,165.384,6.4
INV-2025-00280,13-06-2025,13:04,B,Los Angeles,Member,Male,Electronic Accessories,33.97,9,15.2865,321.0165,E-wallet,214.011,91.719,9.7
INV-2025-01742,07-10-2025,14:47,B,Los Angeles,Member,Male,Fashion Accessories,74.77,5,18.6925,392.5425,E-wallet,261.695,112.155,7
INV-2025-04625,13-01-2025,12:03,A,New York,Member,Female,Food and Beverages,11.33,8,4.532,95.172,Cash,63.448,27.192,6
INV-2025-02887,27-11-2025,11:26,C,Chicago,Member,Male,Home and Lifestyle,67.49,7,23.6215,496.0515,Cash,330.701,141.729,7.1
INV-2025-01942,06-12-2025,19:53,A,New York,Member,Male,Fashion Accessories,49.55,8,19.82,416.22,E-wallet,277.48,118.92,6.8
INV-2025-00101,20-01-2025,13:31,A,New York,Member,Male,Sports and Travel,52.22,9,23.499,493.479,Credit Card,328.986,140.994,8.5
INV-2025-02805,24-02-2025,16:48,B,Los Angeles,Member,Male,Home and Lifestyle,63.13,3,9.4695,198.8595,E-wallet,132.573,56.817,5.6
INV-2025-03571,09-05-2025,14:00,A,New York,Normal,Female,Health and Beauty,44.78,2,4.478,94.038,E-wallet,62.692,26.868,4.4
INV-2025-03685,09-09-2025,18:39,B,Los Angeles,Member,Female,Fashion Accessories,20.7,10,10.35,217.35,E-wallet,144.9,62.1,7.5
INV-2025-03662,28-04-2025,15:18,A,New York,Normal,Male,Sports and Travel,63.54,6,19.062,400.302,Cash,266.868,114.372,7.6
INV-2025-00531,10-12-2025,19:05,C,Chicago,Normal,Female,Food and Beverages,5.03,8,2.012,42.252,Cash,28.168,12.072,5.9
INV-2025-01887,17-06-2025,19:24,B,Los Angeles,Member,Female,Fashion Accessories,30.2,2,3.02,63.42,Credit Card,42.28,18.12,8.3
INV-2025-00682,14-01-2025,13:43,A,New York,Member,Male,Home and Lifestyle,30.76,2,3.076,64.596,Credit Card,43.064,18.456,8.2
INV-2025-03795,11-11-2025,14:33,B,Los Angeles,Member,Female,Food and Beverages,19.19,6,5.757,120.897,E-wallet,80.598,34.542,9.2
INV-2025-03945,25-01-2025,11:25,B,Los Angeles,Normal,Male,Health and Beauty,56.24,1,2.812,59.052,Cash,39.368,16.872,9.3
INV-2025-04667,29-11-2025,19:22,B,Los Angeles,Normal,Male,Food and Beverages,10.72,7,3.752,78.792,Credit Card,52.528,22.512,6.4
INV-2025-02019,19-09-2025,13:36,B,Los Angeles,Member,Male,Electronic Accessories,35,5,8.75,183.75,E-wallet,122.5,52.5,5.8
INV-2025-01097,24-09-2025,18:10,A,New York,Normal,Male,Health and Beauty,54.28,8,21.712,455.952,Cash,303.968,130.272,8.8
INV-2025-00830,13-03-2025,09:07,C,Chicago,Member,Male,Home and Lifestyle,51.63,8,20.652,433.692,Credit Card,289.128,123.912,8
INV-2025-02806,31-05-2025,10:51,B,Los Angeles,Normal,Female,Sports and Travel,41.76,4,8.352,175.392,Cash,116.928,50.112,8
INV-2025-03830,19-09-2025,20:06,B,Los Angeles,Member,Male,Electronic Accessories,44.71,5,11.1775,234.7275,E-wallet,156.485,67.065,8
INV-2025-04382,20-06-2025,16:54,A,New York,Normal,Female,Electronic Accessories,62.55,9,28.1475,591.0975,Credit Card,394.065,168.885,7.9
INV-2025-03892,15-02-2025,15:24,A,New York,Normal,Male,Health and Beauty,15.18,3,2.277,47.817,Credit Card,31.878,13.662,7.2
INV-2025-00765,29-05-2025,14:40,B,Los Angeles,Normal,Male,Health and Beauty,19.96,5,4.99,104.79,Cash,69.86,29.94,9.3
INV-2025-02768,29-05-2025,14:40,A,New York,Member,Female,Home and Lifestyle,21.24,9,9.558,200.718,Cash,133.812,57.348,8.3
INV-2025-04329,01-06-2025,10:47,B,Los Angeles,Member,Female,Electronic Accessories,95.7,9,43.065,904.365,Credit Card,602.91,258.39,8.8
INV-2025-03296,25-12-2025,19:55,B,Los Angeles,Normal,Male,Health and Beauty,32.44,6,9.732,204.372,Cash,136.248,58.392,5.8
INV-2025-02195,24-08-2025,18:36,B,Los Angeles,Normal,Male,Health and Beauty,38.72,3,5.808,121.968,E-wallet,81.312,34.848,4.2
INV-2025-02358,21-01-2025,17:29,B,Los Angeles,Member,Male,Health and Beauty,11.19,5,2.7975,58.7475,Cash,39.165,16.785,5.7
INV-2025-03426,03-01-2025,11:59,C,Chicago,Member,Male,Food and Beverages,19.46,10,9.73,204.33,Credit Card,136.22,58.38,8.3
INV-2025-03980,03-06-2025,12:53,C,Chicago,Normal,Male,Home and Lifestyle,63.65,2,6.365,133.665,Credit Card,89.11,38.19,4.5
INV-2025-00912,02-09-2025,19:07,B,Los Angeles,Normal,Female,Electronic Accessories,22.69,3,3.4035,71.4735,Cash,47.649,20.421,6.3
INV-2025-03146,18-09-2025,16:34,C,Chicago,Normal,Female,Health and Beauty,11.75,9,5.2875,111.0375,Credit Card,74.025,31.725,7.6
INV-2025-01000,05-06-2025,15:04,C,Chicago,Member,Male,Electronic Accessories,39.06,10,19.53,410.13,Cash,273.42,117.18,6.9
INV-2025-03654,08-01-2025,15:51,A,New York,Normal,Female,Electronic Accessories,67.41,6,20.223,424.683,Cash,283.122,121.338,5.5
INV-2025-02484,13-03-2025,19:42,A,New York,Member,Female,Fashion Accessories,56.92,3,8.538,179.298,E-wallet,119.532,51.228,5.5
INV-2025-04077,22-11-2025,19:37,C,Chicago,Member,Male,Food and Beverages,22.86,2,2.286,48.006,Cash,32.004,13.716,7.6
INV-2025-02371,23-06-2025,13:18,C,Chicago,Normal,Male,Sports and Travel,35.45,8,14.18,297.78,Credit Card,198.52,85.08,6.3
INV-2025-04839,27-03-2025,12:47,B,Los Angeles,Member,Male,Food and Beverages,3.42,5,0.855,17.955,Unknown,11.97,5.13,5.4
INV-2025-00034,14-10-2025,19:26,C,Chicago,Normal,Male,Electronic Accessories,97.98,3,14.697,308.637,E-wallet,205.758,88.182,4.1
INV-2025-03790,03-09-2025,16:55,A,New York,Normal,Female,Electronic Accessories,57.67,10,28.835,605.535,E-wallet,403.69,173.01,6.1
INV-2025-01021,15-06-2025,18:49,C,Chicago,Normal,Male,Health and Beauty,54.99,3,8.2485,173.2185,Credit Card,115.479,49.491,6.3
INV-2025-01648,30-06-2025,16:33,A,New York,Member,Female,Health and Beauty,11.6,5,2.9,60.9,Credit Card,40.6,17.4,6.6
INV-2025-00734,03-04-2025,09:03,A,New York,Unknown,Male,Sports and Travel,78.58,5,19.645,412.545,Credit Card,275.03,117.87,No Rating Given
INV-2025-04583,03-12-2025,11:54,C,Chicago,Normal,Male,Fashion Accessories,26.3,2,2.63,55.23,Cash,36.82,15.78,8.4
INV-2025-03275,26-11-2025,11:53,B,Los Angeles,Normal,Male,Sports and Travel,36.24,6,10.872,228.312,E-wallet,152.208,65.232,5.7
INV-2025-01621,01-02-2025,19:59,C,Chicago,Normal,Male,Electronic Accessories,16.47,5,4.1175,86.4675,Cash,57.645,24.705,6.3
INV-2025-03136,12-10-2025,09:35,B,Los Angeles,Normal,Male,Sports and Travel,72.2,3,10.83,227.43,Cash,151.62,64.98,7.6
INV-2025-02690,22-04-2025,18:45,A,New York,Member,Male,Fashion Accessories,15.3,1,0.765,16.065,E-wallet,10.71,4.59,8.6
INV-2025-02708,05-12-2025,19:26,B,Los Angeles,Normal,Male,Home and Lifestyle,34.12,4,6.824,143.304,Cash,95.536,40.944,9.6
INV-2025-00298,29-01-2025,18:14,B,Los Angeles,Normal,Female,Home and Lifestyle,85.46,3,12.819,269.199,Cash,179.466,76.914,7.6
INV-2025-02340,29-05-2025,11:08,C,Chicago,Member,Female,Home and Lifestyle,29.57,8,11.828,248.388,E-wallet,165.592,70.968,4.5
INV-2025-00654,19-01-2025,12:17,A,New York,Member,Female,Fashion Accessories,45.8,1,2.29,48.09,E-wallet,32.06,13.74,No Rating Given
INV-2025-03775,23-03-2025,15:40,C,Chicago,Normal,Female,Food and Beverages,19.23,7,6.7305,141.3405,Credit Card,94.227,40.383,6.8
INV-2025-01256,09-11-2025,10:48,B,Los Angeles,Member,Male,Food and Beverages,3.46,7,1.211,25.431,Credit Card,16.954,7.266,8.4
INV-2025-04521,09-09-2025,18:45,A,New York,Normal,Male,Sports and Travel,73.17,5,18.2925,384.1425,Cash,256.095,109.755,9.1
INV-2025-00231,05-05-2025,16:10,B,Los Angeles,Member,Female,Home and Lifestyle,38.79,3,5.8185,122.1885,Cash,81.459,34.911,6.6
INV-2025-03277,15-03-2025,17:36,A,New York,Member,Male,Sports and Travel,39.77,5,9.9425,208.7925,Cash,139.195,59.655,6.3
INV-2025-03231,02-07-2025,20:54,C,Chicago,Normal,Female,Food and Beverages,13.21,7,4.6235,97.0935,Credit Card,64.729,27.741,5.9
INV-2025-00692,25-08-2025,12:11,C,Chicago,Member,Female,Fashion Accessories,29.35,10,14.675,308.175,Credit Card,205.45,88.05,8.5
INV-2025-02755,28-11-2025,19:43,A,New York,Member,Female,Health and Beauty,13.93,10,6.965,146.265,Cash,97.51,41.79,8.9
INV-2025-04864,27-02-2025,13:37,B,Los Angeles,Member,Female,Sports and Travel,56.6,5,14.15,297.15,Credit Card,198.1,84.9,7.4
INV-2025-00970,05-01-2025,13:00,C,Chicago,Member,Female,Electronic Accessories,62.74,7,21.959,461.139,Cash,307.426,131.754,5.3
INV-2025-00634,26-07-2025,11:53,B,Los Angeles,Member,Female,Fashion Accessories,71.31,6,21.393,449.253,Credit Card,299.502,128.358,7.6
INV-2025-04093,30-03-2025,17:10,B,Los Angeles,Member,Female,Fashion Accessories,26.88,2,2.688,56.448,Cash,37.632,16.128,4.8
INV-2025-04078,09-08-2025,14:53,B,Los Angeles,Normal,Female,Home and Lifestyle,85.99,4,17.198,361.158,Cash,240.772,103.188,4.6
INV-2025-01322,07-11-2025,18:27,B,Los Angeles,Normal,Female,Fashion Accessories,13.88,2,1.388,29.148,Cash,19.432,8.328,5.9
INV-2025-01832,08-06-2025,12:32,B,Los Angeles,Normal,Female,Electronic Accessories,34.82,3,5.223,109.683,Cash,73.122,31.338,4.7
INV-2025-02179,24-03-2025,18:47,C,Chicago,Member,Female,Food and Beverages,14.76,5,3.69,77.49,Credit Card,51.66,22.14,8.2
INV-2025-01418,27-04-2025,20:16,B,Los Angeles,Member,Female,Home and Lifestyle,81.77,8,32.708,686.868,Cash,457.912,196.248,9.8
INV-2025-01783,05-10-2025,19:04,B,Los Angeles,Member,Male,Food and Beverages,3.87,4,0.774,16.254,E-wallet,10.836,4.644,6.5
INV-2025-04716,26-12-2025,14:19,C,Chicago,Normal,Male,Food and Beverages,18.15,10,9.075,190.575,Cash,127.05,54.45,5.4
INV-2025-04702,16-10-2025,11:03,B,Los Angeles,Normal,Male,Fashion Accessories,23.69,1,1.1845,24.8745,Cash,16.583,7.107,7.5
INV-2025-04119,02-03-2025,19:12,A,New York,Member,Female,Electronic Accessories,99.76,8,39.904,837.984,Credit Card,558.656,239.424,4.6
INV-2025-01653,17-12-2025,11:26,B,Los Angeles,Normal,Female,Health and Beauty,30.54,7,10.689,224.469,E-wallet,149.646,64.134,4.9
INV-2025-01484,04-12-2025,15:19,C,Chicago,Member,Male,Electronic Accessories,91.4,5,22.85,479.85,E-wallet,319.9,137.1,8.5
INV-2025-02276,03-02-2025,14:08,B,Los Angeles,Member,Female,Food and Beverages,17.22,2,1.722,36.162,Credit Card,24.108,10.332,9.7
INV-2025-00878,13-08-2025,11:22,C,Chicago,Member,Male,Health and Beauty,19.48,1,0.974,20.454,Cash,13.636,5.844,6.5
INV-2025-03526,23-05-2025,19:08,A,New York,Member,Female,Electronic Accessories,86.59,3,12.9885,272.7585,Cash,181.839,77.931,9.1
INV-2025-02017,22-05-2025,21:59,B,Los Angeles,Member,Female,Food and Beverages,12.17,5,3.0425,63.8925,E-wallet,42.595,18.255,5.8
INV-2025-00427,11-12-2025,18:21,A,New York,Normal,Female,Home and Lifestyle,44.75,10,22.375,469.875,Cash,313.25,134.25,9.7
INV-2025-00627,16-09-2025,16:06,C,Chicago,Normal,Male,Fashion Accessories,22.45,5,5.6125,117.8625,Cash,78.575,33.675,8.5
INV-2025-01590,14-05-2025,12:12,A,New York,Normal,Male,Health and Beauty,55.69,10,27.845,584.745,Credit Card,389.83,167.07,4.3
INV-2025-02224,11-06-2025,17:41,B,Los Angeles,Member,Male,Food and Beverages,18.08,10,9.04,189.84,Credit Card,126.56,54.24,8.5
INV-2025-02218,17-11-2025,18:09,C,Chicago,Member,Female,Sports and Travel,38.1,2,3.81,80.01,Credit Card,53.34,22.86,8.4
INV-2025-04484,20-12-2025,20:16,C,Chicago,Member,Male,Fashion Accessories,33.3,4,6.66,139.86,Cash,93.24,39.96,8.6
INV-2025-01486,17-06-2025,18:49,B,Los Angeles,Normal,Male,Sports and Travel,36.61,2,3.661,76.881,Credit Card,51.254,21.966,8.3
INV-2025-01740,06-02-2025,09:21,A,New York,Member,Female,Electronic Accessories,73.19,2,7.319,153.699,Credit Card,102.466,43.914,5.8
INV-2025-02481,13-12-2025,13:18,A,New York,Member,Female,Health and Beauty,49.91,2,4.991,104.811,Credit Card,69.874,29.946,5.9
INV-2025-02585,24-07-2025,19:05,A,New York,Member,Female,Food and Beverages,6.95,8,2.78,58.38,E-wallet,38.92,16.68,5.7
INV-2025-02894,14-10-2025,11:09,B,Los Angeles,Normal,Female,Fashion Accessories,28.18,8,11.272,236.712,E-wallet,157.808,67.632,5.9
INV-2025-00150,31-08-2025,12:48,B,Los Angeles,Member,Male,Fashion Accessories,31.58,2,3.158,66.318,E-wallet,44.212,18.948,6.6
INV-2025-00677,25-05-2025,20:16,B,Los Angeles,Normal,Female,Food and Beverages,9.2,3,1.38,28.98,Credit Card,19.32,8.28,10
INV-2025-01262,30-03-2025,12:39,B,Los Angeles,Member,Female,Health and Beauty,53.6,3,8.04,168.84,Credit Card,112.56,48.24,7.4
INV-2025-04918,12-08-2025,10:45,C,Chicago,Normal,Female,Fashion Accessories,14.59,1,0.7295,15.3195,Unknown,10.213,4.377,8.7
INV-2025-00013,15-05-2025,21:48,A,New York,Normal,Female,Fashion Accessories,43,4,8.6,180.6,Cash,120.4,51.6,8.6
INV-2025-01834,26-05-2025,15:45,A,New York,Member,Female,Sports and Travel,43.37,9,19.5165,409.8465,Credit Card,273.231,117.099,6.6
INV-2025-03249,03-02-2025,11:27,B,Los Angeles,Normal,Male,Health and Beauty,59.49,4,11.898,249.858,Credit Card,166.572,71.388,4
INV-2025-01492,09-05-2025,19:34,C,Chicago,Normal,Male,Health and Beauty,33.8,5,8.45,177.45,Credit Card,118.3,50.7,7.9
INV-2025-02728,08-03-2025,10:54,B,Los Angeles,Member,Female,Electronic Accessories,35.25,3,5.2875,111.0375,E-wallet,74.025,31.725,6.7
INV-2025-03687,27-04-2025,10:50,A,New York,Member,Female,Electronic Accessories,25.54,6,7.662,160.902,Credit Card,107.268,45.972,6.4
INV-2025-01425,10-03-2025,12:36,A,New York,Normal,Male,Sports and Travel,57.82,5,14.455,303.555,E-wallet,202.37,86.73,No Rating Given
INV-2025-04606,10-06-2025,10:49,B,Los Angeles,Member,Male,Health and Beauty,13.3,8,5.32,111.72,E-wallet,74.48,31.92,9.8
INV-2025-04596,08-07-2025,12:27,A,New York,Normal,Male,Electronic Accessories,23.16,4,4.632,97.272,Cash,64.848,27.792,5.8
INV-2025-00732,09-09-2025,19:01,A,New York,Member,Male,Food and Beverages,9.3,5,2.325,48.825,Cash,32.55,13.95,9.9
INV-2025-01232,18-11-2025,17:14,B,Los Angeles,Member,Male,Food and Beverages,19.09,8,7.636,160.356,Cash,106.904,45.816,9.3
INV-2025-01635,14-01-2025,11:30,C,Chicago,Member,Female,Food and Beverages,5.72,4,1.144,24.024,Credit Card,16.016,6.864,5.7
INV-2025-03937,03-10-2025,16:56,A,New York,Member,Female,Food and Beverages,4.98,8,1.992,41.832,Cash,27.888,11.952,4.6
INV-2025-01211,21-03-2025,11:30,C,Chicago,Member,Male,Fashion Accessories,52.96,6,15.888,333.648,Credit Card,222.432,95.328,8.9
INV-2025-03269,02-08-2025,12:39,A,New York,Member,Male,Sports and Travel,57.15,8,22.86,480.06,E-wallet,320.04,137.16,8.8
INV-2025-01935,07-04-2025,13:55,B,Los Angeles,Member,Female,Sports and Travel,69.54,3,10.431,219.051,Credit Card,146.034,62.586,6.4
INV-2025-00554,13-02-2025,21:38,C,Chicago,Member,Female,Sports and Travel,71.22,4,14.244,299.124,Credit Card,199.416,85.464,8.4
INV-2025-00492,03-12-2025,11:46,B,Los Angeles,Normal,Male,Sports and Travel,39.42,3,5.913,124.173,Credit Card,82.782,35.478,5.9
INV-2025-02963,15-08-2025,11:32,B,Los Angeles,Normal,Female,Health and Beauty,37.96,10,18.98,398.58,Credit Card,265.72,113.88,5
INV-2025-02330,29-06-2025,19:36,A,New York,Member,Male,Food and Beverages,15.84,10,7.92,166.32,Cash,110.88,47.52,8.5
INV-2025-02196,16-11-2025,18:27,A,New York,Normal,Female,Home and Lifestyle,84.21,8,33.684,707.364,E-wallet,471.576,202.104,8
INV-2025-03065,19-07-2025,13:51,B,Los Angeles,Normal,Female,Electronic Accessories,40.34,4,8.068,169.428,Credit Card,112.952,48.408,7.2
INV-2025-00658,14-08-2025,14:55,B,Los Angeles,Member,Female,Fashion Accessories,71.67,6,21.501,451.521,Credit Card,301.014,129.006,6.8
INV-2025-02375,13-03-2025,19:01,A,New York,Member,Male,Health and Beauty,27.96,4,5.592,117.432,Credit Card,78.288,33.552,9.4
INV-2025-02226,14-11-2025,20:52,A,New York,Normal,Male,Electronic Accessories,85,7,29.75,624.75,Cash,416.5,178.5,4.8
INV-2025-04265,25-09-2025,18:48,C,Chicago,Member,Male,Food and Beverages,11.31,1,0.5655,11.8755,Credit Card,7.917,3.393,9.6
INV-2025-01171,07-06-2025,20:10,B,Los Angeles,Member,Female,Fashion Accessories,29.17,3,4.3755,91.8855,Cash,61.257,26.253,5.8
INV-2025-00133,03-12-2025,21:38,C,Chicago,Member,Male,Home and Lifestyle,41.72,7,14.602,306.642,Cash,204.428,87.612,8.3
INV-2025-00472,04-05-2025,16:13,B,Los Angeles,Normal,Female,Home and Lifestyle,87.32,8,34.928,733.488,E-wallet,488.992,209.568,4
INV-2025-03226,09-02-2025,08:48,A,New York,Normal,Male,Health and Beauty,30.07,10,15.035,315.735,Credit Card,210.49,90.21,6
INV-2025-01406,14-05-2025,15:10,A,New York,Normal,Male,Health and Beauty,58.96,6,17.688,371.448,Cash,247.632,106.128,5.4
INV-2025-02877,18-07-2025,16:09,A,New York,Normal,Female,Home and Lifestyle,20.96,4,4.192,88.032,Credit Card,58.688,25.152,7.5
INV-2025-04505,20-01-2025,12:24,A,New York,Normal,Female,Sports and Travel,46.34,6,13.902,291.942,Credit Card,194.628,83.412,9.4
INV-2025-04693,15-09-2025,15:04,B,Los Angeles,Member,Female,Home and Lifestyle,80.29,6,24.087,505.827,Credit Card,337.218,144.522,6
INV-2025-02827,08-12-2025,10:36,C,Chicago,Unknown,Female,Electronic Accessories,82.01,9,36.9045,774.9945,Cash,516.663,221.427,9.3
INV-2025-00288,02-10-2025,13:49,A,New York,Member,Female,Health and Beauty,14.52,5,3.63,76.23,E-wallet,50.82,21.78,8.2
INV-2025-01870,19-11-2025,20:38,A,New York,Member,Female,Fashion Accessories,33.07,10,16.535,347.235,Credit Card,231.49,99.21,9.3
INV-2025-03115,23-04-2025,08:52,A,New York,Normal,Male,Home and Lifestyle,84.54,6,25.362,532.602,Cash,355.068,152.172,8.7
INV-2025-03626,22-02-2025,19:20,C,Chicago,Member,Male,Electronic Accessories,61.19,6,18.357,385.497,Cash,256.998,110.142,6.8
INV-2025-02313,23-11-2025,17:11,B,Los Angeles,Normal,Female,Sports and Travel,75.09,2,7.509,157.689,Credit Card,105.126,45.054,5.1
INV-2025-04924,13-12-2025,14:13,B,Los Angeles,Member,Male,Sports and Travel,68.37,4,13.674,287.154,Cash,191.436,82.044,5.8
INV-2025-01619,28-01-2025,16:11,A,New York,Member,Female,Food and Beverages,20.65,8,8.26,173.46,Credit Card,115.64,49.56,No Rating Given
INV-2025-00995,02-11-2025,15:17,B,Los Angeles,Normal,Male,Electronic Accessories,98.18,4,19.636,412.356,Credit Card,274.904,117.816,No Rating Given
INV-2025-01804,14-12-2025,15:07,B,Los Angeles,Normal,Male,Fashion Accessories,70.69,1,3.5345,74.2245,Credit Card,49.483,21.207,6.5
INV-2025-02643,20-09-2025,13:47,B,Los Angeles,Member,Male,Sports and Travel,74.81,2,7.481,157.101,Credit Card,104.734,44.886,9.4
INV-2025-04803,09-07-2025,13:38,C,Chicago,Member,Female,Home and Lifestyle,35.77,5,8.9425,187.7925,Cash,125.195,53.655,9.6
INV-2025-03536,30-10-2025,13:52,B,Los Angeles,Normal,Female,Home and Lifestyle,52.11,4,10.422,218.862,Credit Card,145.908,62.532,9.2
INV-2025-04832,12-05-2025,19:58,C,Chicago,Normal,Female,Food and Beverages,16.52,2,1.652,34.692,Credit Card,23.128,9.912,4.9
INV-2025-03912,15-02-2025,18:09,C,Chicago,Normal,Female,Food and Beverages,9.64,3,1.446,30.366,E-wallet,20.244,8.676,4.9
INV-2025-02108,04-12-2025,20:33,B,Los Angeles,Normal,Male,Sports and Travel,76.52,4,15.304,321.384,E-wallet,214.256,91.824,7.6
INV-2025-03045,19-08-2025,12:38,B,Los Angeles,Member,Male,Home and Lifestyle,70.81,3,10.6215,223.0515,Credit Card,148.701,63.729,7.3
INV-2025-00417,25-12-2025,20:06,A,New York,Member,Female,Food and Beverages,16.12,1,0.806,16.926,Cash,11.284,4.836,9.8
INV-2025-00978,08-02-2025,12:44,B,Los Angeles,Normal,Female,Fashion Accessories,21.07,3,3.1605,66.3705,Credit Card,44.247,18.963,4.7
INV-2025-02418,17-04-2025,14:16,B,Los Angeles,Member,Female,Sports and Travel,44.63,3,6.6945,140.5845,Credit Card,93.723,40.167,5.5
INV-2025-00506,17-10-2025,19:55,A,New York,Normal,Male,Fashion Accessories,13.34,5,3.335,70.035,Credit Card,46.69,20.01,8.6
INV-2025-04153,08-07-2025,19:15,A,New York,Normal,Female,Home and Lifestyle,20.97,4,4.194,88.074,Credit Card,58.716,25.164,5.5
INV-2025-04256,20-09-2025,20:12,B,Los Angeles,Member,Male,Electronic Accessories,79.48,7,27.818,584.178,Cash,389.452,166.908,4.8
INV-2025-03942,01-08-2025,16:51,C,Chicago,Normal,Female,Home and Lifestyle,50.48,8,20.192,424.032,E-wallet,282.688,121.152,8.5
INV-2025-00415,05-08-2025,16:39,A,New York,Normal,Male,Sports and Travel,58.13,9,26.1585,549.3285,Credit Card,366.219,156.951,6.2
INV-2025-04149,06-01-2025,11:55,C,Chicago,Member,Female,Food and Beverages,21.21,3,3.1815,66.8115,Credit Card,44.541,19.089,8.5
INV-2025-01184,04-04-2025,15:20,C,Chicago,Member,Female,Electronic Accessories,30.2,7,10.57,221.97,Credit Card,147.98,63.42,4.6
INV-2025-00486,13-05-2025,16:39,C,Chicago,Member,Male,Sports and Travel,59.98,9,26.991,566.811,Cash,377.874,161.946,5
INV-2025-00894,18-09-2025,14:49,B,Los Angeles,Normal,Male,Electronic Accessories,15.31,10,7.655,160.755,Cash,107.17,45.93,8.2
INV-2025-00806,05-03-2025,13:47,B,Los Angeles,Member,Male,Health and Beauty,16.88,8,6.752,141.792,Cash,94.528,40.512,4.9
INV-2025-00556,30-09-2025,12:43,C,Chicago,Member,Male,Food and Beverages,22.02,1,1.101,23.121,Cash,15.414,6.606,8.8
INV-2025-03826,09-01-2025,18:28,B,Los Angeles,Member,Male,Health and Beauty,53.58,5,13.395,281.295,Credit Card,187.53,80.37,5.8
INV-2025-01198,16-09-2025,19:20,C,Chicago,Member,Female,Fashion Accessories,14.36,2,1.436,30.156,Credit Card,20.104,8.616,9.8
INV-2025-04254,10-07-2025,14:05,C,Chicago,Member,Female,Electronic Accessories,44.13,8,17.652,370.692,Credit Card,247.128,105.912,7
INV-2025-04059,14-10-2025,18:39,B,Los Angeles,Normal,Female,Home and Lifestyle,83.58,8,33.432,702.072,Credit Card,468.048,200.592,4.3
INV-2025-01294,16-10-2025,18:41,B,Los Angeles,Normal,Male,Electronic Accessories,49.96,8,19.984,419.664,Cash,279.776,119.904,8.4
INV-2025-02222,17-09-2025,12:29,B,Los Angeles,Member,Male,Sports and Travel,74.82,1,3.741,78.561,E-wallet,52.374,22.446,5.5
INV-2025-03505,08-05-2025,16:14,A,New York,Normal,Female,Electronic Accessories,75.36,10,37.68,791.28,Cash,527.52,226.08,8.4
INV-2025-03655,04-12-2025,09:22,B,Los Angeles,Normal,Female,Sports and Travel,51.67,5,12.9175,271.2675,Credit Card,180.845,77.505,5.4
INV-2025-04759,15-08-2025,08:29,C,Chicago,Normal,Male,Sports and Travel,55.19,10,27.595,579.495,Unknown,386.33,165.57,5.5
INV-2025-03007,21-06-2025,19:07,A,New York,Member,Female,Home and Lifestyle,39.96,7,13.986,293.706,Credit Card,195.804,83.916,6
INV-2025-02094,27-09-2025,15:53,C,Chicago,Member,Female,Fashion Accessories,38.42,8,15.368,322.728,Cash,215.152,92.208,8.7
INV-2025-02188,14-12-2025,19:58,B,Los Angeles,Member,Female,Health and Beauty,24.46,2,2.446,51.366,E-wallet,34.244,14.676,7.4
INV-2025-03037,18-03-2025,16:22,B,Los Angeles,Member,Male,Sports and Travel,33.39,4,6.678,140.238,Credit Card,93.492,40.068,5.1
INV-2025-03919,28-12-2025,17:25,A,New York,Normal,Female,Electronic Accessories,54.13,6,16.239,341.019,Credit Card,227.346,97.434,5.3
INV-2025-01273,10-11-2025,09:59,B,Los Angeles,Normal,Male,Home and Lifestyle,20.33,4,4.066,85.386,Credit Card,56.924,24.396,9.5
INV-2025-00291,24-04-2025,11:52,B,Los Angeles,Normal,Male,Food and Beverages,15.48,2,1.548,32.508,Cash,21.672,9.288,4.4
INV-2025-04828,04-01-2025,20:48,A,New York,Normal,Male,Fashion Accessories,35.72,4,7.144,150.024,E-wallet,100.016,42.864,9.7
INV-2025-00253,22-04-2025,21:06,C,Chicago,Normal,Male,Home and Lifestyle,81.24,1,4.062,85.302,Credit Card,56.868,24.372,6.1
INV-2025-03246,18-03-2025,21:21,B,Los Angeles,Normal,Female,Sports and Travel,26.29,8,10.516,220.836,E-wallet,147.224,63.096,9.9
INV-2025-00351,19-09-2025,10:46,A,New York,Member,Male,Sports and Travel,84.32,5,21.08,442.68,Cash,295.12,126.48,4.3
INV-2025-01188,05-06-2025,14:19,A,New York,Member,Female,Sports and Travel,43.48,10,21.74,456.54,Credit Card,304.36,130.44,6.5
INV-2025-01962,25-07-2025,12:48,C,Chicago,Normal,Male,Food and Beverages,6,9,2.7,56.7,Credit Card,37.8,16.2,9.1
INV-2025-00423,21-08-2025,20:36,A,New York,Member,Male,Food and Beverages,3.66,5,0.915,19.215,Credit Card,12.81,5.49,4.7
INV-2025-00091,26-10-2025,11:29,B,Los Angeles,Member,Male,Sports and Travel,79.07,9,35.5815,747.2115,Cash,498.141,213.489,6.7
INV-2025-03730,12-01-2025,15:09,C,Chicago,Normal,Female,Sports and Travel,40.28,3,6.042,126.882,Credit Card,84.588,36.252,No Rating Given
INV-2025-02237,03-07-2025,20:22,A,New York,Normal,Female,Sports and Travel,50.86,1,2.543,53.403,Cash,35.602,15.258,6.3
INV-2025-00671,04-11-2025,12:52,A,New York,Normal,Female,Electronic Accessories,49.72,3,7.458,156.618,Cash,104.412,44.748,9.9
INV-2025-03041,07-03-2025,13:31,C,Chicago,Normal,Male,Home and Lifestyle,52.53,8,21.012,441.252,Cash,294.168,126.072,No Rating Given
INV-2025-00027,10-12-2025,17:29,A,New York,Normal,Male,Health and Beauty,32.91,10,16.455,345.555,E-wallet,230.37,98.73,4.4
INV-2025-00430,10-07-2025,17:31,C,Chicago,Normal,Female,Sports and Travel,35.97,9,16.1865,339.9165,Cash,226.611,97.119,No Rating Given
INV-2025-00684,19-10-2025,11:55,A,New York,Normal,Female,Health and Beauty,47.19,9,21.2355,445.9455,E-wallet,297.297,127.413,6.3
INV-2025-04464,31-07-2025,17:55,A,New York,Member,Male,Sports and Travel,56.45,1,2.8225,59.2725,Credit Card,39.515,16.935,8.4
INV-2025-03946,18-11-2025,10:55,A,New York,Normal,Male,Sports and Travel,62.8,1,3.14,65.94,Credit Card,43.96,18.84,9.1
INV-2025-03524,10-02-2025,12:44,B,Los Angeles,Member,Female,Health and Beauty,52.52,10,26.26,551.46,Credit Card,367.64,157.56,6.3
INV-2025-01542,29-12-2025,10:18,A,New York,Member,Male,Fashion Accessories,74.7,5,18.675,392.175,Credit Card,261.45,112.05,5
INV-2025-02032,24-06-2025,12:33,A,New York,Member,Female,Electronic Accessories,62.44,8,24.976,524.496,Credit Card,349.664,149.856,4
INV-2025-02233,25-11-2025,14:19,B,Los Angeles,Normal,Female,Sports and Travel,26.47,6,7.941,166.761,Credit Card,111.174,47.646,8.1
INV-2025-04121,05-01-2025,21:46,A,New York,Normal,Male,Home and Lifestyle,89.64,2,8.964,188.244,Cash,125.496,53.784,5.1
INV-2025-03236,17-12-2025,13:07,B,Los Angeles,Member,Male,Home and Lifestyle,24.82,2,2.482,52.122,Credit Card,34.748,14.892,5.8
INV-2025-00255,16-04-2025,19:51,A,New York,Member,Female,Food and Beverages,14.39,6,4.317,90.657,E-wallet,60.438,25.902,5.8
INV-2025-01030,04-08-2025,12:21,C,Chicago,Member,Male,Food and Beverages,20.79,6,6.237,130.977,E-wallet,87.318,37.422,8
INV-2025-04393,07-01-2025,08:21,B,Los Angeles,Normal,Male,Electronic Accessories,47.32,3,7.098,149.058,Cash,99.372,42.588,5.1
INV-2025-03801,13-08-2025,12:20,B,Los Angeles,Member,Female,Fashion Accessories,46.87,10,23.435,492.135,Unknown,328.09,140.61,5.8
INV-2025-04311,02-11-2025,19:17,C,Chicago,Normal,Male,Fashion Accessories,30.83,1,1.5415,32.3715,Cash,21.581,9.249,9.9
INV-2025-02510,12-11-2025,14:21,B,Los Angeles,Member,Male,Sports and Travel,50.67,2,5.067,106.407,Cash,70.938,30.402,6.7
INV-2025-02293,02-07-2025,16:10,B,Los Angeles,Unknown,Female,Sports and Travel,76.05,5,19.0125,399.2625,E-wallet,266.175,114.075,5.8
INV-2025-01324,09-06-2025,18:27,B,Los Angeles,Normal,Female,Home and Lifestyle,70.73,3,10.6095,222.7995,Credit Card,148.533,63.657,9.8
INV-2025-01551,05-12-2025,13:50,B,Los Angeles,Normal,Female,Sports and Travel,62.82,4,12.564,263.844,Cash,175.896,75.384,6.9
INV-2025-04648,07-10-2025,12:35,B,Los Angeles,Normal,Female,Sports and Travel,30.2,7,10.57,221.97,Credit Card,147.98,63.42,6.9
INV-2025-00316,02-10-2025,18:59,B,Los Angeles,Normal,Female,Home and Lifestyle,25.53,1,1.2765,26.8065,Credit Card,17.871,7.659,9.4
INV-2025-01243,16-02-2025,17:20,B,Los Angeles,Normal,Female,Electronic Accessories,37.5,8,15,315,Credit Card,210,90,8.8
INV-2025-02451,18-09-2025,15:25,C,Chicago,Member,Male,Sports and Travel,80.61,7,28.2135,592.4835,Credit Card,394.989,169.281,9.4
INV-2025-01579,01-05-2025,20:25,B,Los Angeles,Member,Male,Health and Beauty,56.7,8,22.68,476.28,Cash,317.52,136.08,8.7
INV-2025-04626,01-02-2025,20:56,B,Los Angeles,Normal,Female,Sports and Travel,27.83,7,9.7405,204.5505,Unknown,136.367,58.443,5.4
INV-2025-03117,19-02-2025,19:43,C,Chicago,Member,Male,Home and Lifestyle,74.98,8,29.992,629.832,Cash,419.888,179.952,6.6
INV-2025-00070,09-11-2025,20:06,C,Chicago,Member,Male,Home and Lifestyle,66.23,3,9.9345,208.6245,Cash,139.083,59.607,7.3
INV-2025-00860,22-08-2025,10:16,B,Los Angeles,Normal,Male,Food and Beverages,6.69,5,1.6725,35.1225,E-wallet,23.415,10.035,8.2
INV-2025-02754,01-10-2025,19:03,C,Chicago,Normal,Female,Fashion Accessories,74.85,1,3.7425,78.5925,Cash,52.395,22.455,4.9
INV-2025-01633,22-12-2025,16:52,A,New York,Member,Female,Health and Beauty,17.09,4,3.418,71.778,Credit Card,47.852,20.508,6.2
INV-2025-01651,08-12-2025,21:04,A,New York,Member,Female,Food and Beverages,16,1,0.8,16.8,E-wallet,11.2,4.8,5.8
INV-2025-03861,07-01-2025,15:54,A,New York,Normal,Female,Health and Beauty,24.49,1,1.2245,25.7145,E-wallet,17.143,7.347,6.5
INV-2025-03107,18-10-2025,14:55,A,New York,Normal,Female,Sports and Travel,56.16,10,28.08,589.68,E-wallet,393.12,168.48,6.6
INV-2025-01075,05-12-2025,19:40,A,New York,Normal,Male,Electronic Accessories,26.63,7,9.3205,195.7305,E-wallet,130.487,55.923,5.3
INV-2025-04002,19-05-2025,12:34,C,Chicago,Normal,Female,Health and Beauty,13.21,9,5.9445,124.8345,Credit Card,83.223,35.667,4.2
INV-2025-00788,08-06-2025,16:32,C,Chicago,Member,Male,Health and Beauty,59.55,8,23.82,500.22,Cash,333.48,142.92,6.4
INV-2025-02606,28-07-2025,20:54,C,Chicago,Member,Male,Health and Beauty,30.85,2,3.085,64.785,E-wallet,43.19,18.51,9.5
INV-2025-03631,22-06-2025,18:54,B,Los Angeles,Normal,Male,Sports and Travel,36.54,9,16.443,345.303,Cash,230.202,98.658,7.8
INV-2025-02122,17-05-2025,20:37,B,Los Angeles,Member,Female,Sports and Travel,63.68,4,12.736,267.456,Unknown,178.304,76.416,6.4
INV-2025-01875,11-07-2025,17:24,C,Chicago,Normal,Male,Food and Beverages,19.62,6,5.886,123.606,Cash,82.404,35.316,8.1
INV-2025-00812,27-05-2025,16:40,A,New York,Normal,Female,Health and Beauty,57.55,6,17.265,362.565,Credit Card,241.71,103.59,5
INV-2025-00388,15-07-2025,14:42,A,New York,Member,Male,Electronic Accessories,78.47,9,35.3115,741.5415,Cash,494.361,211.869,7.8
INV-2025-02883,23-03-2025,11:36,A,New York,Normal,Male,Fashion Accessories,19.59,1,0.9795,20.5695,E-wallet,13.713,5.877,No Rating Given
INV-2025-01176,26-09-2025,20:47,A,New York,Normal,Female,Fashion Accessories,16.42,6,4.926,103.446,Credit Card,68.964,29.556,5.6
INV-2025-03198,15-02-2025,14:21,B,Los Angeles,Normal,Male,Health and Beauty,41.29,10,20.645,433.545,Credit Card,289.03,123.87,5.4
INV-2025-02624,10-09-2025,08:35,A,New York,Member,Female,Fashion Accessories,44.37,7,15.5295,326.1195,E-wallet,217.413,93.177,6
INV-2025-01352,22-12-2025,16:17,A,New York,Normal,Male,Fashion Accessories,54.97,4,10.994,230.874,Cash,153.916,65.964,8.1
INV-2025-00411,30-09-2025,15:07,A,New York,Normal,Male,Fashion Accessories,52.2,9,23.49,493.29,Credit Card,328.86,140.94,9.2
INV-2025-04213,19-06-2025,20:35,A,New York,Member,Male,Fashion Accessories,66.35,5,16.5875,348.3375,Cash,232.225,99.525,9.9
INV-2025-00110,21-11-2025,16:45,A,New York,Normal,Female,Sports and Travel,55.33,7,19.3655,406.6755,Cash,271.117,116.193,8.2
INV-2025-03869,30-11-2025,20:31,A,New York,Normal,Female,Food and Beverages,14.04,9,6.318,132.678,E-wallet,88.452,37.908,No Rating Given
INV-2025-03430,30-06-2025,09:09,A,New York,Normal,Female,Electronic Accessories,42.46,9,19.107,401.247,Cash,267.498,114.642,5.7
INV-2025-02810,18-10-2025,19:48,B,Los Angeles,Normal,Female,Food and Beverages,13.39,3,2.0085,42.1785,E-wallet,28.119,12.051,5.2
INV-2025-02595,12-12-2025,12:09,B,Los Angeles,Member,Female,Sports and Travel,71.35,9,32.1075,674.2575,E-wallet,449.505,192.645,No Rating Given
INV-2025-02837,03-09-2025,18:25,C,Chicago,Member,Male,Fashion Accessories,44.3,3,6.645,139.545,E-wallet,93.03,39.87,6.4
INV-2025-02373,30-05-2025,13:59,A,New York,Member,Male,Food and Beverages,10.9,1,0.545,11.445,Cash,7.63,3.27,9.5
INV-2025-01236,02-07-2025,10:06,C,Chicago,Member,Female,Electronic Accessories,65.24,5,16.31,342.51,Cash,228.34,97.86,8.7
INV-2025-02147,17-05-2025,16:25,C,Chicago,Normal,Male,Electronic Accessories,66.85,8,26.74,561.54,Cash,374.36,160.44,9.5
INV-2025-00600,29-04-2025,19:33,B,Los Angeles,Member,Female,Fashion Accessories,51.99,6,15.597,327.537,Credit Card,218.358,93.582,8
INV-2025-01435,24-12-2025,17:03,A,New York,Member,Male,Home and Lifestyle,88.86,6,26.658,559.818,Credit Card,373.212,159.948,9.5
INV-2025-01540,18-08-2025,19:21,A,New York,Member,Male,Sports and Travel,27.77,4,5.554,116.634,Credit Card,77.756,33.324,No Rating Given
INV-2025-00539,25-10-2025,20:40,C,Chicago,Normal,Male,Sports and Travel,56.88,7,19.908,418.068,Credit Card,278.712,119.448,6.7
INV-2025-00722,16-05-2025,16:40,B,Los Angeles,Member,Female,Fashion Accessories,73.26,3,10.989,230.769,Cash,153.846,65.934,4.8
INV-2025-04411,11-06-2025,15:03,B,Los Angeles,Member,Female,Fashion Accessories,30.67,2,3.067,64.407,E-wallet,42.938,18.402,6.7
INV-2025-01873,09-04-2025,20:47,C,Chicago,Normal,Male,Electronic Accessories,97.97,5,24.4925,514.3425,Credit Card,342.895,146.955,9.3
INV-2025-02846,04-05-2025,13:09,C,Chicago,Member,Male,Fashion Accessories,68.79,5,17.1975,361.1475,Credit Card,240.765,103.185,9.3
INV-2025-02054,24-01-2025,14:27,A,New York,Member,Female,Fashion Accessories,23.45,8,9.38,196.98,E-wallet,131.32,56.28,9.2
INV-2025-02908,28-08-2025,17:46,C,Chicago,Member,Female,Health and Beauty,24.25,4,4.85,101.85,Credit Card,67.9,29.1,7.3
INV-2025-02255,16-02-2025,15:32,A,New York,Normal,Female,Home and Lifestyle,77.52,10,38.76,813.96,Credit Card,542.64,232.56,7.7
INV-2025-03913,24-03-2025,12:05,A,New York,Member,Female,Electronic Accessories,44.43,4,8.886,186.606,Credit Card,124.404,53.316,6.1
INV-2025-00178,02-12-2025,19:49,B,Los Angeles,Member,Male,Food and Beverages,13.05,9,5.8725,123.3225,Credit Card,82.215,35.235,7.7
INV-2025-02891,08-06-2025,17:29,B,Los Angeles,Member,Male,Health and Beauty,29.12,2,2.912,61.152,Credit Card,40.768,17.472,5.2
INV-2025-03674,07-09-2025,14:17,A,New York,Normal,Male,Food and Beverages,7.06,4,1.412,29.652,E-wallet,19.768,8.472,8.6
INV-2025-00081,20-03-2025,15:45,A,New York,Normal,Female,Sports and Travel,83.81,4,16.762,352.002,Credit Card,234.668,100.572,4.9
INV-2025-02562,16-06-2025,08:21,A,New York,Normal,Female,Health and Beauty,44.31,7,15.5085,325.6785,Credit Card,217.119,93.051,5.8
INV-2025-01724,06-03-2025,09:05,A,New York,Normal,Female,Sports and Travel,75.96,9,34.182,717.822,Credit Card,478.548,205.092,9
INV-2025-01618,12-03-2025,16:35,C,Chicago,Member,Male,Electronic Accessories,17.39,2,1.739,36.519,Cash,24.346,10.434,6.2
INV-2025-01655,19-12-2025,21:42,B,Los Angeles,Member,Male,Food and Beverages,12.26,1,0.613,12.873,Cash,8.582,3.678,8.9
INV-2025-02329,14-01-2025,14:56,B,Los Angeles,Member,Male,Food and Beverages,4.55,2,0.455,9.555,E-wallet,6.37,2.73,4.6
INV-2025-04614,12-09-2025,15:40,A,New York,Member,Male,Fashion Accessories,41.68,5,10.42,218.82,E-wallet,145.88,62.52,7.6
INV-2025-00222,05-01-2025,18:05,B,Los Angeles,Member,Female,Food and Beverages,24.48,2,2.448,51.408,E-wallet,34.272,14.688,9.5
INV-2025-00094,18-12-2025,19:03,C,Chicago,Normal,Female,Electronic Accessories,66.6,6,19.98,419.58,Cash,279.72,119.88,5.1
INV-2025-02610,15-07-2025,20:01,B,Los Angeles,Normal,Female,Food and Beverages,20.39,2,2.039,42.819,Credit Card,28.546,12.234,4.1
INV-2025-03383,13-01-2025,10:32,B,Los Angeles,Member,Female,Food and Beverages,18.12,8,7.248,152.208,Credit Card,101.472,43.488,8.1
INV-2025-04416,14-05-2025,13:45,A,New York,Member,Female,Fashion Accessories,43.56,3,6.534,137.214,Cash,91.476,39.204,5.9
INV-2025-01398,12-06-2025,18:10,C,Chicago,Normal,Male,Food and Beverages,16.17,3,2.4255,50.9355,Cash,33.957,14.553,8.4
INV-2025-04687,22-02-2025,14:18,C,Chicago,Member,Female,Health and Beauty,21.33,8,8.532,179.172,Cash,119.448,51.192,6.3
INV-2025-01293,16-07-2025,20:27,A,New York,Member,Male,Sports and Travel,59.04,3,8.856,185.976,Cash,123.984,53.136,8.5
INV-2025-02165,18-01-2025,17:54,B,Los Angeles,Member,Male,Health and Beauty,33.69,6,10.107,212.247,Cash,141.498,60.642,9.6
INV-2025-02940,01-06-2025,10:59,A,New York,Normal,Male,Home and Lifestyle,29.77,3,4.4655,93.7755,E-wallet,62.517,26.793,7.1
INV-2025-03669,03-01-2025,14:14,B,Los Angeles,Normal,Female,Sports and Travel,40.8,3,6.12,128.52,Cash,85.68,36.72,No Rating Given
INV-2025-00813,14-08-2025,14:39,C,Chicago,Normal,Female,Health and Beauty,48.1,7,16.835,353.535,E-wallet,235.69,101.01,8.6
INV-2025-01259,09-06-2025,13:45,B,Los Angeles,Member,Male,Electronic Accessories,37.14,4,7.428,155.988,Cash,103.992,44.568,9.9
INV-2025-00890,02-12-2025,19:12,C,Chicago,Normal,Male,Food and Beverages,16.24,5,4.06,85.26,Credit Card,56.84,24.36,9.9
INV-2025-01452,21-05-2025,16:57,B,Los Angeles,Member,Female,Food and Beverages,17.26,8,6.904,144.984,E-wallet,96.656,41.424,5.3
INV-2025-03317,08-03-2025,10:09,A,New York,Normal,Male,Food and Beverages,4.01,1,0.2005,4.2105,Cash,2.807,1.203,5.6
INV-2025-02560,25-11-2025,09:55,C,Chicago,Member,Male,Health and Beauty,52.31,10,26.155,549.255,Credit Card,366.17,156.93,4.5
INV-2025-03575,27-06-2025,11:40,A,New York,Normal,Female,Food and Beverages,22.13,3,3.3195,69.7095,Cash,46.473,19.917,6.1
INV-2025-02681,15-10-2025,10:19,A,New York,Member,Male,Health and Beauty,21.31,3,3.1965,67.1265,Credit Card,44.751,19.179,5.8
INV-2025-04652,09-07-2025,14:15,A,New York,Member,Male,Sports and Travel,84.93,1,4.2465,89.1765,Credit Card,59.451,25.479,8.2
INV-2025-04812,10-11-2025,14:36,C,Chicago,Normal,Female,Electronic Accessories,44.7,5,11.175,234.675,E-wallet,156.45,67.05,7.8
INV-2025-04680,25-04-2025,14:44,A,New York,Member,Female,Health and Beauty,31.47,1,1.5735,33.0435,Credit Card,22.029,9.441,5.4
INV-2025-02965,08-02-2025,14:20,A,New York,Member,Male,Health and Beauty,24.97,6,7.491,157.311,Credit Card,104.874,44.946,8.3
INV-2025-02673,20-04-2025,12:43,C,Chicago,Member,Male,Health and Beauty,36.04,9,16.218,340.578,Credit Card,227.052,97.308,8.6
INV-2025-00562,08-02-2025,17:59,C,Chicago,Normal,Female,Home and Lifestyle,31.34,2,3.134,65.814,Cash,43.876,18.804,4.4
INV-2025-02779,25-05-2025,12:14,C,Chicago,Member,Male,Food and Beverages,3.83,4,0.766,16.086,Credit Card,10.724,4.596,7.7
INV-2025-02949,27-10-2025,15:03,C,Chicago,Normal,Male,Fashion Accessories,51.34,3,7.701,161.721,Cash,107.814,46.206,6.1
INV-2025-02818,18-06-2025,09:59,A,New York,Normal,Male,Health and Beauty,43.34,2,4.334,91.014,Credit Card,60.676,26.004,8.5
INV-2025-02759,21-09-2025,17:08,C,Chicago,Unknown,Male,Sports and Travel,32.22,7,11.277,236.817,Cash,157.878,67.662,No Rating Given
INV-2025-01757,24-06-2025,11:23,B,Los Angeles,Member,Female,Sports and Travel,59.16,10,29.58,621.18,Cash,414.12,177.48,4.1
INV-2025-00725,05-06-2025,13:01,C,Chicago,Member,Female,Health and Beauty,56.84,5,14.21,298.41,E-wallet,198.94,85.26,No Rating Given
INV-2025-00220,14-11-2025,15:52,B,Los Angeles,Normal,Male,Home and Lifestyle,87.15,8,34.86,732.06,Credit Card,488.04,209.16,9.9
INV-2025-04140,06-06-2025,13:16,A,New York,Member,Male,Home and Lifestyle,26.88,4,5.376,112.896,Credit Card,75.264,32.256,9.4
INV-2025-03958,17-05-2025,20:19,C,Chicago,Normal,Female,Health and Beauty,54.45,10,27.225,571.725,Credit Card,381.15,163.35,6.3
INV-2025-01589,08-09-2025,15:24,C,Chicago,Normal,Male,Food and Beverages,9.37,8,3.748,78.708,E-wallet,52.472,22.488,5.7
INV-2025-03348,12-12-2025,13:10,B,Los Angeles,Member,Female,Fashion Accessories,74.11,4,14.822,311.262,Credit Card,207.508,88.932,6.2
INV-2025-03971,20-06-2025,09:36,C,Chicago,Normal,Male,Fashion Accessories,39.21,8,15.684,329.364,E-wallet,219.576,94.104,6.8
INV-2025-04708,27-07-2025,17:50,A,New York,Normal,Female,Food and Beverages,2.94,6,0.882,18.522,Credit Card,12.348,5.292,7.4
INV-2025-00044,01-09-2025,17:49,A,New York,Member,Male,Fashion Accessories,55.26,8,22.104,464.184,Credit Card,309.456,132.624,4.9
INV-2025-03002,12-07-2025,19:30,C,Chicago,Normal,Male,Fashion Accessories,65.72,8,26.288,552.048,Credit Card,368.032,157.728,8.8
INV-2025-00211,19-04-2025,20:47,A,New York,Normal,Female,Electronic Accessories,74.13,4,14.826,311.346,Credit Card,207.564,88.956,5.4
INV-2025-00678,19-03-2025,16:59,B,Los Angeles,Normal,Male,Electronic Accessories,27.63,4,5.526,116.046,Cash,77.364,33.156,6.8
INV-2025-00355,31-01-2025,21:54,A,New York,Member,Female,Food and Beverages,17.6,3,2.64,55.44,Credit Card,36.96,15.84,8.7
INV-2025-01434,31-10-2025,14:05,A,New York,Member,Male,Electronic Accessories,60.93,8,24.372,511.812,E-wallet,341.208,146.232,9.6
INV-2025-00950,04-08-2025,12:49,B,Los Angeles,Member,Male,Sports and Travel,82.03,6,24.609,516.789,E-wallet,344.526,147.654,9.5
INV-2025-02844,19-06-2025,11:45,A,New York,Normal,Male,Health and Beauty,35.66,10,17.83,374.43,Credit Card,249.62,106.98,No Rating Given
INV-2025-00578,24-11-2025,13:28,B,Los Angeles,Normal,Male,Food and Beverages,6.14,8,2.456,51.576,Credit Card,34.384,14.736,4.5
INV-2025-03929,07-09-2025,19:00,A,New York,Normal,Female,Home and Lifestyle,65.5,9,29.475,618.975,Credit Card,412.65,176.85,9.1
INV-2025-00545,23-12-2025,17:27,B,Los Angeles,Member,Female,Food and Beverages,20.86,7,7.301,153.321,Credit Card,102.214,43.806,5.1
INV-2025-00368,07-03-2025,11:42,B,Los Angeles,Normal,Female,Sports and Travel,83.77,4,16.754,351.834,Cash,234.556,100.524,9.8
INV-2025-01613,11-10-2025,16:15,C,Chicago,Member,Female,Fashion Accessories,72.67,10,36.335,763.035,E-wallet,508.69,218.01,7.2
INV-2025-03551,30-01-2025,12:57,C,Chicago,Member,Female,Fashion Accessories,26.26,6,7.878,165.438,E-wallet,110.292,47.268,8.3
INV-2025-03717,21-01-2025,18:32,A,New York,Normal,Male,Home and Lifestyle,56.96,2,5.696,119.616,Cash,79.744,34.176,8.3
INV-2025-03780,27-09-2025,13:44,B,Los Angeles,Member,Female,Sports and Travel,70.17,8,28.068,589.428,Credit Card,392.952,168.408,9.9
INV-2025-00136,21-02-2025,15:34,C,Chicago,Normal,Male,Fashion Accessories,31.89,10,15.945,334.845,Cash,223.23,95.67,6.3
INV-2025-04481,27-11-2025,12:15,B,Los Angeles,Normal,Female,Sports and Travel,78.65,9,35.3925,743.2425,Cash,495.495,212.355,4.5
INV-2025-01438,10-11-2025,13:04,B,Los Angeles,Normal,Male,Fashion Accessories,60.44,9,27.198,571.158,Cash,380.772,163.188,7.6
INV-2025-00048,14-08-2025,10:18,A,New York,Member,Male,Electronic Accessories,27.82,7,9.737,204.477,Credit Card,136.318,58.422,8.2
INV-2025-01361,09-10-2025,17:10,C,Chicago,Normal,Female,Sports and Travel,32.02,6,9.606,201.726,Credit Card,134.484,57.636,6.4
INV-2025-00735,03-03-2025,10:15,C,Chicago,Normal,Female,Food and Beverages,19.3,7,6.755,141.855,E-wallet,94.57,40.53,5.6
INV-2025-01535,08-08-2025,14:50,C,Chicago,Member,Male,Health and Beauty,47.32,7,16.562,347.802,E-wallet,231.868,99.372,4.1
INV-2025-02005,12-03-2025,17:32,B,Los Angeles,Normal,Female,Health and Beauty,17.46,7,6.111,128.331,Cash,85.554,36.666,7.2
INV-2025-03796,20-08-2025,11:07,C,Chicago,Normal,Female,Home and Lifestyle,38.48,10,19.24,404.04,E-wallet,269.36,115.44,No Rating Given
INV-2025-02520,03-11-2025,12:04,A,New York,Member,Female,Fashion Accessories,70.88,3,10.632,223.272,Credit Card,148.848,63.792,4.5
INV-2025-01973,01-09-2025,11:24,C,Chicago,Normal,Female,Electronic Accessories,30.58,6,9.174,192.654,Cash,128.436,55.044,7
INV-2025-00997,25-02-2025,21:56,B,Los Angeles,Member,Female,Food and Beverages,6.02,6,1.806,37.926,E-wallet,25.284,10.836,6.3
INV-2025-00062,06-01-2025,15:12,A,New York,Normal,Female,Food and Beverages,19.44,8,7.776,163.296,Credit Card,108.864,46.656,6.9
INV-2025-01109,31-12-2025,11:27,B,Los Angeles,Member,Female,Fashion Accessories,17.82,7,6.237,130.977,Credit Card,87.318,37.422,5.1
INV-2025-02406,06-10-2025,12:48,A,New York,Normal,Female,Health and Beauty,57.35,9,25.8075,541.9575,Cash,361.305,154.845,9.9
INV-2025-00096,24-10-2025,13:08,A,New York,Member,Female,Electronic Accessories,32.07,9,14.4315,303.0615,E-wallet,202.041,86.589,6.2
INV-2025-00479,17-06-2025,15:14,A,New York,Normal,Female,Sports and Travel,70.17,10,35.085,736.785,Credit Card,491.19,210.51,5.3
INV-2025-04360,27-09-2025,19:24,A,New York,Member,Male,Electronic Accessories,23.68,3,3.552,74.592,Credit Card,49.728,21.312,4.6
INV-2025-04113,17-12-2025,12:55,C,Chicago,Member,Female,Electronic Accessories,30.21,9,13.5945,285.4845,Credit Card,190.323,81.567,6.9
INV-2025-03708,25-04-2025,12:14,B,Los Angeles,Normal,Female,Home and Lifestyle,44.98,6,13.494,283.374,Cash,188.916,80.964,No Rating Given
INV-2025-01102,19-06-2025,11:39,B,Los Angeles,Member,Female,Fashion Accessories,46.35,4,9.27,194.67,Credit Card,129.78,55.62,4.1
INV-2025-02747,27-01-2025,18:18,A,New York,Member,Female,Food and Beverages,13.33,3,1.9995,41.9895,Credit Card,27.993,11.997,8.5
INV-2025-02171,31-05-2025,19:19,A,New York,Member,Male,Home and Lifestyle,54.54,1,2.727,57.267,Credit Card,38.178,16.362,9.8
INV-2025-00323,05-06-2025,13:53,B,Los Angeles,Normal,Male,Electronic Accessories,26.42,8,10.568,221.928,E-wallet,147.952,63.408,5.9
INV-2025-04255,26-09-2025,13:08,B,Los Angeles,Member,Female,Food and Beverages,7.38,2,0.738,15.498,Credit Card,10.332,4.428,8.1
INV-2025-03143,18-10-2025,16:10,C,Chicago,Normal,Female,Health and Beauty,43.23,6,12.969,272.349,Credit Card,181.566,77.814,8.1
INV-2025-03538,10-10-2025,19:26,B,Los Angeles,Normal,Male,Health and Beauty,42.98,6,12.894,270.774,E-wallet,180.516,77.364,9.1
INV-2025-04926,08-02-2025,18:50,C,Chicago,Normal,Female,Fashion Accessories,19.17,10,9.585,201.285,Cash,134.19,57.51,4.2
INV-2025-02925,10-03-2025,08:54,A,New York,Member,Male,Food and Beverages,13.89,8,5.556,116.676,E-wallet,77.784,33.336,7.3
INV-2025-01150,06-11-2025,14:11,B,Los Angeles,Member,Female,Electronic Accessories,16.59,7,5.8065,121.9365,Credit Card,81.291,34.839,5.6
INV-2025-03618,03-01-2025,15:22,C,Chicago,Normal,Female,Health and Beauty,21.12,2,2.112,44.352,Cash,29.568,12.672,6.8
INV-2025-00292,27-11-2025,14:08,A,New York,Normal,Female,Health and Beauty,12.13,8,4.852,101.892,Cash,67.928,29.112,9.5
INV-2025-03750,31-08-2025,16:18,B,Los Angeles,Normal,Female,Food and Beverages,17.28,2,1.728,36.288,Unknown,24.192,10.368,8.6
INV-2025-03587,16-01-2025,19:31,B,Los Angeles,Member,Male,Fashion Accessories,58.25,4,11.65,244.65,Cash,163.1,69.9,5.5
INV-2025-00534,25-05-2025,18:38,B,Los Angeles,Member,Female,Fashion Accessories,61.79,6,18.537,389.277,Credit Card,259.518,111.222,4.4
INV-2025-03608,29-01-2025,21:59,A,New York,Member,Female,Home and Lifestyle,47.47,4,9.494,199.374,Credit Card,132.916,56.964,8.4
INV-2025-02649,17-05-2025,18:54,C,Chicago,Member,Male,Home and Lifestyle,80.56,6,24.168,507.528,Cash,338.352,145.008,7.6
INV-2025-04811,04-05-2025,13:45,C,Chicago,Normal,Male,Sports and Travel,40.65,5,10.1625,213.4125,Credit Card,142.275,60.975,6.7
INV-2025-01984,17-08-2025,19:30,C,Chicago,Member,Male,Electronic Accessories,72.32,7,25.312,531.552,Unknown,354.368,151.872,6.1
INV-2025-02933,23-05-2025,19:33,A,New York,Member,Male,Sports and Travel,68.13,6,20.439,429.219,Credit Card,286.146,122.634,No Rating Given
INV-2025-01537,14-01-2025,14:43,B,Los Angeles,Member,Male,Health and Beauty,57.64,4,11.528,242.088,Cash,161.392,69.168,6
INV-2025-04535,23-07-2025,13:56,C,Chicago,Member,Male,Health and Beauty,57.24,8,22.896,480.816,Credit Card,320.544,137.376,8.1
INV-2025-04173,20-02-2025,13:47,A,New York,Normal,Female,Health and Beauty,22.22,7,7.777,163.317,Credit Card,108.878,46.662,7
INV-2025-03361,15-03-2025,14:08,B,Los Angeles,Normal,Male,Fashion Accessories,41,4,8.2,172.2,Cash,114.8,49.2,6.4
INV-2025-03666,19-04-2025,15:10,A,New York,Normal,Female,Home and Lifestyle,40.23,8,16.092,337.932,Unknown,225.288,96.552,5.4
INV-2025-04006,28-03-2025,12:25,C,Chicago,Normal,Female,Food and Beverages,22.16,9,9.972,209.412,Credit Card,139.608,59.832,4.7
INV-2025-03627,27-05-2025,18:31,C,Chicago,Normal,Male,Fashion Accessories,36.89,9,16.6005,348.6105,Cash,232.407,99.603,7.7
INV-2025-00587,08-09-2025,19:13,B,Los Angeles,Normal,Female,Health and Beauty,46.5,4,9.3,195.3,Cash,130.2,55.8,6.6
INV-2025-03257,12-09-2025,12:28,C,Chicago,Member,Female,Food and Beverages,7.49,10,3.745,78.645,E-wallet,52.43,22.47,8
INV-2025-02299,27-05-2025,12:31,B,Los Angeles,Member,Male,Health and Beauty,44.92,6,13.476,282.996,Credit Card,188.664,80.856,4.4
INV-2025-03989,22-07-2025,20:45,B,Los Angeles,Normal,Male,Fashion Accessories,43.16,9,19.422,407.862,Credit Card,271.908,116.532,5.6
INV-2025-00585,03-07-2025,21:12,A,New York,Member,Male,Home and Lifestyle,29.56,8,11.824,248.304,Credit Card,165.536,70.944,5
INV-2025-02424,05-01-2025,17:48,C,Chicago,Normal,Male,Sports and Travel,72.6,8,29.04,609.84,Credit Card,406.56,174.24,8.5
INV-2025-01392,04-04-2025,20:51,B,Los Angeles,Member,Female,Fashion Accessories,27.6,10,13.8,289.8,Credit Card,193.2,82.8,6
INV-2025-04526,20-12-2025,11:44,A,New York,Member,Female,Food and Beverages,9.87,8,3.948,82.908,Credit Card,55.272,23.688,8.2
INV-2025-04921,11-04-2025,13:40,A,New York,Normal,Female,Fashion Accessories,24.73,2,2.473,51.933,Credit Card,34.622,14.838,5.2
INV-2025-04801,13-01-2025,13:24,C,Chicago,Normal,Male,Fashion Accessories,32.78,3,4.917,103.257,Credit Card,68.838,29.502,6
INV-2025-03241,15-11-2025,12:57,B,Los Angeles,Normal,Male,Fashion Accessories,63.28,8,25.312,531.552,Cash,354.368,151.872,7.9
INV-2025-04282,23-09-2025,18:33,B,Los Angeles,Normal,Male,Home and Lifestyle,28.55,4,5.71,119.91,Credit Card,79.94,34.26,4.2
INV-2025-03339,27-05-2025,17:14,C,Chicago,Member,Male,Electronic Accessories,41.18,7,14.413,302.673,Credit Card,201.782,86.478,8.6
INV-2025-03221,05-08-2025,14:13,A,New York,Member,Male,Home and Lifestyle,29.02,4,5.804,121.884,Credit Card,81.256,34.824,4
INV-2025-02112,11-04-2025,15:24,B,Los Angeles,Member,Male,Electronic Accessories,45.51,5,11.3775,238.9275,E-wallet,159.285,68.265,6.2
INV-2025-01175,25-04-2025,11:38,C,Chicago,Normal,Male,Home and Lifestyle,54.92,10,27.46,576.66,E-wallet,384.44,164.76,9.4
INV-2025-04863,29-10-2025,16:11,C,Chicago,Member,Female,Fashion Accessories,29.18,5,7.295,153.195,Cash,102.13,43.77,4.1
INV-2025-03812,15-08-2025,12:51,B,Los Angeles,Normal,Female,Fashion Accessories,12.23,9,5.5035,115.5735,Credit Card,77.049,33.021,5.8
INV-2025-01868,09-02-2025,19:06,A,New York,Member,Male,Health and Beauty,36.55,9,16.4475,345.3975,Cash,230.265,98.685,8.2
INV-2025-02615,04-04-2025,12:26,C,Chicago,Normal,Female,Home and Lifestyle,51.58,7,18.053,379.113,Credit Card,252.742,108.318,7.6
INV-2025-03867,11-04-2025,10:43,C,Chicago,Member,Female,Electronic Accessories,64.18,4,12.836,269.556,Credit Card,179.704,77.016,7.6
INV-2025-04886,25-01-2025,14:39,B,Los Angeles,Member,Male,Electronic Accessories,47.77,5,11.9425,250.7925,Credit Card,167.195,71.655,9.2
INV-2025-03779,11-08-2025,18:54,B,Los Angeles,Member,Female,Sports and Travel,30.02,3,4.503,94.563,Credit Card,63.042,27.018,9.9
INV-2025-03847,13-10-2025,12:52,C,Chicago,Normal,Male,Electronic Accessories,60.34,2,6.034,126.714,E-wallet,84.476,36.204,6.2
INV-2025-02417,31-12-2025,15:42,A,New York,Member,Female,Health and Beauty,45.97,1,2.2985,48.2685,Credit Card,32.179,13.791,9.9
INV-2025-00071,22-03-2025,08:28,B,Los Angeles,Member,Male,Electronic Accessories,39.49,5,9.8725,207.3225,Credit Card,138.215,59.235,6.7
INV-2025-04881,12-04-2025,09:29,B,Los Angeles,Normal,Female,Fashion Accessories,41.76,5,10.44,219.24,Cash,146.16,62.64,9.3
INV-2025-01127,04-08-2025,15:21,B,Los Angeles,Member,Female,Home and Lifestyle,31.39,9,14.1255,296.6355,Cash,197.757,84.753,4.1
INV-2025-04025,13-08-2025,20:48,A,New York,Normal,Male,Food and Beverages,11.33,6,3.399,71.379,Credit Card,47.586,20.394,6.4
INV-2025-03251,13-09-2025,18:42,A,New York,Member,Female,Sports and Travel,74.4,8,29.76,624.96,E-wallet,416.64,178.56,4.5
INV-2025-03902,23-02-2025,20:41,B,Los Angeles,Normal,Male,Fashion Accessories,16.84,1,0.842,17.682,E-wallet,11.788,5.052,7.3
INV-2025-01096,21-09-2025,16:47,C,Chicago,Member,Male,Sports and Travel,66.96,7,23.436,492.156,Cash,328.104,140.616,4.1
INV-2025-04546,17-02-2025,17:33,B,Los Angeles,Member,Male,Home and Lifestyle,51.93,6,15.579,327.159,Credit Card,218.106,93.474,5.2
INV-2025-01213,15-04-2025,13:40,B,Los Angeles,Normal,Female,Health and Beauty,49.16,6,14.748,309.708,Cash,206.472,88.488,6.8
INV-2025-03922,23-10-2025,13:33,C,Chicago,Normal,Male,Electronic Accessories,32.95,3,4.9425,103.7925,Cash,69.195,29.655,9.1
INV-2025-01426,03-02-2025,11:02,A,New York,Member,Male,Electronic Accessories,54.81,3,8.2215,172.6515,E-wallet,115.101,49.329,7
INV-2025-03067,24-09-2025,16:13,A,New York,Member,Female,Sports and Travel,50.63,5,12.6575,265.8075,Credit Card,177.205,75.945,4.4
INV-2025-04520,27-11-2025,18:22,A,New York,Member,Male,Electronic Accessories,81.19,9,36.5355,767.2455,Credit Card,511.497,219.213,5.8
INV-2025-02101,26-05-2025,17:01,C,Chicago,Normal,Male,Fashion Accessories,59.42,10,29.71,623.91,Cash,415.94,178.26,6.2
INV-2025-00808,21-01-2025,15:26,B,Los Angeles,Member,Male,Electronic Accessories,86.99,6,26.097,548.037,Credit Card,365.358,156.582,5.2
INV-2025-04744,14-01-2025,16:39,C,Chicago,Normal,Male,Home and Lifestyle,66.86,5,16.715,351.015,Credit Card,234.01,100.29,8.5
INV-2025-03751,22-09-2025,19:13,C,Chicago,Normal,Male,Electronic Accessories,88.93,6,26.679,560.259,Credit Card,373.506,160.074,5.7
INV-2025-01363,07-04-2025,18:57,C,Chicago,Member,Male,Sports and Travel,33.66,2,3.366,70.686,Credit Card,47.124,20.196,5.8
INV-2025-02318,08-05-2025,11:12,C,Chicago,Normal,Female,Sports and Travel,80.43,3,12.0645,253.3545,Cash,168.903,72.387,6
INV-2025-04582,05-05-2025,18:45,B,Los Angeles,Member,Male,Health and Beauty,11.86,5,2.965,62.265,Credit Card,41.51,17.79,6.1
INV-2025-04742,09-10-2025,18:41,B,Los Angeles,Member,Male,Food and Beverages,17.94,2,1.794,37.674,Credit Card,25.116,10.764,7
INV-2025-01026,20-10-2025,19:32,B,Los Angeles,Normal,Male,Health and Beauty,31.94,7,11.179,234.759,E-wallet,156.506,67.074,7.4
INV-2025-03110,24-11-2025,13:20,A,New York,Normal,Male,Food and Beverages,2.58,1,0.129,2.709,E-wallet,1.806,0.774,5.5
INV-2025-02111,14-10-2025,12:19,A,New York,Member,Female,Electronic Accessories,33.62,6,10.086,211.806,Credit Card,141.204,60.516,6
INV-2025-01042,03-06-2025,19:05,A,New York,Normal,Female,Sports and Travel,26.13,7,9.1455,192.0555,Credit Card,128.037,54.873,4.3
INV-2025-01877,18-05-2025,12:58,B,Los Angeles,Member,Male,Electronic Accessories,92.52,10,46.26,971.46,Cash,647.64,277.56,6.5
INV-2025-00882,06-09-2025,10:27,A,New York,Member,Male,Electronic Accessories,38.9,2,3.89,81.69,E-wallet,54.46,23.34,10
INV-2025-04300,18-08-2025,14:24,A,New York,Normal,Male,Food and Beverages,21.35,6,6.405,134.505,Cash,89.67,38.43,6.5
INV-2025-01193,26-05-2025,11:08,C,Chicago,Member,Female,Electronic Accessories,89.29,10,44.645,937.545,Cash,625.03,267.87,5.2
INV-2025-04588,31-07-2025,21:36,A,New York,Member,Male,Health and Beauty,13.85,3,2.0775,43.6275,Credit Card,29.085,12.465,5.3
INV-2025-04511,25-06-2025,11:12,A,New York,Unknown,Male,Home and Lifestyle,24.86,3,3.729,78.309,Cash,52.206,22.374,8.9
INV-2025-03671,27-10-2025,17:00,A,New York,Normal,Female,Health and Beauty,30.11,3,4.5165,94.8465,Credit Card,63.231,27.099,8.6
INV-2025-00625,10-05-2025,10:19,B,Los Angeles,Normal,Male,Food and Beverages,6.72,4,1.344,28.224,Cash,18.816,8.064,6.1
INV-2025-02797,19-08-2025,12:39,B,Los Angeles,Normal,Female,Health and Beauty,40.21,4,8.042,168.882,Cash,112.588,48.252,4.6
INV-2025-04292,11-11-2025,15:19,A,New York,Member,Female,Home and Lifestyle,76.64,5,19.16,402.36,Credit Card,268.24,114.96,6.7
INV-2025-04969,26-10-2025,13:58,A,New York,Member,Female,Food and Beverages,10.49,2,1.049,22.029,Cash,14.686,6.294,6.6
INV-2025-00234,22-12-2025,12:20,A,New York,Member,Female,Home and Lifestyle,71.44,8,28.576,600.096,E-wallet,400.064,171.456,8.7
INV-2025-04567,04-02-2025,12:18,A,New York,Normal,Female,Fashion Accessories,46.98,1,2.349,49.329,E-wallet,32.886,14.094,9
INV-2025-01663,07-04-2025,14:05,A,New York,Member,Male,Electronic Accessories,58.43,8,23.372,490.812,Credit Card,327.208,140.232,7.5
INV-2025-00416,12-10-2025,15:19,B,Los Angeles,Normal,Female,Fashion Accessories,18.97,2,1.897,39.837,Credit Card,26.558,11.382,6.7
INV-2025-04247,03-06-2025,19:26,A,New York,Normal,Female,Sports and Travel,72.99,3,10.9485,229.9185,Cash,153.279,65.691,4.3
INV-2025-02174,03-10-2025,16:05,A,New York,Member,Female,Health and Beauty,40.25,2,4.025,84.525,Credit Card,56.35,24.15,6.1
INV-2025-01457,20-08-2025,13:32,C,Chicago,Normal,Female,Food and Beverages,4.81,10,2.405,50.505,Cash,33.67,14.43,4.5
INV-2025-00747,23-11-2025,14:55,A,New York,Member,Male,Food and Beverages,6.46,10,3.23,67.83,Credit Card,45.22,19.38,7.6
INV-2025-00018,23-04-2025,08:45,B,Los Angeles,Member,Male,Home and Lifestyle,24.96,4,4.992,104.832,Cash,69.888,29.952,6.9
INV-2025-01201,28-09-2025,19:47,C,Chicago,Member,Male,Sports and Travel,59.48,1,2.974,62.454,Credit Card,41.636,17.844,6.3
INV-2025-01700,13-02-2025,14:57,C,Chicago,Normal,Male,Fashion Accessories,29.08,3,4.362,91.602,Credit Card,61.068,26.172,4.2
INV-2025-03254,16-10-2025,18:37,C,Chicago,Member,Female,Health and Beauty,58.55,6,17.565,368.865,Credit Card,245.91,105.39,9.1
INV-2025-00597,30-09-2025,20:28,B,Los Angeles,Normal,Male,Electronic Accessories,90.81,8,36.324,762.804,Cash,508.536,217.944,6.3
INV-2025-03227,13-04-2025,19:07,A,New York,Member,Male,Health and Beauty,24.17,2,2.417,50.757,Credit Card,33.838,14.502,6.7
INV-2025-04406,02-04-2025,16:06,B,Los Angeles,Member,Male,Home and Lifestyle,25.36,10,12.68,266.28,Credit Card,177.52,76.08,9.8
INV-2025-04720,02-04-2025,18:36,B,Los Angeles,Member,Male,Electronic Accessories,96.84,6,29.052,610.092,Credit Card,406.728,174.312,8.3
INV-2025-01506,26-03-2025,18:54,A,New York,Member,Male,Health and Beauty,48.77,1,2.4385,51.2085,E-wallet,34.139,14.631,8.3
INV-2025-01413,26-02-2025,18:10,B,Los Angeles,Normal,Male,Sports and Travel,33.15,5,8.2875,174.0375,Credit Card,116.025,49.725,8.8
INV-2025-01966,30-10-2025,15:33,C,Chicago,Member,Male,Food and Beverages,12.81,6,3.843,80.703,E-wallet,53.802,23.058,5.3
INV-2025-00372,07-01-2025,15:01,B,Los Angeles,Member,Male,Electronic Accessories,37.69,3,5.6535,118.7235,E-wallet,79.149,33.921,8.1
INV-2025-01341,23-12-2025,14:04,A,New York,Normal,Male,Electronic Accessories,64.53,1,3.2265,67.7565,Credit Card,45.171,19.359,4.5
INV-2025-00599,31-05-2025,14:43,B,Los Angeles,Member,Female,Sports and Travel,51.63,1,2.5815,54.2115,Cash,36.141,15.489,4.4
INV-2025-00239,16-10-2025,21:43,B,Los Angeles,Normal,Female,Sports and Travel,31.36,2,3.136,65.856,Cash,43.904,18.816,7.1
INV-2025-03401,07-08-2025,10:31,A,New York,Member,Female,Electronic Accessories,36.04,8,14.416,302.736,Cash,201.824,86.496,4.3
INV-2025-02068,12-07-2025,16:54,A,New York,Normal,Male,Food and Beverages,8.41,8,3.364,70.644,Credit Card,47.096,20.184,5.4
INV-2025-00811,15-04-2025,12:05,B,Los Angeles,Member,Male,Fashion Accessories,22.84,7,7.994,167.874,Cash,111.916,47.964,5.5
INV-2025-01095,03-11-2025,14:00,A,New York,Member,Female,Food and Beverages,13.5,4,2.7,56.7,Credit Card,37.8,16.2,8.3
INV-2025-04325,08-09-2025,20:39,B,Los Angeles,Normal,Female,Food and Beverages,20.53,5,5.1325,107.7825,E-wallet,71.855,30.795,9.4
INV-2025-04761,17-09-2025,20:11,C,Chicago,Member,Female,Fashion Accessories,62.92,4,12.584,264.264,E-wallet,176.176,75.504,4.7
INV-2025-03677,05-06-2025,14:21,A,New York,Member,Female,Sports and Travel,27.22,10,13.61,285.81,E-wallet,190.54,81.66,4.2
INV-2025-03465,09-08-2025,14:06,A,New York,Member,Female,Food and Beverages,18.76,7,6.566,137.886,Cash,91.924,39.396,4.3
INV-2025-03104,03-10-2025,20:31,B,Los Angeles,Member,Male,Fashion Accessories,64.78,8,25.912,544.152,E-wallet,362.768,155.472,6.9
INV-2025-02750,21-06-2025,15:15,C,Chicago,Normal,Male,Electronic Accessories,35.93,8,14.372,301.812,Cash,201.208,86.232,6
INV-2025-02296,28-04-2025,16:19,B,Los Angeles,Member,Male,Health and Beauty,22.63,6,6.789,142.569,Unknown,95.046,40.734,8.4
INV-2025-04193,10-10-2025,13:25,A,New York,Member,Female,Health and Beauty,14.63,5,3.6575,76.8075,Credit Card,51.205,21.945,5.4
INV-2025-03709,03-03-2025,09:00,C,Chicago,Member,Female,Sports and Travel,25.5,3,3.825,80.325,Credit Card,53.55,22.95,6.2
INV-2025-03019,16-09-2025,12:48,B,Los Angeles,Member,Female,Electronic Accessories,77.17,5,19.2925,405.1425,E-wallet,270.095,115.755,6.9
INV-2025-04253,31-10-2025,16:41,A,New York,Normal,Female,Fashion Accessories,25.84,4,5.168,108.528,Credit Card,72.352,31.008,9
INV-2025-00804,04-11-2025,13:40,B,Los Angeles,Normal,Male,Home and Lifestyle,32.27,6,9.681,203.301,E-wallet,135.534,58.086,8
INV-2025-04191,14-04-2025,13:40,B,Los Angeles,Member,Male,Electronic Accessories,62.89,4,12.578,264.138,E-wallet,176.092,75.468,5.4
INV-2025-03706,30-11-2025,11:55,B,Los Angeles,Normal,Male,Home and Lifestyle,35.66,3,5.349,112.329,E-wallet,74.886,32.094,7
INV-2025-00752,11-04-2025,11:19,A,New York,Normal,Male,Sports and Travel,50.92,1,2.546,53.466,Credit Card,35.644,15.276,7.8
INV-2025-04645,14-02-2025,10:37,A,New York,Member,Female,Fashion Accessories,25.3,3,3.795,79.695,Credit Card,53.13,22.77,6.9
INV-2025-02532,01-05-2025,18:58,B,Los Angeles,Normal,Male,Electronic Accessories,55.96,5,13.99,293.79,Unknown,195.86,83.94,5.3
INV-2025-00622,09-01-2025,15:19,B,Los Angeles,Member,Female,Food and Beverages,14.03,6,4.209,88.389,Cash,58.926,25.254,5.8
INV-2025-02298,23-08-2025,15:29,B,Los Angeles,Member,Male,Electronic Accessories,89.36,1,4.468,93.828,Cash,62.552,26.808,7.5
INV-2025-03829,26-04-2025,19:25,A,New York,Member,Female,Sports and Travel,33.41,3,5.0115,105.2415,Credit Card,70.161,30.069,6
INV-2025-00567,19-12-2025,19:30,A,New York,Member,Female,Home and Lifestyle,67.73,7,23.7055,497.8155,Cash,331.877,142.233,10
INV-2025-01136,24-06-2025,15:00,B,Los Angeles,Normal,Male,Fashion Accessories,24.95,8,9.98,209.58,Cash,139.72,59.88,5.3
INV-2025-01205,19-05-2025,12:58,A,New York,Member,Male,Sports and Travel,32.39,7,11.3365,238.0665,Cash,158.711,68.019,9.2
INV-2025-01048,01-12-2025,19:38,A,New York,Member,Female,Home and Lifestyle,79.33,8,31.732,666.372,Credit Card,444.248,190.392,6.6
INV-2025-00052,01-10-2025,09:25,B,Los Angeles,Normal,Male,Fashion Accessories,37.86,8,15.144,318.024,Cash,212.016,90.864,5.6
INV-2025-03652,19-07-2025,17:34,B,Los Angeles,Member,Female,Electronic Accessories,87.11,3,13.0665,274.3965,E-wallet,182.931,78.399,6.6
INV-2025-01045,30-01-2025,19:35,B,Los Angeles,Normal,Female,Food and Beverages,12.66,10,6.33,132.93,Credit Card,88.62,37.98,8.6
INV-2025-02182,06-11-2025,21:19,A,New York,Member,Male,Sports and Travel,54.24,9,24.408,512.568,Credit Card,341.712,146.448,7.6
INV-2025-02689,15-11-2025,17:00,B,Los Angeles,Member,Female,Health and Beauty,34,6,10.2,214.2,E-wallet,142.8,61.2,No Rating Given
INV-2025-00535,04-06-2025,16:25,B,Los Angeles,Member,Male,Food and Beverages,5.66,8,2.264,47.544,Credit Card,31.696,13.584,6
INV-2025-03185,23-06-2025,09:45,C,Chicago,Member,Female,Food and Beverages,19.01,6,5.703,119.763,Credit Card,79.842,34.218,7.1
INV-2025-03858,06-01-2025,11:27,A,New York,Member,Male,Food and Beverages,7.11,9,3.1995,67.1895,E-wallet,44.793,19.197,8.4
INV-2025-00444,26-05-2025,14:08,A,New York,Normal,Male,Health and Beauty,43.18,6,12.954,272.034,E-wallet,181.356,77.724,6.8
INV-2025-03605,15-09-2025,14:07,A,New York,Member,Male,Health and Beauty,16.83,10,8.415,176.715,E-wallet,117.81,50.49,6.5
INV-2025-00196,05-07-2025,10:36,A,New York,Normal,Male,Food and Beverages,14.34,3,2.151,45.171,Credit Card,30.114,12.906,7.1
INV-2025-01116,12-06-2025,20:10,C,Chicago,Normal,Female,Food and Beverages,2.33,7,0.8155,17.1255,Credit Card,11.417,4.893,8
INV-2025-00766,31-03-2025,13:35,A,New York,Member,Male,Home and Lifestyle,83.75,1,4.1875,87.9375,E-wallet,58.625,25.125,4.8
INV-2025-01946,12-01-2025,18:39,B,Los Angeles,Normal,Male,Health and Beauty,32.26,10,16.13,338.73,Cash,225.82,96.78,No Rating Given
INV-2025-03248,04-04-2025,14:37,B,Los Angeles,Member,Male,Electronic Accessories,98.15,7,34.3525,721.4025,E-wallet,480.935,206.115,8.9
INV-2025-03003,19-07-2025,19:14,B,Los Angeles,Normal,Male,Food and Beverages,9.47,8,3.788,79.548,Cash,53.032,22.728,8.7
INV-2025-01433,09-09-2025,20:25,B,Los Angeles,Member,Male,Home and Lifestyle,37.03,3,5.5545,116.6445,Credit Card,77.763,33.327,7.6
INV-2025-04201,12-10-2025,21:05,C,Chicago,Normal,Female,Fashion Accessories,32.06,5,8.015,168.315,Credit Card,112.21,48.09,8.5
INV-2025-03096,04-10-2025,14:00,C,Chicago,Member,Male,Home and Lifestyle,76.55,7,26.7925,562.6425,E-wallet,375.095,160.755,7.6
INV-2025-02923,23-10-2025,14:32,B,Los Angeles,Member,Female,Fashion Accessories,55.14,5,13.785,289.485,Credit Card,192.99,82.71,9.1
INV-2025-00645,13-07-2025,16:20,B,Los Angeles,Normal,Male,Fashion Accessories,53.88,6,16.164,339.444,Credit Card,226.296,96.984,8.9
INV-2025-01050,10-06-2025,20:28,A,New York,Normal,Female,Home and Lifestyle,80.83,3,12.1245,254.6145,Cash,169.743,72.747,5
INV-2025-03746,18-01-2025,12:24,A,New York,Member,Female,Fashion Accessories,59.78,8,23.912,502.152,Credit Card,334.768,143.472,7
INV-2025-04094,02-07-2025,15:38,B,Los Angeles,Normal,Male,Home and Lifestyle,56.1,2,5.61,117.81,Cash,78.54,33.66,7.9
INV-2025-04404,09-06-2025,14:21,B,Los Angeles,Member,Male,Sports and Travel,27.42,10,13.71,287.91,E-wallet,191.94,82.26,7.9
INV-2025-00121,19-04-2025,18:48,A,New York,Member,Male,Sports and Travel,69.82,3,10.473,219.933,Cash,146.622,62.838,7.2
INV-2025-02053,30-03-2025,13:49,C,Chicago,Normal,Female,Electronic Accessories,90.95,3,13.6425,286.4925,Credit Card,190.995,81.855,9
INV-2025-04259,30-07-2025,12:10,B,Los Angeles,Member,Male,Home and Lifestyle,34.97,5,8.7425,183.5925,Cash,122.395,52.455,4.9
INV-2025-04889,24-02-2025,14:13,B,Los Angeles,Normal,Male,Fashion Accessories,54.01,3,8.1015,170.1315,Credit Card,113.421,48.609,7.4
INV-2025-04335,11-01-2025,20:51,C,Chicago,Member,Female,Fashion Accessories,30.81,10,15.405,323.505,E-wallet,215.67,92.43,9.5
INV-2025-04692,27-12-2025,19:36,A,New York,Member,Female,Electronic Accessories,56.46,7,19.761,414.981,Cash,276.654,118.566,6.4
INV-2025-00135,18-09-2025,13:23,A,New York,Normal,Female,Sports and Travel,36.52,3,5.478,115.038,Cash,76.692,32.868,5.8
INV-2025-02461,14-03-2025,16:01,A,New York,Normal,Male,Home and Lifestyle,64.35,2,6.435,135.135,Credit Card,90.09,38.61,6.3
INV-2025-01955,07-09-2025,16:22,A,New York,Normal,Male,Sports and Travel,42.41,7,14.8435,311.7135,E-wallet,207.809,89.061,7.7
INV-2025-02464,13-09-2025,17:01,C,Chicago,Normal,Male,Sports and Travel,64.07,7,22.4245,470.9145,Cash,313.943,134.547,8.2
INV-2025-00185,12-03-2025,11:47,B,Los Angeles,Member,Male,Fashion Accessories,25.13,2,2.513,52.773,Credit Card,35.182,15.078,8.3
INV-2025-01393,11-05-2025,17:16,A,New York,Member,Female,Health and Beauty,13.33,5,3.3325,69.9825,E-wallet,46.655,19.995,6.7
INV-2025-02277,07-07-2025,14:58,A,New York,Normal,Male,Fashion Accessories,38.55,2,3.855,80.955,Credit Card,53.97,23.13,9.8
INV-2025-00512,08-07-2025,20:52,A,New York,Member,Male,Home and Lifestyle,52.96,2,5.296,111.216,Credit Card,74.144,31.776,5.6
INV-2025-04730,02-06-2025,15:58,A,New York,Member,Male,Sports and Travel,70.65,3,10.5975,222.5475,Credit Card,148.365,63.585,6.5
INV-2025-04055,16-09-2025,17:04,C,Chicago,Member,Female,Health and Beauty,10.69,7,3.7415,78.5715,E-wallet,52.381,22.449,7
INV-2025-03138,07-06-2025,15:00,A,New York,Member,Male,Sports and Travel,83.31,8,33.324,699.804,Credit Card,466.536,199.944,8.5
INV-2025-02670,25-09-2025,14:37,A,New York,Normal,Male,Electronic Accessories,82.72,3,12.408,260.568,Cash,173.712,74.448,7.8
INV-2025-04774,19-10-2025,12:00,C,Chicago,Normal,Female,Health and Beauty,53.65,5,13.4125,281.6625,Cash,187.775,80.475,6.5
INV-2025-04862,10-03-2025,19:37,B,Los Angeles,Normal,Female,Home and Lifestyle,77.18,8,30.872,648.312,E-wallet,432.208,185.232,7.3
INV-2025-02118,29-06-2025,19:16,C,Chicago,Normal,Male,Fashion Accessories,66.99,4,13.398,281.358,Credit Card,187.572,80.388,9.5
INV-2025-00252,09-10-2025,15:36,A,New York,Normal,Female,Food and Beverages,20.92,1,1.046,21.966,E-wallet,14.644,6.276,6.6
INV-2025-03527,05-08-2025,10:22,B,Los Angeles,Member,Female,Fashion Accessories,48.93,10,24.465,513.765,Cash,342.51,146.79,9.9
INV-2025-03560,05-11-2025,13:05,B,Los Angeles,Normal,Male,Fashion Accessories,55.95,10,27.975,587.475,Cash,391.65,167.85,9
INV-2025-04012,30-07-2025,15:56,B,Los Angeles,Normal,Male,Home and Lifestyle,30.01,2,3.001,63.021,Credit Card,42.014,18.006,7.4
INV-2025-01508,03-10-2025,17:03,C,Chicago,Normal,Male,Fashion Accessories,19.74,6,5.922,124.362,Credit Card,82.908,35.532,8
INV-2025-00123,10-06-2025,16:36,B,Los Angeles,Normal,Female,Health and Beauty,30.25,6,9.075,190.575,Cash,127.05,54.45,9.7
INV-2025-04260,09-11-2025,20:35,C,Chicago,Member,Female,Home and Lifestyle,42.33,2,4.233,88.893,Cash,59.262,25.398,6.5
INV-2025-03334,17-01-2025,18:29,C,Chicago,Normal,Male,Home and Lifestyle,21.52,10,10.76,225.96,Credit Card,150.64,64.56,8.6
INV-2025-01872,11-01-2025,13:18,A,New York,Member,Male,Sports and Travel,65.75,5,16.4375,345.1875,Credit Card,230.125,98.625,7.9
INV-2025-03693,30-07-2025,14:52,C,Chicago,Normal,Female,Fashion Accessories,71.08,9,31.986,671.706,E-wallet,447.804,191.916,6.8
INV-2025-00568,28-11-2025,11:34,C,Chicago,Member,Female,Home and Lifestyle,65.35,3,9.8025,205.8525,Credit Card,137.235,58.815,9.8
INV-2025-01372,31-05-2025,19:02,A,New York,Member,Male,Fashion Accessories,20.06,2,2.006,42.126,Cash,28.084,12.036,6.9
INV-2025-03186,11-03-2025,17:18,B,Los Angeles,Member,Male,Home and Lifestyle,21.87,7,7.6545,160.7445,Credit Card,107.163,45.927,6.2
INV-2025-03956,05-04-2025,15:49,A,New York,Member,Male,Sports and Travel,62.96,5,15.74,330.54,E-wallet,220.36,94.44,8.1
INV-2025-01057,17-10-2025,15:36,B,Los Angeles,Normal,Male,Food and Beverages,20.36,10,10.18,213.78,Credit Card,142.52,61.08,7.1
INV-2025-00857,23-09-2025,20:18,B,Los Angeles,Member,Female,Fashion Accessories,30.34,6,9.102,191.142,Credit Card,127.428,54.612,7.1
INV-2025-03839,28-11-2025,15:50,B,Los Angeles,Member,Male,Fashion Accessories,24.33,6,7.299,153.279,E-wallet,102.186,43.794,4.6
INV-2025-02861,16-08-2025,15:38,C,Chicago,Member,Male,Sports and Travel,84.37,9,37.9665,797.2965,Cash,531.531,227.799,8.3
INV-2025-04770,01-03-2025,18:15,C,Chicago,Member,Male,Health and Beauty,21.99,5,5.4975,115.4475,E-wallet,76.965,32.985,6.3
INV-2025-00777,09-05-2025,13:52,C,Chicago,Normal,Male,Fashion Accessories,49.26,3,7.389,155.169,E-wallet,103.446,44.334,8.5
INV-2025-00721,01-02-2025,14:08,B,Los Angeles,Member,Female,Fashion Accessories,44.21,10,22.105,464.205,Credit Card,309.47,132.63,8.7
INV-2025-02711,08-04-2025,13:34,C,Chicago,Member,Male,Food and Beverages,9.03,3,1.3545,28.4445,Credit Card,18.963,8.127,5.5
INV-2025-02655,14-09-2025,11:26,B,Los Angeles,Member,Female,Fashion Accessories,51.62,4,10.324,216.804,Credit Card,144.536,61.944,5.4
INV-2025-04878,21-12-2025,17:00,C,Chicago,Normal,Female,Electronic Accessories,29.43,6,8.829,185.409,Credit Card,123.606,52.974,7.3
INV-2025-00603,21-12-2025,20:50,A,New York,Member,Male,Home and Lifestyle,60.22,8,24.088,505.848,Cash,337.232,144.528,5.1
INV-2025-03823,30-05-2025,18:50,B,Los Angeles,Member,Male,Electronic Accessories,39.49,2,3.949,82.929,Cash,55.286,23.694,5.7
INV-2025-01245,02-04-2025,14:44,A,New York,Member,Female,Home and Lifestyle,30.2,6,9.06,190.26,Credit Card,126.84,54.36,6.4
INV-2025-04846,29-05-2025,21:44,A,New York,Normal,Male,Electronic Accessories,90.84,1,4.542,95.382,Credit Card,63.588,27.252,4.9
INV-2025-04842,01-11-2025,13:16,C,Chicago,Normal,Female,Fashion Accessories,29.8,7,10.43,219.03,Credit Card,146.02,62.58,6.8
INV-2025-00319,10-10-2025,13:17,B,Los Angeles,Normal,Male,Fashion Accessories,50.5,9,22.725,477.225,E-wallet,318.15,136.35,4.7
INV-2025-00829,04-07-2025,17:24,B,Los Angeles,Normal,Female,Health and Beauty,10.15,7,3.5525,74.6025,Credit Card,49.735,21.315,9.3
INV-2025-03264,26-03-2025,19:08,B,Los Angeles,Member,Female,Food and Beverages,11.92,1,0.596,12.516,E-wallet,8.344,3.576,7.4
INV-2025-00275,11-08-2025,11:39,B,Los Angeles,Member,Male,Health and Beauty,10.63,3,1.5945,33.4845,Credit Card,22.323,9.567,5
INV-2025-02665,08-02-2025,13:03,B,Los Angeles,Normal,Female,Electronic Accessories,56.86,5,14.215,298.515,E-wallet,199.01,85.29,5.4
INV-2025-00550,30-06-2025,20:51,A,New York,Member,Female,Fashion Accessories,61.03,5,15.2575,320.4075,Cash,213.605,91.545,6.8
INV-2025-03642,17-12-2025,18:52,C,Chicago,Member,Male,Health and Beauty,38.83,6,11.649,244.629,Credit Card,163.086,69.894,5.1
INV-2025-04054,22-07-2025,11:00,B,Los Angeles,Normal,Female,Electronic Accessories,49.32,9,22.194,466.074,E-wallet,310.716,133.164,8.1
INV-2025-04893,07-03-2025,18:39,A,New York,Member,Female,Sports and Travel,45.22,2,4.522,94.962,Credit Card,63.308,27.132,6.9
INV-2025-02935,15-01-2025,17:21,B,Los Angeles,Member,Female,Electronic Accessories,23.68,1,1.184,24.864,Cash,16.576,7.104,4.8
INV-2025-00606,28-12-2025,13:57,A,New York,Normal,Male,Food and Beverages,18.76,8,7.504,157.584,Credit Card,105.056,45.024,4.7
INV-2025-00897,18-04-2025,16:00,B,Los Angeles,Normal,Female,Home and Lifestyle,25.83,9,11.6235,244.0935,Cash,162.729,69.741,4.8
INV-2025-00528,08-01-2025,20:35,B,Los Angeles,Member,Female,Food and Beverages,9.33,3,1.3995,29.3895,E-wallet,19.593,8.397,8.8
INV-2025-04608,05-06-2025,12:07,B,Los Angeles,Normal,Male,Sports and Travel,84.09,10,42.045,882.945,E-wallet,588.63,252.27,6.8
INV-2025-02348,06-12-2025,20:13,B,Los Angeles,Normal,Female,Electronic Accessories,87.4,3,13.11,275.31,Credit Card,183.54,78.66,8.3
INV-2025-03440,21-04-2025,18:53,B,Los Angeles,Normal,Male,Electronic Accessories,53.24,2,5.324,111.804,Credit Card,74.536,31.944,4.7
INV-2025-01850,09-08-2025,21:05,C,Chicago,Normal,Male,Home and Lifestyle,69.41,9,31.2345,655.9245,Cash,437.283,187.407,No Rating Given
INV-2025-04827,06-10-2025,08:06,A,New York,Normal,Male,Sports and Travel,27.46,8,10.984,230.664,Cash,153.776,65.904,4.1
INV-2025-03923,18-01-2025,16:50,A,New York,Normal,Female,Health and Beauty,57.06,10,28.53,599.13,Credit Card,399.42,171.18,7.5
INV-2025-00299,24-12-2025,13:37,A,New York,Normal,Male,Food and Beverages,23.81,8,9.524,200.004,Unknown,133.336,57.144,5.1
INV-2025-02120,20-08-2025,15:44,A,New York,Normal,Male,Food and Beverages,9.09,1,0.4545,9.5445,Credit Card,6.363,2.727,7.9
INV-2025-02537,05-05-2025,08:49,C,Chicago,Normal,Female,Food and Beverages,3.06,10,1.53,32.13,Credit Card,21.42,9.18,8
INV-2025-04204,10-01-2025,21:46,B,Los Angeles,Member,Male,Home and Lifestyle,49.73,5,12.4325,261.0825,Cash,174.055,74.595,6.7
INV-2025-03255,19-10-2025,20:42,B,Los Angeles,Member,Male,Home and Lifestyle,23.14,8,9.256,194.376,Credit Card,129.584,55.536,6.5
INV-2025-03726,19-07-2025,08:37,A,New York,Member,Male,Fashion Accessories,64.82,7,22.687,476.427,Credit Card,317.618,136.122,9.8
INV-2025-01261,28-03-2025,08:33,A,New York,Member,Female,Health and Beauty,50,10,25,525,Credit Card,350,150,9.2
INV-2025-01559,03-11-2025,13:10,A,New York,Normal,Male,Fashion Accessories,36.21,7,12.6735,266.1435,Credit Card,177.429,76.041,7.6
INV-2025-03270,02-10-2025,13:01,B,Los Angeles,Normal,Male,Food and Beverages,16.79,5,4.1975,88.1475,Cash,58.765,25.185,4.6
INV-2025-04047,30-04-2025,19:59,C,Chicago,Member,Female,Sports and Travel,71.86,4,14.372,301.812,E-wallet,201.208,86.232,8.6
INV-2025-00757,08-08-2025,19:39,A,New York,Normal,Male,Sports and Travel,56.03,10,28.015,588.315,Cash,392.21,168.09,4.6
INV-2025-01011,04-01-2025,19:39,B,Los Angeles,Member,Male,Electronic Accessories,66.32,2,6.632,139.272,Unknown,92.848,39.792,5.5
INV-2025-02795,27-09-2025,12:01,A,New York,Member,Female,Sports and Travel,41.31,8,16.524,347.004,Cash,231.336,99.144,8.6
INV-2025-02906,18-12-2025,13:53,B,Los Angeles,Member,Male,Food and Beverages,14.8,5,3.7,77.7,Credit Card,51.8,22.2,7.1
INV-2025-01871,26-02-2025,15:11,A,New York,Normal,Female,Fashion Accessories,26.54,4,5.308,111.468,Credit Card,74.312,31.848,5.1
INV-2025-02230,05-06-2025,20:19,A,New York,Normal,Male,Home and Lifestyle,47.84,8,19.136,401.856,Credit Card,267.904,114.816,8.2
INV-2025-01174,06-09-2025,17:55,B,Los Angeles,Member,Female,Health and Beauty,43.44,2,4.344,91.224,Credit Card,60.816,26.064,5.9
INV-2025-01833,05-02-2025,13:01,C,Chicago,Member,Female,Home and Lifestyle,89.52,10,44.76,939.96,Credit Card,626.64,268.56,8.8
INV-2025-00377,08-02-2025,12:11,C,Chicago,Member,Male,Sports and Travel,41.75,5,10.4375,219.1875,Cash,146.125,62.625,7.5
INV-2025-03854,14-04-2025,14:22,B,Los Angeles,Member,Female,Sports and Travel,55.28,10,27.64,580.44,E-wallet,386.96,165.84,4
INV-2025-03617,07-12-2025,12:39,C,Chicago,Normal,Male,Electronic Accessories,47.71,7,16.6985,350.6685,Cash,233.779,100.191,5
INV-2025-00799,14-04-2025,20:23,C,Chicago,Member,Male,Sports and Travel,26.68,1,1.334,28.014,Credit Card,18.676,8.004,5.2
INV-2025-00379,21-10-2025,16:04,C,Chicago,Member,Male,Electronic Accessories,59.25,9,26.6625,559.9125,Cash,373.275,159.975,7.3
INV-2025-01159,26-08-2025,13:59,B,Los Angeles,Normal,Male,Sports and Travel,42.3,9,19.035,399.735,E-wallet,266.49,114.21,8.6
INV-2025-03820,02-07-2025,14:15,C,Chicago,Normal,Female,Home and Lifestyle,27.03,1,1.3515,28.3815,Credit Card,18.921,8.109,8.5
INV-2025-02793,25-06-2025,20:44,C,Chicago,Member,Male,Sports and Travel,77.43,1,3.8715,81.3015,Credit Card,54.201,23.229,6.7
INV-2025-02241,12-06-2025,19:55,A,New York,Member,Male,Electronic Accessories,49.7,1,2.485,52.185,E-wallet,34.79,14.91,5.8
INV-2025-04036,19-09-2025,12:20,C,Chicago,Member,Female,Home and Lifestyle,35.66,1,1.783,37.443,Credit Card,24.962,10.698,4.8
INV-2025-02663,08-08-2025,15:15,B,Los Angeles,Normal,Female,Fashion Accessories,44.27,7,15.4945,325.3845,Cash,216.923,92.967,4.3
INV-2025-04013,16-09-2025,11:09,C,Chicago,Normal,Female,Sports and Travel,64.57,2,6.457,135.597,Credit Card,90.398,38.742,4.1
INV-2025-02958,12-07-2025,11:14,A,New York,Member,Male,Home and Lifestyle,82.38,9,37.071,778.491,E-wallet,518.994,222.426,4.5
INV-2025-03928,17-04-2025,14:42,A,New York,Member,Male,Home and Lifestyle,78.96,6,23.688,497.448,Credit Card,331.632,142.128,6.6
INV-2025-01039,01-12-2025,12:57,A,New York,Normal,Male,Health and Beauty,27.33,7,9.5655,200.8755,Credit Card,133.917,57.393,7.7
INV-2025-03260,09-09-2025,11:05,B,Los Angeles,Normal,Male,Electronic Accessories,46.41,1,2.3205,48.7305,Cash,32.487,13.923,4.5
INV-2025-01345,16-04-2025,12:36,C,Chicago,Member,Male,Food and Beverages,20.81,6,6.243,131.103,Credit Card,87.402,37.458,7.9
INV-2025-02506,04-11-2025,08:47,B,Los Angeles,Normal,Female,Sports and Travel,53.93,1,2.6965,56.6265,Cash,37.751,16.179,6.1
INV-2025-01722,07-11-2025,15:00,B,Los Angeles,Member,Male,Sports and Travel,56.75,8,22.7,476.7,E-wallet,317.8,136.2,No Rating Given
INV-2025-04664,26-08-2025,13:09,B,Los Angeles,Member,Female,Sports and Travel,28.94,2,2.894,60.774,Credit Card,40.516,17.364,5.3
INV-2025-00176,10-11-2025,13:25,C,Chicago,Normal,Female,Food and Beverages,9.74,9,4.383,92.043,Credit Card,61.362,26.298,8.3
INV-2025-04894,09-02-2025,12:54,B,Los Angeles,Normal,Female,Food and Beverages,7.66,4,1.532,32.172,Credit Card,21.448,9.192,8.3
INV-2025-01910,24-11-2025,15:25,C,Chicago,Member,Male,Health and Beauty,51.78,1,2.589,54.369,Cash,36.246,15.534,4.8
INV-2025-00046,04-03-2025,15:51,B,Los Angeles,Member,Female,Sports and Travel,61.76,9,27.792,583.632,Credit Card,389.088,166.752,9.4
INV-2025-03410,08-10-2025,16:14,B,Los Angeles,Normal,Female,Fashion Accessories,63.22,5,15.805,331.905,Credit Card,221.27,94.83,7.9
INV-2025-04675,18-11-2025,10:22,C,Chicago,Normal,Male,Electronic Accessories,94.63,9,42.5835,894.2535,E-wallet,596.169,255.501,5
INV-2025-01076,11-04-2025,12:09,B,Los Angeles,Member,Female,Home and Lifestyle,29.23,2,2.923,61.383,E-wallet,40.922,17.538,9.1
INV-2025-02830,19-11-2025,14:45,C,Chicago,Member,Male,Health and Beauty,13.72,4,2.744,57.624,Cash,38.416,16.464,6.6
INV-2025-01505,24-12-2025,17:33,A,New York,Member,Female,Fashion Accessories,51.2,2,5.12,107.52,Credit Card,71.68,30.72,5.9
INV-2025-02310,03-11-2025,12:53,C,Chicago,Normal,Female,Electronic Accessories,33.41,3,5.0115,105.2415,Credit Card,70.161,30.069,5.8
INV-2025-01437,01-01-2025,19:12,C,Chicago,Normal,Female,Health and Beauty,23.37,5,5.8425,122.6925,Credit Card,81.795,35.055,7.2
INV-2025-02419,03-05-2025,21:37,B,Los Angeles,Normal,Male,Home and Lifestyle,31.15,7,10.9025,228.9525,Credit Card,152.635,65.415,4.6
INV-2025-03987,11-03-2025,18:05,C,Chicago,Normal,Male,Sports and Travel,34.5,1,1.725,36.225,E-wallet,24.15,10.35,6
INV-2025-03099,14-04-2025,13:21,C,Chicago,Member,Male,Health and Beauty,36.05,9,16.2225,340.6725,E-wallet,227.115,97.335,5.9
INV-2025-04589,23-12-2025,09:26,B,Los Angeles,Normal,Female,Home and Lifestyle,63.8,7,22.33,468.93,Credit Card,312.62,133.98,9.4
INV-2025-00284,23-02-2025,12:15,B,Los Angeles,Normal,Male,Fashion Accessories,28.19,1,1.4095,29.5995,E-wallet,19.733,8.457,9.4
INV-2025-04919,20-11-2025,18:10,C,Chicago,Normal,Male,Home and Lifestyle,74.09,4,14.818,311.178,Credit Card,207.452,88.908,6.5
INV-2025-00843,21-10-2025,15:53,A,New York,Member,Female,Health and Beauty,59.06,6,17.718,372.078,Cash,248.052,106.308,8.3
INV-2025-01514,11-11-2025,16:39,B,Los Angeles,Normal,Male,Electronic Accessories,20.48,5,5.12,107.52,E-wallet,71.68,30.72,9.6
INV-2025-01169,25-11-2025,18:29,C,Chicago,Member,Male,Home and Lifestyle,43.97,8,17.588,369.348,Credit Card,246.232,105.528,6.7
INV-2025-01593,01-09-2025,18:33,A,New York,Normal,Female,Home and Lifestyle,23.21,10,11.605,243.705,Cash,162.47,69.63,9.1
INV-2025-03461,08-06-2025,12:26,B,Los Angeles,Normal,Female,Fashion Accessories,11.07,6,3.321,69.741,Credit Card,46.494,19.926,5.1
INV-2025-03166,11-12-2025,11:47,C,Chicago,Normal,Male,Sports and Travel,49.67,9,22.3515,469.3815,Credit Card,312.921,134.109,6
INV-2025-02285,23-11-2025,21:12,C,Chicago,Member,Male,Sports and Travel,82.7,6,24.81,521.01,E-wallet,347.34,148.86,8.5
INV-2025-03576,16-10-2025,18:27,A,New York,Member,Male,Electronic Accessories,56.03,7,19.6105,411.8205,Credit Card,274.547,117.663,8.3
INV-2025-04871,05-02-2025,12:43,C,Chicago,Member,Male,Health and Beauty,55.7,5,13.925,292.425,Credit Card,194.95,83.55,8.6
INV-2025-02306,22-02-2025,13:16,A,New York,Normal,Male,Health and Beauty,14.77,7,5.1695,108.5595,Credit Card,72.373,31.017,5.5
INV-2025-00953,11-07-2025,19:33,C,Chicago,Normal,Female,Electronic Accessories,96.53,7,33.7855,709.4955,Cash,472.997,202.713,9.8
INV-2025-04943,26-01-2025,11:20,B,Los Angeles,Normal,Female,Home and Lifestyle,27.92,8,11.168,234.528,Credit Card,156.352,67.008,5.4
INV-2025-03054,12-07-2025,12:47,C,Chicago,Member,Female,Fashion Accessories,61.66,4,12.332,258.972,Credit Card,172.648,73.992,9
INV-2025-04560,22-10-2025,16:13,B,Los Angeles,Member,Male,Health and Beauty,16.92,1,0.846,17.766,Cash,11.844,5.076,4.9
INV-2025-02686,22-05-2025,12:21,C,Chicago,Member,Male,Fashion Accessories,68.59,3,10.2885,216.0585,E-wallet,144.039,61.731,6
INV-2025-01490,07-02-2025,11:35,B,Los Angeles,Member,Male,Electronic Accessories,46.52,1,2.326,48.846,Cash,32.564,13.956,9.5
INV-2025-00928,02-09-2025,16:54,A,New York,Member,Female,Health and Beauty,54.26,2,5.426,113.946,E-wallet,75.964,32.556,5.4
INV-2025-01210,30-08-2025,09:17,C,Chicago,Normal,Male,Electronic Accessories,87.03,3,13.0545,274.1445,Credit Card,182.763,78.327,No Rating Given
INV-2025-03974,04-10-2025,09:40,A,New York,Member,Female,Home and Lifestyle,57.87,10,28.935,607.635,E-wallet,405.09,173.61,8.8
INV-2025-03546,22-01-2025,13:45,C,Chicago,Member,Male,Sports and Travel,27.9,4,5.58,117.18,Cash,78.12,33.48,9
INV-2025-04362,10-05-2025,12:29,B,Los Angeles,Normal,Male,Home and Lifestyle,48.07,10,24.035,504.735,Credit Card,336.49,144.21,8.8
INV-2025-01922,19-07-2025,13:18,B,Los Angeles,Member,Male,Food and Beverages,12.05,3,1.8075,37.9575,Cash,25.305,10.845,8.9
INV-2025-00352,31-03-2025,19:54,A,New York,Normal,Female,Sports and Travel,69.31,2,6.931,145.551,E-wallet,97.034,41.586,9.3
INV-2025-04899,21-11-2025,20:28,A,New York,Member,Female,Sports and Travel,66.99,5,16.7475,351.6975,Credit Card,234.465,100.485,7.2
INV-2025-03394,26-06-2025,10:32,C,Chicago,Member,Male,Sports and Travel,79,10,39.5,829.5,Cash,553,237,4.3
INV-2025-02722,13-09-2025,17:42,C,Chicago,Member,Female,Sports and Travel,49.9,8,19.96,419.16,Credit Card,279.44,119.76,8.4
INV-2025-02582,06-05-2025,13:11,C,Chicago,Normal,Male,Sports and Travel,50.79,1,2.5395,53.3295,Unknown,35.553,15.237,No Rating Given
INV-2025-00719,03-01-2025,14:15,C,Chicago,Normal,Male,Home and Lifestyle,40.94,10,20.47,429.87,Credit Card,286.58,122.82,8.3
INV-2025-02703,18-05-2025,20:43,A,New York,Member,Male,Food and Beverages,13.67,7,4.7845,100.4745,Credit Card,66.983,28.707,6.1
INV-2025-02723,20-02-2025,13:25,B,Los Angeles,Normal,Female,Home and Lifestyle,31.96,1,1.598,33.558,Cash,22.372,9.588,No Rating Given
INV-2025-04562,13-12-2025,21:39,A,New York,Member,Female,Health and Beauty,31.73,1,1.5865,33.3165,Credit Card,22.211,9.519,9.9
INV-2025-00309,23-02-2025,10:10,C,Chicago,Member,Male,Food and Beverages,23.66,2,2.366,49.686,Credit Card,33.124,14.196,9.9
INV-2025-01676,21-05-2025,09:36,B,Los Angeles,Normal,Female,Fashion Accessories,41.48,2,4.148,87.108,E-wallet,58.072,24.888,4.8
INV-2025-00834,08-10-2025,21:29,A,New York,Member,Male,Sports and Travel,64.76,4,12.952,271.992,Cash,181.328,77.712,5
INV-2025-00367,13-09-2025,08:47,A,New York,Normal,Female,Food and Beverages,19.96,3,2.994,62.874,Credit Card,41.916,17.964,5
INV-2025-04507,09-04-2025,17:28,C,Chicago,Member,Male,Food and Beverages,2.98,4,0.596,12.516,Credit Card,8.344,3.576,7.3
INV-2025-02079,16-09-2025,19:51,B,Los Angeles,Normal,Male,Food and Beverages,6.45,4,1.29,27.09,Cash,18.06,7.74,5
INV-2025-04039,21-12-2025,11:33,B,Los Angeles,Member,Male,Home and Lifestyle,72.41,5,18.1025,380.1525,Cash,253.435,108.615,No Rating Given
INV-2025-04847,21-02-2025,19:14,B,Los Angeles,Member,Female,Home and Lifestyle,82.94,4,16.588,348.348,Credit Card,232.232,99.528,7.3
INV-2025-04480,12-05-2025,17:51,B,Los Angeles,Normal,Female,Fashion Accessories,31.5,1,1.575,33.075,Cash,22.05,9.45,6.6
INV-2025-01747,18-07-2025,11:43,A,New York,Member,Female,Fashion Accessories,71.26,7,24.941,523.761,Cash,349.174,149.646,8.2
INV-2025-00020,01-07-2025,14:29,C,Chicago,Member,Male,Health and Beauty,30.13,6,9.039,189.819,E-wallet,126.546,54.234,4.7
INV-2025-01323,02-09-2025,17:09,A,New York,Normal,Male,Sports and Travel,54.43,5,13.6075,285.7575,Credit Card,190.505,81.645,6
INV-2025-03568,08-12-2025,19:55,A,New York,Normal,Female,Sports and Travel,66.24,9,29.808,625.968,Credit Card,417.312,178.848,4.5
INV-2025-02522,25-07-2025,17:54,C,Chicago,Member,Female,Food and Beverages,16.09,9,7.2405,152.0505,Credit Card,101.367,43.443,9
INV-2025-00219,02-10-2025,21:01,B,Los Angeles,Normal,Female,Electronic Accessories,24.1,2,2.41,50.61,Credit Card,33.74,14.46,5.4
INV-2025-01488,14-07-2025,15:12,C,Chicago,Member,Female,Home and Lifestyle,53,4,10.6,222.6,Credit Card,148.4,63.6,7
INV-2025-00439,10-02-2025,14:18,B,Los Angeles,Normal,Male,Fashion Accessories,62.5,6,18.75,393.75,Credit Card,262.5,112.5,7.7
INV-2025-04175,12-04-2025,12:54,C,Chicago,Normal,Female,Sports and Travel,37.74,9,16.983,356.643,E-wallet,237.762,101.898,5.3
INV-2025-02751,19-11-2025,20:43,A,New York,Member,Male,Sports and Travel,43.61,3,6.5415,137.3715,Cash,91.581,39.249,8.5
INV-2025-03289,17-03-2025,15:51,B,Los Angeles,Member,Female,Sports and Travel,78.21,6,23.463,492.723,E-wallet,328.482,140.778,9.7
INV-2025-03434,14-04-2025,10:58,B,Los Angeles,Member,Male,Fashion Accessories,46.22,4,9.244,194.124,Credit Card,129.416,55.464,8.2
INV-2025-02526,18-02-2025,12:29,C,Chicago,Member,Female,Sports and Travel,74.08,7,25.928,544.488,Cash,362.992,155.568,7.6
INV-2025-04651,21-11-2025,16:54,B,Los Angeles,Member,Female,Fashion Accessories,43.65,9,19.6425,412.4925,E-wallet,274.995,117.855,6.9
INV-2025-03689,03-01-2025,10:46,A,New York,Normal,Female,Sports and Travel,27.71,4,5.542,116.382,E-wallet,77.588,33.252,10
INV-2025-02764,06-09-2025,19:33,B,Los Angeles,Member,Male,Health and Beauty,24.05,7,8.4175,176.7675,Credit Card,117.845,50.505,6.3
INV-2025-00803,04-02-2025,19:26,A,New York,Normal,Male,Fashion Accessories,44.85,10,22.425,470.925,Cash,313.95,134.55,9.8
INV-2025-02998,20-06-2025,13:45,B,Los Angeles,Member,Female,Home and Lifestyle,32.28,7,11.298,237.258,Credit Card,158.172,67.788,5.5
INV-2025-02229,07-02-2025,12:28,B,Los Angeles,Normal,Male,Electronic Accessories,92.32,10,46.16,969.36,E-wallet,646.24,276.96,8.2
INV-2025-04786,30-12-2025,16:18,A,New York,Normal,Female,Home and Lifestyle,33.28,10,16.64,349.44,Credit Card,232.96,99.84,9.4
INV-2025-02078,28-02-2025,17:46,A,New York,Member,Female,Fashion Accessories,54.39,1,2.7195,57.1095,Cash,38.073,16.317,No Rating Given
INV-2025-00583,13-12-2025,20:14,C,Chicago,Member,Male,Electronic Accessories,77.71,4,15.542,326.382,Credit Card,217.588,93.252,5.3
INV-2025-00204,25-01-2025,12:02,B,Los Angeles,Member,Male,Health and Beauty,17.01,5,4.2525,89.3025,Cash,59.535,25.515,9.5
INV-2025-04347,07-06-2025,11:30,C,Chicago,Member,Female,Sports and Travel,57.96,6,17.388,365.148,Cash,243.432,104.328,6.8
INV-2025-03479,30-09-2025,21:57,A,New York,Member,Male,Food and Beverages,7.46,9,3.357,70.497,Cash,46.998,20.142,9.2
INV-2025-02930,31-05-2025,13:32,A,New York,Member,Female,Health and Beauty,21.78,1,1.089,22.869,Cash,15.246,6.534,7.7
INV-2025-03086,27-07-2025,19:03,C,Chicago,Member,Female,Electronic Accessories,22.57,3,3.3855,71.0955,E-wallet,47.397,20.313,9.1
INV-2025-01019,27-11-2025,15:30,B,Los Angeles,Member,Female,Electronic Accessories,74.31,10,37.155,780.255,E-wallet,520.17,222.93,6.1
INV-2025-01584,01-04-2025,19:21,C,Chicago,Member,Male,Food and Beverages,11.04,10,5.52,115.92,Credit Card,77.28,33.12,4.8
INV-2025-01033,02-09-2025,13:54,C,Chicago,Member,Male,Health and Beauty,48.68,4,9.736,204.456,Credit Card,136.304,58.416,No Rating Given
INV-2025-01719,09-07-2025,13:05,C,Chicago,Normal,Male,Home and Lifestyle,20.11,8,8.044,168.924,Credit Card,112.616,48.264,4.6
INV-2025-01282,31-03-2025,13:12,C,Chicago,Member,Female,Electronic Accessories,95.48,9,42.966,902.286,Cash,601.524,257.796,5.1
INV-2025-02499,13-07-2025,18:33,A,New York,Member,Male,Electronic Accessories,78.31,5,19.5775,411.1275,Credit Card,274.085,117.465,9.3
INV-2025-03351,18-04-2025,14:49,C,Chicago,Member,Male,Sports and Travel,56.8,10,28.4,596.4,Credit Card,397.6,170.4,7.2
INV-2025-00518,20-06-2025,13:46,B,Los Angeles,Normal,Male,Electronic Accessories,43.09,6,12.927,271.467,E-wallet,180.978,77.562,6.9
INV-2025-01748,28-03-2025,17:25,C,Chicago,Member,Male,Home and Lifestyle,77.23,5,19.3075,405.4575,Credit Card,270.305,115.845,4.5
INV-2025-04653,04-12-2025,19:17,B,Los Angeles,Member,Male,Food and Beverages,2.82,4,0.564,11.844,Credit Card,7.896,3.384,4.5
INV-2025-03733,23-05-2025,19:43,B,Los Angeles,Member,Female,Food and Beverages,14.55,9,6.5475,137.4975,Cash,91.665,39.285,5
INV-2025-00669,04-11-2025,12:05,C,Chicago,Unknown,Male,Health and Beauty,45.93,7,16.0755,337.5855,E-wallet,225.057,96.453,9.6
INV-2025-04060,20-05-2025,20:34,A,New York,Member,Female,Food and Beverages,10.67,8,4.268,89.628,E-wallet,59.752,25.608,7.8
INV-2025-03027,02-08-2025,20:45,C,Chicago,Normal,Male,Electronic Accessories,18.11,1,0.9055,19.0155,Credit Card,12.677,5.433,9.3
INV-2025-04933,29-03-2025,17:36,C,Chicago,Normal,Female,Home and Lifestyle,43.58,8,17.432,366.072,Credit Card,244.048,104.592,9.1
INV-2025-03287,03-03-2025,19:52,C,Chicago,Member,Female,Health and Beauty,17.61,10,8.805,184.905,E-wallet,123.27,52.83,7.9
INV-2025-02651,11-11-2025,20:15,B,Los Angeles,Normal,Female,Fashion Accessories,44.88,3,6.732,141.372,Cash,94.248,40.392,9.7
INV-2025-04454,02-06-2025,14:29,A,New York,Normal,Female,Electronic Accessories,78.17,2,7.817,164.157,Cash,109.438,46.902,5.5
INV-2025-03193,15-05-2025,17:50,A,New York,Member,Male,Electronic Accessories,56.72,8,22.688,476.448,Credit Card,317.632,136.128,5.2
INV-2025-02125,18-06-2025,18:51,C,Chicago,Member,Male,Food and Beverages,11.54,5,2.885,60.585,Credit Card,40.39,17.31,5
INV-2025-03376,05-07-2025,10:39,A,New York,Member,Female,Electronic Accessories,23.96,3,3.594,75.474,Credit Card,50.316,21.564,9.9
INV-2025-03393,13-05-2025,21:59,B,Los Angeles,Member,Female,Health and Beauty,24.64,8,9.856,206.976,Credit Card,137.984,59.136,5.2
INV-2025-03486,21-10-2025,13:30,B,Los Angeles,Normal,Female,Electronic Accessories,69.46,1,3.473,72.933,Cash,48.622,20.838,8
INV-2025-00760,16-03-2025,11:19,B,Los Angeles,Member,Male,Food and Beverages,15.49,3,2.3235,48.7935,Cash,32.529,13.941,7
INV-2025-03380,19-10-2025,14:02,A,New York,Member,Female,Food and Beverages,22.86,10,11.43,240.03,Unknown,160.02,68.58,6.8
INV-2025-04441,02-11-2025,19:29,B,Los Angeles,Member,Female,Health and Beauty,55.26,1,2.763,58.023,Credit Card,38.682,16.578,4
INV-2025-02527,08-11-2025,14:31,C,Chicago,Member,Male,Food and Beverages,21.3,4,4.26,89.46,Credit Card,59.64,25.56,8.1
INV-2025-04859,10-08-2025,18:18,A,New York,Member,Female,Fashion Accessories,74.66,5,18.665,391.965,Credit Card,261.31,111.99,9.3
INV-2025-00908,27-02-2025,15:07,A,New York,Normal,Female,Home and Lifestyle,25.34,6,7.602,159.642,Cash,106.428,45.612,9.5
INV-2025-02684,27-11-2025,09:19,A,New York,Normal,Male,Fashion Accessories,72.49,8,28.996,608.916,Credit Card,405.944,173.976,4.7
INV-2025-00215,02-12-2025,20:21,A,New York,Normal,Female,Sports and Travel,35.09,6,10.527,221.067,Cash,147.378,63.162,8.3
INV-2025-03332,22-06-2025,18:43,A,New York,Member,Male,Sports and Travel,70.53,9,31.7385,666.5085,Credit Card,444.339,190.431,8.1
INV-2025-04459,08-05-2025,12:52,A,New York,Normal,Female,Electronic Accessories,98.17,3,14.7255,309.2355,Cash,206.157,88.353,5.9
INV-2025-00694,11-08-2025,16:00,B,Los Angeles,Member,Female,Sports and Travel,66.51,10,33.255,698.355,Credit Card,465.57,199.53,5.8
INV-2025-01504,13-05-2025,12:35,A,New York,Member,Female,Sports and Travel,76.01,4,15.202,319.242,Cash,212.828,91.212,8.7
INV-2025-02415,21-03-2025,20:50,C,Chicago,Member,Male,Sports and Travel,67.1,7,23.485,493.185,Cash,328.79,140.91,6.2
INV-2025-02119,04-02-2025,14:19,C,Chicago,Member,Female,Food and Beverages,19.17,10,9.585,201.285,Cash,134.19,57.51,4.4
INV-2025-03859,11-11-2025,17:23,C,Chicago,Member,Female,Home and Lifestyle,74.24,4,14.848,311.808,Credit Card,207.872,89.088,7.3
INV-2025-02463,24-03-2025,12:12,B,Los Angeles,Member,Male,Fashion Accessories,46.45,7,16.2575,341.4075,Cash,227.605,97.545,4.3
INV-2025-03636,31-12-2025,21:59,C,Chicago,Member,Male,Sports and Travel,36.13,4,7.226,151.746,Unknown,101.164,43.356,5.5
INV-2025-04106,20-03-2025,15:25,C,Chicago,Normal,Male,Health and Beauty,30.97,6,9.291,195.111,Cash,130.074,55.746,7.6
INV-2025-04479,28-10-2025,11:44,C,Chicago,Normal,Female,Home and Lifestyle,71.31,6,21.393,449.253,Credit Card,299.502,128.358,9.2
INV-2025-00197,01-03-2025,18:45,B,Los Angeles,Member,Female,Health and Beauty,32.67,9,14.7015,308.7315,Credit Card,205.821,88.209,7.4
INV-2025-04668,05-04-2025,11:24,A,New York,Member,Female,Fashion Accessories,16.77,5,4.1925,88.0425,Cash,58.695,25.155,8
INV-2025-01544,13-12-2025,18:54,B,Los Angeles,Normal,Female,Electronic Accessories,60.5,6,18.15,381.15,Credit Card,254.1,108.9,No Rating Given
INV-2025-01331,01-02-2025,18:12,B,Los Angeles,Member,Male,Sports and Travel,50.38,1,2.519,52.899,Cash,35.266,15.114,5.2
INV-2025-00880,07-03-2025,13:48,C,Chicago,Member,Female,Electronic Accessories,24.33,2,2.433,51.093,E-wallet,34.062,14.598,4.8
INV-2025-04503,22-07-2025,12:17,C,Chicago,Member,Male,Food and Beverages,8.65,7,3.0275,63.5775,Credit Card,42.385,18.165,6.6
INV-2025-03502,12-10-2025,15:15,B,Los Angeles,Member,Male,Sports and Travel,82.44,10,41.22,865.62,Credit Card,577.08,247.32,9.7
INV-2025-03895,24-07-2025,18:45,C,Chicago,Member,Male,Home and Lifestyle,25.26,7,8.841,185.661,E-wallet,123.774,53.046,5.2
INV-2025-00888,19-02-2025,17:43,B,Los Angeles,Normal,Female,Home and Lifestyle,71.89,6,21.567,452.907,Credit Card,301.938,129.402,7.5
INV-2025-01346,28-04-2025,16:56,C,Chicago,Member,Male,Home and Lifestyle,20.87,3,3.1305,65.7405,E-wallet,43.827,18.783,5.2
INV-2025-00069,02-11-2025,19:14,C,Chicago,Member,Female,Home and Lifestyle,80.21,7,28.0735,589.5435,Credit Card,393.029,168.441,7.7
INV-2025-04211,06-10-2025,11:37,B,Los Angeles,Normal,Female,Sports and Travel,82.13,3,12.3195,258.7095,E-wallet,172.473,73.917,8.7
INV-2025-01816,14-12-2025,16:11,C,Chicago,Normal,Female,Fashion Accessories,61.59,7,21.5565,452.6865,E-wallet,301.791,129.339,8.6
INV-2025-00569,05-12-2025,12:44,B,Los Angeles,Member,Female,Sports and Travel,30.09,8,12.036,252.756,Credit Card,168.504,72.216,4.8
INV-2025-02168,13-11-2025,13:25,A,New York,Member,Female,Sports and Travel,36.79,3,5.5185,115.8885,Cash,77.259,33.111,9.9
INV-2025-00097,14-09-2025,20:53,A,New York,Normal,Female,Home and Lifestyle,72.26,6,21.678,455.238,E-wallet,303.492,130.068,6.8
INV-2025-04182,14-05-2025,11:22,A,New York,Member,Female,Health and Beauty,37.66,10,18.83,395.43,Cash,263.62,112.98,7.4
INV-2025-03354,11-09-2025,13:55,B,Los Angeles,Normal,Male,Food and Beverages,17.78,8,7.112,149.352,E-wallet,99.568,42.672,6.2
INV-2025-00140,12-03-2025,19:03,B,Los Angeles,Normal,Male,Fashion Accessories,64.98,2,6.498,136.458,Cash,90.972,38.988,8.6
INV-2025-04955,06-07-2025,21:11,A,New York,Member,Male,Food and Beverages,14.67,8,5.868,123.228,E-wallet,82.152,35.208,8.8
INV-2025-02603,02-02-2025,13:02,A,New York,Normal,Female,Health and Beauty,32.49,9,14.6205,307.0305,Cash,204.687,87.723,8.3
INV-2025-04024,23-07-2025,18:29,A,New York,Normal,Female,Food and Beverages,10.09,10,5.045,105.945,Cash,70.63,30.27,4.7
INV-2025-04773,17-03-2025,17:48,A,New York,Member,Female,Electronic Accessories,72.71,8,29.084,610.764,E-wallet,407.176,174.504,6.5
INV-2025-01607,11-10-2025,15:01,B,Los Angeles,Normal,Female,Food and Beverages,18.24,8,7.296,153.216,Cash,102.144,43.776,5.1
INV-2025-01630,25-05-2025,12:05,A,New York,Normal,Female,Fashion Accessories,44.11,6,13.233,277.893,E-wallet,185.262,79.398,7.5
INV-2025-01695,28-09-2025,12:47,C,Chicago,Member,Male,Sports and Travel,45.74,10,22.87,480.27,Credit Card,320.18,137.22,9.2
INV-2025-02060,30-12-2025,13:16,A,New York,Normal,Male,Electronic Accessories,85.65,9,38.5425,809.3925,Cash,539.595,231.255,9.1
INV-2025-00464,16-12-2025,15:35,A,New York,Member,Female,Fashion Accessories,30.93,2,3.093,64.953,Credit Card,43.302,18.558,4.4
INV-2025-02331,10-04-2025,12:17,C,Chicago,Member,Female,Sports and Travel,64.41,4,12.882,270.522,E-wallet,180.348,77.292,5.6
INV-2025-03044,23-12-2025,16:14,B,Los Angeles,Normal,Female,Home and Lifestyle,22.11,4,4.422,92.862,Credit Card,61.908,26.532,7.8
INV-2025-04735,19-12-2025,14:53,A,New York,Normal,Female,Electronic Accessories,58.11,3,8.7165,183.0465,Credit Card,122.031,52.299,4.2
INV-2025-00595,12-03-2025,21:15,B,Los Angeles,Normal,Male,Fashion Accessories,59.46,6,17.838,374.598,Credit Card,249.732,107.028,5.6
INV-2025-03815,24-01-2025,14:26,B,Los Angeles,Member,Male,Food and Beverages,4.46,7,1.561,32.781,Credit Card,21.854,9.366,7.3
INV-2025-00626,16-02-2025,11:47,C,Chicago,Normal,Female,Home and Lifestyle,31.24,9,14.058,295.218,E-wallet,196.812,84.348,7.7
INV-2025-00451,23-11-2025,14:28,A,New York,Normal,Male,Home and Lifestyle,21.36,1,1.068,22.428,E-wallet,14.952,6.408,4.1
INV-2025-01500,18-08-2025,14:39,C,Chicago,Member,Female,Home and Lifestyle,62.44,1,3.122,65.562,Cash,43.708,18.732,5.8
INV-2025-02457,29-05-2025,11:28,A,New York,Normal,Female,Home and Lifestyle,53.8,10,26.9,564.9,Cash,376.6,161.4,4.4
INV-2025-04723,20-08-2025,15:39,B,Los Angeles,Member,Female,Fashion Accessories,68.3,10,34.15,717.15,E-wallet,478.1,204.9,7.2
INV-2025-02985,08-11-2025,13:58,B,Los Angeles,Normal,Female,Sports and Travel,66.19,4,13.238,277.998,E-wallet,185.332,79.428,4.8
INV-2025-01570,29-04-2025,19:34,A,New York,Member,Male,Food and Beverages,17.68,6,5.304,111.384,Credit Card,74.256,31.824,6
INV-2025-01035,02-03-2025,20:57,B,Los Angeles,Member,Female,Health and Beauty,21.91,2,2.191,46.011,Credit Card,30.674,13.146,5.4
INV-2025-03519,18-05-2025,17:00,B,Los Angeles,Normal,Female,Health and Beauty,46.27,7,16.1945,340.0845,E-wallet,226.723,97.167,7.6
INV-2025-01558,15-08-2025,17:40,A,New York,Normal,Male,Fashion Accessories,28.19,1,1.4095,29.5995,E-wallet,19.733,8.457,6.6
INV-2025-03625,23-09-2025,16:54,A,New York,Normal,Male,Fashion Accessories,17.31,9,7.7895,163.5795,Credit Card,109.053,46.737,4.6
INV-2025-04665,10-03-2025,17:29,A,New York,Normal,Male,Food and Beverages,18.33,9,8.2485,173.2185,Cash,115.479,49.491,6.4
INV-2025-00151,24-07-2025,18:57,C,Chicago,Member,Male,Sports and Travel,66.52,6,19.956,419.076,E-wallet,279.384,119.736,7.1
INV-2025-01421,26-03-2025,08:06,A,New York,Normal,Female,Health and Beauty,11.23,4,2.246,47.166,Credit Card,31.444,13.476,6.2
INV-2025-02012,30-09-2025,18:00,B,Los Angeles,Member,Female,Electronic Accessories,96.24,5,24.06,505.26,Credit Card,336.84,144.36,8.4
INV-2025-02687,29-03-2025,14:00,A,New York,Member,Male,Food and Beverages,18.28,8,7.312,153.552,Credit Card,102.368,43.872,5.7
INV-2025-01787,06-11-2025,14:29,A,New York,Normal,Female,Electronic Accessories,51.88,2,5.188,108.948,Cash,72.632,31.128,9.8
INV-2025-00089,27-12-2025,19:28,A,New York,Member,Male,Health and Beauty,26.22,1,1.311,27.531,Cash,18.354,7.866,6.2
INV-2025-00458,20-12-2025,15:38,A,New York,Normal,Male,Electronic Accessories,57.49,10,28.745,603.645,Credit Card,402.43,172.47,9.8
INV-2025-01306,11-12-2025,13:24,A,New York,Normal,Female,Sports and Travel,67.44,3,10.116,212.436,E-wallet,141.624,60.696,8.3
INV-2025-02926,22-02-2025,18:09,C,Chicago,Normal,Female,Sports and Travel,83.3,5,20.825,437.325,Credit Card,291.55,124.95,7.2
INV-2025-03271,04-02-2025,09:09,C,Chicago,Normal,Female,Home and Lifestyle,63.56,6,19.068,400.428,Cash,266.952,114.408,7.5
INV-2025-03228,08-05-2025,19:11,B,Los Angeles,Member,Female,Health and Beauty,18.78,4,3.756,78.876,Credit Card,52.584,22.536,9.4
INV-2025-01989,26-08-2025,14:03,C,Chicago,Member,Female,Home and Lifestyle,51.93,1,2.5965,54.5265,Credit Card,36.351,15.579,5.4
INV-2025-03755,14-12-2025,15:05,C,Chicago,Normal,Male,Electronic Accessories,16.73,9,7.5285,158.0985,Credit Card,105.399,45.171,4.7
INV-2025-03647,18-07-2025,14:49,B,Los Angeles,Member,Male,Food and Beverages,8.3,6,2.49,52.29,Credit Card,34.86,14.94,5.7
INV-2025-00832,10-11-2025,19:22,B,Los Angeles,Normal,Female,Fashion Accessories,65.71,2,6.571,137.991,Credit Card,91.994,39.426,5.8
INV-2025-00240,23-09-2025,16:44,B,Los Angeles,Member,Female,Sports and Travel,71.34,10,35.67,749.07,Credit Card,499.38,214.02,4.9
INV-2025-04682,03-01-2025,14:48,C,Chicago,Member,Male,Health and Beauty,18.7,8,7.48,157.08,E-wallet,104.72,44.88,8.9
INV-2025-03023,27-10-2025,10:26,B,Los Angeles,Member,Male,Electronic Accessories,61,6,18.3,384.3,E-wallet,256.2,109.8,9.1
INV-2025-03149,29-06-2025,16:51,C,Chicago,Member,Female,Food and Beverages,12.22,7,4.277,89.817,Credit Card,59.878,25.662,5.6
INV-2025-01947,14-10-2025,19:59,B,Los Angeles,Member,Female,Health and Beauty,41.4,6,12.42,260.82,Credit Card,173.88,74.52,7.2
INV-2025-02776,07-01-2025,19:09,A,New York,Member,Female,Home and Lifestyle,43.59,1,2.1795,45.7695,Credit Card,30.513,13.077,10
INV-2025-00193,21-12-2025,12:42,A,New York,Member,Female,Fashion Accessories,42.66,5,10.665,223.965,Credit Card,149.31,63.99,7.8
INV-2025-04850,18-03-2025,17:50,C,Chicago,Normal,Male,Health and Beauty,20.09,8,8.036,168.756,Credit Card,112.504,48.216,4.4
INV-2025-04940,12-03-2025,11:25,A,New York,Member,Female,Fashion Accessories,59.42,10,29.71,623.91,Cash,415.94,178.26,9.4
INV-2025-00945,27-03-2025,17:13,A,New York,Normal,Male,Home and Lifestyle,76.96,1,3.848,80.808,Credit Card,53.872,23.088,5.8
INV-2025-01269,09-09-2025,11:35,B,Los Angeles,Member,Female,Home and Lifestyle,73.96,1,3.698,77.658,Credit Card,51.772,22.188,4.2
INV-2025-04232,01-04-2025,14:14,B,Los Angeles,Normal,Male,Food and Beverages,21.97,9,9.8865,207.6165,E-wallet,138.411,59.319,5.6
INV-2025-02308,25-01-2025,14:08,B,Los Angeles,Member,Male,Health and Beauty,15.69,4,3.138,65.898,Cash,43.932,18.828,5.8
INV-2025-04425,24-01-2025,18:57,A,New York,Member,Male,Food and Beverages,2.39,5,0.5975,12.5475,Credit Card,8.365,3.585,7.2
INV-2025-04712,12-07-2025,15:40,B,Los Angeles,Member,Male,Fashion Accessories,62.36,1,3.118,65.478,Credit Card,43.652,18.708,9.7
INV-2025-02314,16-07-2025,21:25,B,Los Angeles,Member,Male,Home and Lifestyle,54.15,7,18.9525,398.0025,E-wallet,265.335,113.715,6.2
INV-2025-03215,17-07-2025,16:00,A,New York,Member,Male,Fashion Accessories,18.56,7,6.496,136.416,Credit Card,90.944,38.976,6.9
INV-2025-02733,22-09-2025,20:15,B,Los Angeles,Member,Female,Fashion Accessories,39.22,7,13.727,288.267,Credit Card,192.178,82.362,6.8
INV-2025-01927,13-03-2025,18:20,A,New York,Member,Female,Sports and Travel,47.09,2,4.709,98.889,Credit Card,65.926,28.254,4.3
INV-2025-04228,04-02-2025,12:04,B,Los Angeles,Member,Female,Health and Beauty,19.42,8,7.768,163.128,Credit Card,108.752,46.608,8.8
INV-2025-04677,19-10-2025,20:37,C,Chicago,Member,Male,Electronic Accessories,93.99,5,23.4975,493.4475,Credit Card,328.965,140.985,4.7
INV-2025-00801,15-06-2025,16:12,B,Los Angeles,Normal,Female,Sports and Travel,32.25,4,6.45,135.45,Cash,90.3,38.7,5.9
INV-2025-03672,18-06-2025,15:28,B,Los Angeles,Normal,Female,Sports and Travel,58.64,9,26.388,554.148,E-wallet,369.432,158.328,5.3
INV-2025-04194,04-03-2025,13:23,A,New York,Normal,Male,Electronic Accessories,64.09,6,19.227,403.767,E-wallet,269.178,115.362,6.2
INV-2025-02969,12-08-2025,12:41,C,Chicago,Normal,Female,Health and Beauty,18.8,2,1.88,39.48,E-wallet,26.32,11.28,9.4
INV-2025-04794,17-10-2025,15:32,B,Los Angeles,Member,Female,Home and Lifestyle,79.81,1,3.9905,83.8005,E-wallet,55.867,23.943,9.3
INV-2025-04369,02-12-2025,11:41,A,New York,Normal,Female,Electronic Accessories,63.29,2,6.329,132.909,Credit Card,88.606,37.974,9
INV-2025-02777,01-06-2025,16:02,B,Los Angeles,Normal,Male,Fashion Accessories,46.63,9,20.9835,440.6535,E-wallet,293.769,125.901,7.4
INV-2025-02971,08-11-2025,20:05,A,New York,Normal,Male,Electronic Accessories,42.62,7,14.917,313.257,Cash,208.838,89.502,7.3
INV-2025-03868,21-03-2025,09:03,A,New York,Normal,Female,Electronic Accessories,48.81,1,2.4405,51.2505,Credit Card,34.167,14.643,7.8
INV-2025-01744,17-08-2025,19:59,A,New York,Member,Female,Sports and Travel,62.19,6,18.657,391.797,Cash,261.198,111.942,9.8
INV-2025-03949,04-07-2025,14:18,C,Chicago,Normal,Male,Home and Lifestyle,47.74,3,7.161,150.381,Credit Card,100.254,42.966,6.5
INV-2025-03803,29-01-2025,19:48,B,Los Angeles,Member,Female,Electronic Accessories,89.53,6,26.859,564.039,Credit Card,376.026,161.154,6.8
INV-2025-02025,21-02-2025,21:11,A,New York,Normal,Female,Home and Lifestyle,33.73,5,8.4325,177.0825,Cash,118.055,50.595,8.4
INV-2025-02275,31-08-2025,16:18,A,New York,Unknown,Male,Sports and Travel,68.54,7,23.989,503.769,E-wallet,335.846,143.934,8.9
INV-2025-00100,15-10-2025,13:39,A,New York,Member,Female,Fashion Accessories,29.64,7,10.374,217.854,Unknown,145.236,62.244,4.3
INV-2025-04922,07-12-2025,20:40,A,New York,Normal,Female,Electronic Accessories,98.29,2,9.829,206.409,Cash,137.606,58.974,9.9
INV-2025-03408,04-03-2025,12:08,B,Los Angeles,Member,Female,Food and Beverages,7.95,6,2.385,50.085,Credit Card,33.39,14.31,9.5
INV-2025-04246,28-06-2025,12:20,A,New York,Normal,Male,Electronic Accessories,95.45,3,14.3175,300.6675,Cash,200.445,85.905,5
INV-2025-04620,24-08-2025,17:46,A,New York,Normal,Male,Home and Lifestyle,64.16,6,19.248,404.208,Credit Card,269.472,115.488,5.3
INV-2025-04917,15-08-2025,21:23,C,Chicago,Normal,Male,Electronic Accessories,43.67,10,21.835,458.535,Cash,305.69,131.01,6.2
INV-2025-00192,15-06-2025,20:00,A,New York,Member,Female,Home and Lifestyle,41.14,10,20.57,431.97,Cash,287.98,123.42,7.9
INV-2025-04697,10-05-2025,13:55,C,Chicago,Member,Female,Sports and Travel,75.56,3,11.334,238.014,Credit Card,158.676,68.004,4.9
INV-2025-01785,20-03-2025,10:32,C,Chicago,Member,Male,Home and Lifestyle,60.68,5,15.17,318.57,Credit Card,212.38,91.02,4.2
INV-2025-01533,16-09-2025,11:15,B,Los Angeles,Member,Female,Health and Beauty,14.61,1,0.7305,15.3405,Credit Card,10.227,4.383,9.1
INV-2025-02835,03-12-2025,17:36,C,Chicago,Member,Male,Fashion Accessories,39.6,10,19.8,415.8,Cash,277.2,118.8,9
INV-2025-04445,15-09-2025,11:17,B,Los Angeles,Normal,Male,Electronic Accessories,99.29,9,44.6805,938.2905,E-wallet,625.527,268.083,5.2
INV-2025-04916,19-06-2025,10:14,C,Chicago,Normal,Male,Home and Lifestyle,26.56,5,6.64,139.44,E-wallet,92.96,39.84,4.2
INV-2025-01599,31-12-2025,19:18,A,New York,Member,Male,Health and Beauty,50.62,7,17.717,372.057,E-wallet,248.038,106.302,4.2
INV-2025-01780,22-07-2025,12:43,C,Chicago,Member,Male,Sports and Travel,52.42,6,15.726,330.246,Credit Card,220.164,94.356,7.5
INV-2025-04901,08-09-2025,20:17,C,Chicago,Normal,Female,Health and Beauty,20.9,2,2.09,43.89,Credit Card,29.26,12.54,5.2
INV-2025-02575,12-12-2025,14:08,B,Los Angeles,Normal,Female,Food and Beverages,9.2,1,0.46,9.66,Credit Card,6.44,2.76,9.4
INV-2025-03399,14-04-2025,20:17,A,New York,Normal,Male,Fashion Accessories,36.37,4,7.274,152.754,Cash,101.836,43.644,No Rating Given
INV-2025-03976,28-08-2025,18:16,A,New York,Member,Female,Home and Lifestyle,59.5,2,5.95,124.95,Credit Card,83.3,35.7,6.3
INV-2025-03771,14-08-2025,13:44,A,New York,Member,Male,Food and Beverages,9.32,10,4.66,97.86,E-wallet,65.24,27.96,6.4
INV-2025-00167,05-09-2025,12:51,B,Los Angeles,Member,Male,Fashion Accessories,13.89,8,5.556,116.676,Credit Card,77.784,33.336,6.8
INV-2025-01752,23-01-2025,20:31,A,New York,Member,Male,Electronic Accessories,54.41,9,24.4845,514.1745,Cash,342.783,146.907,6.1
INV-2025-01480,10-08-2025,15:03,C,Chicago,Normal,Female,Food and Beverages,8.65,7,3.0275,63.5775,Cash,42.385,18.165,5.7
INV-2025-01025,03-01-2025,13:26,B,Los Angeles,Normal,Female,Electronic Accessories,73,9,32.85,689.85,Credit Card,459.9,197.1,9
INV-2025-01789,14-12-2025,15:32,B,Los Angeles,Normal,Female,Food and Beverages,23.86,10,11.93,250.53,Cash,167.02,71.58,7.7
INV-2025-02265,14-01-2025,17:31,A,New York,Member,Male,Health and Beauty,12.35,10,6.175,129.675,Cash,86.45,37.05,6.9
INV-2025-02474,27-01-2025,15:17,A,New York,Normal,Male,Food and Beverages,3.05,8,1.22,25.62,Credit Card,17.08,7.32,9.5
INV-2025-01823,25-07-2025,17:32,C,Chicago,Normal,Male,Food and Beverages,21.05,8,8.42,176.82,Credit Card,117.88,50.52,6.3
INV-2025-01221,21-08-2025,17:34,B,Los Angeles,Normal,Female,Home and Lifestyle,89.77,3,13.4655,282.7755,Cash,188.517,80.793,No Rating Given
INV-2025-01667,13-07-2025,13:49,C,Chicago,Normal,Female,Electronic Accessories,39.89,1,1.9945,41.8845,E-wallet,27.923,11.967,9.6
INV-2025-02961,14-11-2025,14:44,C,Chicago,Normal,Female,Home and Lifestyle,87.25,6,26.175,549.675,Credit Card,366.45,157.05,7.7
INV-2025-00153,06-06-2025,14:45,B,Los Angeles,Normal,Female,Sports and Travel,27.54,6,8.262,173.502,Credit Card,115.668,49.572,6.6
INV-2025-02535,27-12-2025,21:45,A,New York,Normal,Male,Fashion Accessories,45.23,4,9.046,189.966,Credit Card,126.644,54.276,5.6
INV-2025-04689,01-02-2025,17:25,A,New York,Normal,Male,Electronic Accessories,58.3,6,17.49,367.29,Cash,244.86,104.94,8.5
INV-2025-01979,18-01-2025,17:10,A,New York,Member,Female,Food and Beverages,2.95,9,1.3275,27.8775,Credit Card,18.585,7.965,4.5
INV-2025-01470,17-02-2025,17:17,C,Chicago,Member,Male,Food and Beverages,2.09,8,0.836,17.556,Cash,11.704,5.016,8.9
INV-2025-02808,15-12-2025,09:13,C,Chicago,Member,Male,Health and Beauty,25.56,10,12.78,268.38,Credit Card,178.92,76.68,6.3
INV-2025-02513,23-08-2025,11:34,C,Chicago,Member,Female,Health and Beauty,18.29,3,2.7435,57.6135,Cash,38.409,16.461,7.9
INV-2025-02944,09-01-2025,12:27,C,Chicago,Member,Female,Electronic Accessories,81.95,8,32.78,688.38,Credit Card,458.92,196.68,4.8
INV-2025-02981,23-09-2025,15:25,A,New York,Normal,Female,Sports and Travel,45.81,3,6.8715,144.3015,Credit Card,96.201,41.229,9.2
INV-2025-04823,18-01-2025,18:45,B,Los Angeles,Normal,Male,Food and Beverages,8.08,8,3.232,67.872,Credit Card,45.248,19.392,7.3
INV-2025-03018,01-03-2025,21:07,A,New York,Normal,Female,Home and Lifestyle,46.73,2,4.673,98.133,E-wallet,65.422,28.038,10
INV-2025-01567,15-04-2025,18:53,A,New York,Member,Male,Electronic Accessories,91.93,8,36.772,772.212,Credit Card,514.808,220.632,5
INV-2025-00032,28-12-2025,14:00,A,New York,Normal,Male,Food and Beverages,2.83,6,0.849,17.829,Credit Card,11.886,5.094,4.9
INV-2025-00938,07-10-2025,11:30,A,New York,Member,Male,Food and Beverages,19.81,1,0.9905,20.8005,Unknown,13.867,5.943,6.2
INV-2025-01216,12-05-2025,11:42,B,Los Angeles,Normal,Male,Sports and Travel,54.57,10,27.285,572.985,Cash,381.99,163.71,5.3
INV-2025-01938,23-10-2025,09:57,A,New York,Normal,Female,Electronic Accessories,23.09,2,2.309,48.489,Credit Card,32.326,13.854,6.5
INV-2025-01130,15-01-2025,11:10,C,Chicago,Normal,Male,Food and Beverages,19.29,3,2.8935,60.7635,Credit Card,40.509,17.361,8.7
INV-2025-00310,05-09-2025,18:27,C,Chicago,Member,Female,Electronic Accessories,19.55,6,5.865,123.165,Cash,82.11,35.19,5.1
INV-2025-04902,07-12-2025,14:03,B,Los Angeles,Normal,Female,Fashion Accessories,37.18,10,18.59,390.39,E-wallet,260.26,111.54,8.1
INV-2025-02169,29-06-2025,10:26,A,New York,Normal,Male,Health and Beauty,17.33,6,5.199,109.179,E-wallet,72.786,31.194,8.5
INV-2025-03114,10-07-2025,19:45,A,New York,Member,Male,Sports and Travel,75.48,2,7.548,158.508,Cash,105.672,45.288,9.7
INV-2025-00496,10-11-2025,17:38,B,Los Angeles,Member,Male,Electronic Accessories,73.43,6,22.029,462.609,Cash,308.406,132.174,8.7
INV-2025-00206,01-02-2025,16:37,C,Chicago,Normal,Female,Food and Beverages,13.4,6,4.02,84.42,E-wallet,56.28,24.12,8
INV-2025-02674,23-12-2025,13:13,B,Los Angeles,Member,Male,Fashion Accessories,31.98,1,1.599,33.579,Cash,22.386,9.594,9
INV-2025-03358,17-04-2025,15:37,A,New York,Normal,Female,Fashion Accessories,66.25,7,23.1875,486.9375,Cash,324.625,139.125,4.6
INV-2025-03831,14-05-2025,13:40,C,Chicago,Normal,Female,Sports and Travel,67.14,10,33.57,704.97,Cash,469.98,201.42,4.2
INV-2025-00306,15-02-2025,19:42,B,Los Angeles,Normal,Female,Health and Beauty,23.26,4,4.652,97.692,Credit Card,65.128,27.912,6.1
INV-2025-03794,12-06-2025,16:38,B,Los Angeles,Member,Female,Sports and Travel,83.62,4,16.724,351.204,Credit Card,234.136,100.344,6.2
INV-2025-02202,09-03-2025,12:51,C,Chicago,Member,Female,Health and Beauty,13.55,4,2.71,56.91,Credit Card,37.94,16.26,4.4
INV-2025-01062,12-04-2025,20:56,B,Los Angeles,Member,Female,Home and Lifestyle,73.59,8,29.436,618.156,Credit Card,412.104,176.616,4.8
INV-2025-00844,26-04-2025,18:03,C,Chicago,Normal,Female,Fashion Accessories,35.47,3,5.3205,111.7305,E-wallet,74.487,31.923,7.3
INV-2025-03873,07-10-2025,10:30,C,Chicago,Normal,Male,Fashion Accessories,73.85,7,25.8475,542.7975,Cash,361.865,155.085,6.5
INV-2025-02252,06-05-2025,17:14,A,New York,Normal,Male,Fashion Accessories,51.78,9,23.301,489.321,Credit Card,326.214,139.806,No Rating Given
INV-2025-00212,14-06-2025,19:24,B,Los Angeles,Normal,Female,Home and Lifestyle,45.18,8,18.072,379.512,Credit Card,253.008,108.432,8.8
INV-2025-03998,04-01-2025,12:06,C,Chicago,Normal,Female,Electronic Accessories,53.52,4,10.704,224.784,E-wallet,149.856,64.224,6.9
INV-2025-00680,17-03-2025,11:05,A,New York,Member,Male,Fashion Accessories,43.07,5,10.7675,226.1175,Credit Card,150.745,64.605,8
INV-2025-00566,20-07-2025,16:32,C,Chicago,Normal,Female,Sports and Travel,49.23,2,4.923,103.383,Credit Card,68.922,29.538,4
INV-2025-03291,18-02-2025,11:03,B,Los Angeles,Normal,Male,Health and Beauty,27.97,9,12.5865,264.3165,E-wallet,176.211,75.519,9.3
INV-2025-04355,21-04-2025,12:12,A,New York,Normal,Female,Electronic Accessories,42.35,9,19.0575,400.2075,Cash,266.805,114.345,10
INV-2025-00681,19-04-2025,16:00,B,Los Angeles,Normal,Female,Health and Beauty,22.31,8,8.924,187.404,Credit Card,124.936,53.544,9.3
INV-2025-00181,02-09-2025,15:20,C,Chicago,Member,Female,Food and Beverages,10.15,5,2.5375,53.2875,Credit Card,35.525,15.225,5.2
INV-2025-04280,16-11-2025,19:17,C,Chicago,Member,Male,Sports and Travel,75.43,8,30.172,633.612,Credit Card,422.408,181.032,5.7
INV-2025-02496,20-02-2025,16:15,B,Los Angeles,Normal,Female,Sports and Travel,38.07,8,15.228,319.788,Credit Card,213.192,91.368,6.9
INV-2025-02317,30-04-2025,13:35,B,Los Angeles,Normal,Female,Electronic Accessories,79.76,10,39.88,837.48,Credit Card,558.32,239.28,6
INV-2025-04274,12-04-2025,13:54,C,Chicago,Member,Female,Food and Beverages,16.05,1,0.8025,16.8525,Unknown,11.235,4.815,6.9
INV-2025-00279,06-05-2025,10:23,B,Los Angeles,Member,Male,Food and Beverages,20.47,7,7.1645,150.4545,Cash,100.303,42.987,5.5
INV-2025-03684,16-03-2025,14:51,B,Los Angeles,Member,Male,Food and Beverages,24.28,10,12.14,254.94,E-wallet,169.96,72.84,5
INV-2025-04763,29-05-2025,21:42,C,Chicago,Normal,Male,Health and Beauty,45.17,3,6.7755,142.2855,Credit Card,94.857,40.653,5
INV-2025-00433,08-10-2025,12:17,B,Los Angeles,Normal,Female,Electronic Accessories,57.4,4,11.48,241.08,Credit Card,160.72,68.88,8.5
INV-2025-00290,31-03-2025,09:25,C,Chicago,Normal,Male,Health and Beauty,33.1,3,4.965,104.265,Cash,69.51,29.79,4.4
INV-2025-01028,09-05-2025,14:22,A,New York,Normal,Female,Health and Beauty,36.72,4,7.344,154.224,E-wallet,102.816,44.064,9.6
INV-2025-00536,22-12-2025,16:50,C,Chicago,Normal,Female,Food and Beverages,17.97,3,2.6955,56.6055,Credit Card,37.737,16.173,4.5
INV-2025-03632,27-03-2025,20:43,C,Chicago,Normal,Female,Health and Beauty,28.88,9,12.996,272.916,Credit Card,181.944,77.976,6.3
INV-2025-00189,18-10-2025,17:59,C,Chicago,Member,Female,Electronic Accessories,87.34,8,34.936,733.656,Cash,489.104,209.616,8.9
INV-2025-02175,01-01-2025,13:34,C,Chicago,Normal,Male,Home and Lifestyle,82.66,8,33.064,694.344,Cash,462.896,198.384,8.3
INV-2025-03916,19-03-2025,08:16,A,New York,Member,Male,Sports and Travel,40.65,6,12.195,256.095,Credit Card,170.73,73.17,6.7
INV-2025-01863,09-03-2025,13:56,B,Los Angeles,Member,Female,Home and Lifestyle,66.24,9,29.808,625.968,Credit Card,417.312,178.848,8.7
INV-2025-00271,09-03-2025,14:53,B,Los Angeles,Member,Male,Sports and Travel,82.27,2,8.227,172.767,Cash,115.178,49.362,4.4
INV-2025-01729,09-03-2025,11:35,A,New York,Member,Female,Health and Beauty,25.95,9,11.6775,245.2275,Cash,163.485,70.065,9.1
INV-2025-04076,29-04-2025,17:00,B,Los Angeles,Member,Male,Electronic Accessories,84.86,7,29.701,623.721,E-wallet,415.814,178.206,9.1
INV-2025-02158,18-02-2025,13:38,B,Los Angeles,Member,Male,Electronic Accessories,99.24,7,34.734,729.414,Cash,486.276,208.404,4
INV-2025-03932,21-09-2025,15:22,A,New York,Member,Female,Sports and Travel,71.21,2,7.121,149.541,Credit Card,99.694,42.726,9.1
INV-2025-00112,01-08-2025,18:20,B,Los Angeles,Normal,Female,Electronic Accessories,73.38,8,29.352,616.392,Cash,410.928,176.112,9
INV-2025-02385,25-12-2025,17:30,B,Los Angeles,Member,Male,Fashion Accessories,50.62,3,7.593,159.453,Cash,106.302,45.558,4.4
INV-2025-00221,26-04-2025,13:52,C,Chicago,Normal,Male,Health and Beauty,30.26,7,10.591,222.411,Credit Card,148.274,63.546,4.3
INV-2025-00628,03-01-2025,21:06,C,Chicago,Normal,Female,Home and Lifestyle,68.87,3,10.3305,216.9405,Credit Card,144.627,61.983,9.7
INV-2025-01182,22-11-2025,17:29,C,Chicago,Member,Female,Food and Beverages,8.23,3,1.2345,25.9245,Credit Card,17.283,7.407,6.9
INV-2025-03382,11-08-2025,19:56,B,Los Angeles,Normal,Female,Home and Lifestyle,20.83,5,5.2075,109.3575,Cash,72.905,31.245,5.3
INV-2025-02423,24-02-2025,21:00,C,Chicago,Member,Male,Health and Beauty,36.76,10,18.38,385.98,E-wallet,257.32,110.28,4.8
INV-2025-00791,04-12-2025,12:36,A,New York,Normal,Male,Electronic Accessories,90.27,3,13.5405,284.3505,Cash,189.567,81.243,7.8
INV-2025-04276,03-08-2025,13:55,B,Los Angeles,Member,Male,Fashion Accessories,54.27,2,5.427,113.967,E-wallet,75.978,32.562,4.3
INV-2025-00462,11-10-2025,11:33,A,New York,Member,Female,Food and Beverages,10.44,1,0.522,10.962,E-wallet,7.308,3.132,7
INV-2025-04403,27-05-2025,14:32,A,New York,Normal,Female,Home and Lifestyle,51.86,5,12.965,272.265,E-wallet,181.51,77.79,8.1
INV-2025-00552,23-05-2025,12:39,A,New York,Normal,Male,Fashion Accessories,17.25,3,2.5875,54.3375,E-wallet,36.225,15.525,8.4
INV-2025-03130,16-02-2025,11:33,B,Los Angeles,Normal,Female,Home and Lifestyle,26.87,5,6.7175,141.0675,Cash,94.045,40.305,4.2
INV-2025-01445,26-03-2025,20:26,A,New York,Normal,Female,Electronic Accessories,18.57,3,2.7855,58.4955,Cash,38.997,16.713,7.6
INV-2025-00199,25-12-2025,10:03,C,Chicago,Member,Female,Health and Beauty,24.35,3,3.6525,76.7025,E-wallet,51.135,21.915,8.6
INV-2025-02590,04-09-2025,18:39,B,Los Angeles,Member,Male,Health and Beauty,22.67,6,6.801,142.821,Cash,95.214,40.806,9.3
INV-2025-00403,28-10-2025,17:53,A,New York,Member,Male,Food and Beverages,11.33,6,3.399,71.379,Credit Card,47.586,20.394,6.9
INV-2025-03960,11-09-2025,16:41,C,Chicago,Normal,Female,Sports and Travel,64.96,8,25.984,545.664,Credit Card,363.776,155.904,5.5
INV-2025-04190,14-04-2025,10:55,C,Chicago,Normal,Male,Home and Lifestyle,88.28,8,35.312,741.552,Credit Card,494.368,211.872,No Rating Given
INV-2025-04764,21-05-2025,18:31,A,New York,Member,Male,Fashion Accessories,61.04,4,12.208,256.368,Credit Card,170.912,73.248,8.1
INV-2025-02096,13-06-2025,18:05,C,Chicago,Member,Male,Electronic Accessories,30.6,6,9.18,192.78,Cash,128.52,55.08,4.6
INV-2025-02901,14-09-2025,17:58,A,New York,Member,Female,Food and Beverages,3.41,10,1.705,35.805,Cash,23.87,10.23,8.8
INV-2025-04463,25-07-2025,13:28,A,New York,Member,Male,Sports and Travel,51.3,7,17.955,377.055,Cash,251.37,107.73,5
INV-2025-00651,11-08-2025,20:46,B,Los Angeles,Member,Female,Sports and Travel,33.86,3,5.079,106.659,Credit Card,71.106,30.474,8.6
INV-2025-00709,13-09-2025,18:06,A,New York,Member,Male,Health and Beauty,52.43,8,20.972,440.412,E-wallet,293.608,125.832,8.6
INV-2025-01481,26-05-2025,13:27,C,Chicago,Member,Male,Food and Beverages,12.45,5,3.1125,65.3625,Credit Card,43.575,18.675,6.7
INV-2025-04415,19-08-2025,19:06,C,Chicago,Normal,Male,Home and Lifestyle,60.71,5,15.1775,318.7275,Cash,212.485,91.065,8.4
INV-2025-03066,01-11-2025,13:07,A,New York,Member,Female,Sports and Travel,26.93,4,5.386,113.106,Credit Card,75.404,32.316,4.4
INV-2025-02396,26-03-2025,13:51,B,Los Angeles,Normal,Male,Health and Beauty,25.34,3,3.801,79.821,Credit Card,53.214,22.806,9.8
INV-2025-01770,05-12-2025,12:22,C,Chicago,Member,Male,Food and Beverages,15.18,8,6.072,127.512,Credit Card,85.008,36.432,8.1
INV-2025-00315,08-12-2025,11:42,A,New York,Member,Male,Food and Beverages,3.4,7,1.19,24.99,E-wallet,16.66,7.14,6.5
INV-2025-03762,15-12-2025,15:28,A,New York,Normal,Male,Sports and Travel,72.95,6,21.885,459.585,Credit Card,306.39,131.31,6.9
INV-2025-04910,19-04-2025,10:00,B,Los Angeles,Member,Female,Fashion Accessories,33.38,9,15.021,315.441,E-wallet,210.294,90.126,6.8
INV-2025-00114,01-07-2025,19:48,B,Los Angeles,Normal,Male,Home and Lifestyle,62.03,6,18.609,390.789,Cash,260.526,111.654,7
INV-2025-00961,17-11-2025,10:43,B,Los Angeles,Normal,Female,Electronic Accessories,30.28,1,1.514,31.794,E-wallet,21.196,9.084,8
INV-2025-02911,01-04-2025,08:03,A,New York,Normal,Female,Electronic Accessories,73.32,4,14.664,307.944,Credit Card,205.296,87.984,7.7
INV-2025-03406,06-11-2025,15:30,A,New York,Member,Female,Fashion Accessories,47.18,2,4.718,99.078,Credit Card,66.052,28.308,4.8
INV-2025-01624,12-04-2025,15:41,C,Chicago,Member,Male,Food and Beverages,20.93,1,1.0465,21.9765,Credit Card,14.651,6.279,10
INV-2025-03323,13-07-2025,19:04,C,Chicago,Normal,Female,Fashion Accessories,45.99,8,18.396,386.316,Credit Card,257.544,110.376,6.9
INV-2025-01819,27-06-2025,16:42,C,Chicago,Normal,Male,Electronic Accessories,77.41,6,23.223,487.683,Credit Card,325.122,139.338,6.3
INV-2025-03195,06-07-2025,13:15,C,Chicago,Member,Female,Home and Lifestyle,84.65,3,12.6975,266.6475,E-wallet,177.765,76.185,6.5
INV-2025-03008,12-03-2025,19:47,C,Chicago,Member,Female,Sports and Travel,32.83,6,9.849,206.829,Cash,137.886,59.094,4
INV-2025-03415,07-11-2025,12:52,B,Los Angeles,Normal,Male,Fashion Accessories,44.2,5,11.05,232.05,Cash,154.7,66.3,6.3
INV-2025-04529,19-09-2025,19:57,C,Chicago,Member,Female,Electronic Accessories,52.92,4,10.584,222.264,Credit Card,148.176,63.504,9.8
INV-2025-01898,25-02-2025,08:04,A,New York,Normal,Male,Electronic Accessories,91.51,10,45.755,960.855,Cash,640.57,274.53,8
INV-2025-01919,25-06-2025,20:35,C,Chicago,Member,Female,Electronic Accessories,40.58,1,2.029,42.609,Credit Card,28.406,12.174,8.7
INV-2025-01271,05-06-2025,14:22,C,Chicago,Member,Female,Fashion Accessories,43.04,3,6.456,135.576,Credit Card,90.384,38.736,8.1
INV-2025-04177,30-10-2025,21:36,C,Chicago,Member,Female,Food and Beverages,18.47,5,4.6175,96.9675,Cash,64.645,27.705,7.3
INV-2025-04963,10-11-2025,15:57,B,Los Angeles,Normal,Male,Food and Beverages,17.91,6,5.373,112.833,Cash,75.222,32.238,6.2
INV-2025-04884,16-09-2025,19:25,C,Chicago,Member,Male,Electronic Accessories,85.32,6,25.596,537.516,Cash,358.344,153.576,8.3
INV-2025-04095,29-08-2025,16:36,A,New York,Normal,Female,Electronic Accessories,37.48,6,11.244,236.124,E-wallet,157.416,67.464,6.1
INV-2025-03160,12-08-2025,10:51,B,Los Angeles,Normal,Female,Health and Beauty,29.59,9,13.3155,279.6255,Cash,186.417,79.893,9.3
INV-2025-01814,26-01-2025,16:29,A,New York,Member,Female,Health and Beauty,48.22,3,7.233,151.893,E-wallet,101.262,43.398,5.2
INV-2025-02427,29-05-2025,15:56,B,Los Angeles,Member,Female,Fashion Accessories,53.04,8,21.216,445.536,Cash,297.024,127.296,7.7
INV-2025-03951,24-02-2025,19:24,B,Los Angeles,Normal,Female,Health and Beauty,37.84,2,3.784,79.464,Credit Card,52.976,22.704,6
INV-2025-04429,26-06-2025,18:31,C,Chicago,Member,Male,Food and Beverages,2.08,10,1.04,21.84,E-wallet,14.56,6.24,9.8
INV-2025-02143,13-10-2025,09:08,C,Chicago,Member,Male,Sports and Travel,28.41,3,4.2615,89.4915,E-wallet,59.661,25.569,6.5
INV-2025-01627,11-12-2025,11:07,B,Los Angeles,Member,Male,Health and Beauty,16.05,1,0.8025,16.8525,Credit Card,11.235,4.815,8.3
INV-2025-00790,22-08-2025,13:53,C,Chicago,Member,Male,Sports and Travel,39.95,10,19.975,419.475,Credit Card,279.65,119.85,6.7
INV-2025-03787,13-06-2025,15:06,A,New York,Normal,Female,Sports and Travel,60.67,5,15.1675,318.5175,Cash,212.345,91.005,No Rating Given
INV-2025-01865,04-04-2025,20:03,B,Los Angeles,Normal,Male,Food and Beverages,22.07,8,8.828,185.388,Cash,123.592,52.968,8.1
INV-2025-02866,01-03-2025,18:46,C,Chicago,Normal,Female,Food and Beverages,22.33,10,11.165,234.465,Cash,156.31,66.99,4.6
INV-2025-00872,18-08-2025,21:43,C,Chicago,Normal,Male,Electronic Accessories,21.39,3,3.2085,67.3785,Credit Card,44.919,19.251,9.7
INV-2025-03272,28-02-2025,20:00,A,New York,Member,Male,Food and Beverages,14.55,10,7.275,152.775,Credit Card,101.85,43.65,9.4
INV-2025-03834,24-10-2025,15:28,A,New York,Member,Male,Food and Beverages,13.52,2,1.352,28.392,E-wallet,18.928,8.112,9.8
INV-2025-00074,14-09-2025,16:28,A,New York,Member,Female,Fashion Accessories,30.95,5,7.7375,162.4875,Cash,108.325,46.425,5.4
INV-2025-01753,30-10-2025,18:41,A,New York,Member,Male,Health and Beauty,10.49,7,3.6715,77.1015,Cash,51.401,22.029,8.1
INV-2025-01422,18-08-2025,14:51,B,Los Angeles,Member,Female,Home and Lifestyle,45.76,9,20.592,432.432,Credit Card,288.288,123.552,9.3
INV-2025-04222,21-11-2025,13:51,B,Los Angeles,Member,Female,Food and Beverages,23.04,10,11.52,241.92,Cash,161.28,69.12,6.3
INV-2025-04694,10-04-2025,17:59,B,Los Angeles,Member,Female,Food and Beverages,19.9,3,2.985,62.685,Credit Card,41.79,17.91,7.2
INV-2025-04370,17-09-2025,19:15,C,Chicago,Member,Female,Home and Lifestyle,59.2,1,2.96,62.16,Credit Card,41.44,17.76,4.8
INV-2025-04576,16-11-2025,19:23,A,New York,Normal,Female,Fashion Accessories,42.78,7,14.973,314.433,Credit Card,209.622,89.838,8.3
INV-2025-03810,20-12-2025,20:25,B,Los Angeles,Member,Male,Home and Lifestyle,40.28,4,8.056,169.176,Cash,112.784,48.336,7.7
INV-2025-02245,26-02-2025,12:24,B,Los Angeles,Member,Female,Home and Lifestyle,84.01,8,33.604,705.684,Cash,470.456,201.624,8.5
INV-2025-03048,07-03-2025,13:25,B,Los Angeles,Normal,Female,Fashion Accessories,53.62,1,2.681,56.301,Credit Card,37.534,16.086,6.7
INV-2025-02446,21-07-2025,12:58,B,Los Angeles,Member,Male,Electronic Accessories,98.73,7,34.5555,725.6655,Credit Card,483.777,207.333,6.1
INV-2025-00495,31-07-2025,20:19,B,Los Angeles,Normal,Female,Electronic Accessories,81.22,2,8.122,170.562,Cash,113.708,48.732,4.2
INV-2025-03131,19-07-2025,18:29,B,Los Angeles,Member,Male,Home and Lifestyle,59.14,4,11.828,248.388,E-wallet,165.592,70.968,5.5
INV-2025-04322,27-10-2025,20:56,B,Los Angeles,Member,Male,Fashion Accessories,35.93,5,8.9825,188.6325,E-wallet,125.755,53.895,5.5
INV-2025-04398,07-06-2025,17:43,A,New York,Member,Female,Electronic Accessories,18.87,3,2.8305,59.4405,Cash,39.627,16.983,4.1
INV-2025-01165,23-03-2025,12:46,C,Chicago,Member,Male,Fashion Accessories,54,9,24.3,510.3,E-wallet,340.2,145.8,No Rating Given
INV-2025-03735,12-08-2025,18:08,A,New York,Member,Male,Electronic Accessories,54.95,4,10.99,230.79,E-wallet,153.86,65.94,4.7
INV-2025-01731,25-06-2025,14:03,B,Los Angeles,Member,Male,Home and Lifestyle,79.33,8,31.732,666.372,E-wallet,444.248,190.392,7
INV-2025-04813,28-11-2025,21:46,C,Chicago,Member,Female,Food and Beverages,5.85,8,2.34,49.14,Credit Card,32.76,14.04,7.1
INV-2025-02403,24-12-2025,18:20,A,New York,Normal,Female,Sports and Travel,70.96,8,28.384,596.064,Cash,397.376,170.304,No Rating Given
INV-2025-03404,29-12-2025,15:19,C,Chicago,Normal,Female,Home and Lifestyle,78.33,7,27.4155,575.7255,Credit Card,383.817,164.493,7.1
INV-2025-00619,15-06-2025,19:52,C,Chicago,Normal,Female,Fashion Accessories,55.37,6,16.611,348.831,Cash,232.554,99.666,7.5
INV-2025-01698,08-08-2025,12:41,B,Los Angeles,Normal,Female,Fashion Accessories,19.47,4,3.894,81.774,E-wallet,54.516,23.364,4.5
INV-2025-03594,01-06-2025,12:54,C,Chicago,Member,Female,Sports and Travel,53.82,7,18.837,395.577,E-wallet,263.718,113.022,4.5
INV-2025-01958,16-12-2025,14:02,C,Chicago,Unknown,Female,Home and Lifestyle,64.42,4,12.884,270.564,Credit Card,180.376,77.304,9.2
INV-2025-01222,07-09-2025,18:29,B,Los Angeles,Normal,Female,Food and Beverages,8.05,6,2.415,50.715,Credit Card,33.81,14.49,4.2
INV-2025-02074,04-06-2025,19:26,C,Chicago,Normal,Female,Health and Beauty,18.48,9,8.316,174.636,Cash,116.424,49.896,8.3
INV-2025-03411,09-09-2025,20:52,B,Los Angeles,Member,Female,Home and Lifestyle,77.15,7,27.0025,567.0525,Credit Card,378.035,162.015,9.2
INV-2025-00870,10-09-2025,19:00,C,Chicago,Member,Male,Sports and Travel,54.87,9,24.6915,518.5215,Credit Card,345.681,148.149,6.4
INV-2025-02719,31-08-2025,20:36,B,Los Angeles,Member,Female,Health and Beauty,21.72,3,3.258,68.418,Credit Card,45.612,19.548,7
INV-2025-01043,16-04-2025,14:42,B,Los Angeles,Member,Female,Health and Beauty,37.08,6,11.124,233.604,E-wallet,155.736,66.744,9.5
INV-2025-01362,03-12-2025,19:14,B,Los Angeles,Normal,Male,Electronic Accessories,69.44,8,27.776,583.296,Cash,388.864,166.656,8.2
INV-2025-00357,02-02-2025,12:20,A,New York,Normal,Male,Fashion Accessories,66.75,9,30.0375,630.7875,Credit Card,420.525,180.225,8.2
INV-2025-01163,08-07-2025,18:15,A,New York,Normal,Male,Home and Lifestyle,29.29,2,2.929,61.509,E-wallet,41.006,17.574,5.2
INV-2025-02766,24-01-2025,21:40,A,New York,Normal,Female,Sports and Travel,70.52,9,31.734,666.414,E-wallet,444.276,190.404,6.3
INV-2025-03253,04-11-2025,20:19,B,Los Angeles,Normal,Female,Electronic Accessories,69.04,10,34.52,724.92,Credit Card,483.28,207.12,8.2
INV-2025-01439,19-12-2025,13:25,C,Chicago,Normal,Female,Sports and Travel,46.53,9,20.9385,439.7085,Credit Card,293.139,125.631,7.9
INV-2025-03604,24-06-2025,13:27,C,Chicago,Normal,Female,Fashion Accessories,72.85,1,3.6425,76.4925,E-wallet,50.995,21.855,7.1
INV-2025-04941,09-07-2025,21:41,B,Los Angeles,Member,Female,Food and Beverages,5.47,7,1.9145,40.2045,Credit Card,26.803,11.487,4.9
INV-2025-04594,25-12-2025,15:11,B,Los Angeles,Normal,Male,Health and Beauty,51.63,6,15.489,325.269,Credit Card,216.846,92.934,9.5
INV-2025-03640,14-07-2025,13:06,B,Los Angeles,Normal,Female,Fashion Accessories,19.05,4,3.81,80.01,Cash,53.34,22.86,8.4
INV-2025-01254,22-05-2025,16:57,C,Chicago,Normal,Female,Sports and Travel,67.25,3,10.0875,211.8375,E-wallet,141.225,60.525,5.3
INV-2025-03366,28-04-2025,11:09,C,Chicago,Member,Male,Electronic Accessories,33.13,4,6.626,139.146,Credit Card,92.764,39.756,8
INV-2025-00333,14-05-2025,17:57,B,Los Angeles,Member,Male,Health and Beauty,50.27,10,25.135,527.835,Credit Card,351.89,150.81,5.9
INV-2025-03695,23-12-2025,11:41,C,Chicago,Member,Female,Fashion Accessories,62.43,8,24.972,524.412,Cash,349.608,149.832,5.9
INV-2025-03569,01-07-2025,18:27,C,Chicago,Member,Male,Home and Lifestyle,45.1,8,18.04,378.84,Cash,252.56,108.24,6
INV-2025-02729,02-01-2025,19:36,B,Los Angeles,Member,Female,Food and Beverages,9.83,3,1.4745,30.9645,Credit Card,20.643,8.847,4.6
INV-2025-03668,16-09-2025,18:58,C,Chicago,Member,Female,Electronic Accessories,55.7,5,13.925,292.425,Credit Card,194.95,83.55,6.4
INV-2025-01631,17-06-2025,21:09,B,Los Angeles,Member,Male,Food and Beverages,6.45,6,1.935,40.635,E-wallet,27.09,11.61,6.1
INV-2025-01117,01-02-2025,10:52,C,Chicago,Member,Female,Health and Beauty,18.63,1,0.9315,19.5615,Cash,13.041,5.589,5.2
INV-2025-03555,17-07-2025,14:45,A,New York,Normal,Male,Fashion Accessories,63.62,5,15.905,334.005,E-wallet,222.67,95.43,No Rating Given
INV-2025-03154,26-07-2025,16:11,C,Chicago,Member,Female,Food and Beverages,10.73,9,4.8285,101.3985,Cash,67.599,28.971,9.5
INV-2025-03266,05-09-2025,19:36,A,New York,Member,Male,Electronic Accessories,71.89,4,14.378,301.938,Credit Card,201.292,86.268,5.9
INV-2025-01666,01-07-2025,14:31,C,Chicago,Normal,Male,Sports and Travel,42.05,9,18.9225,397.3725,Credit Card,264.915,113.535,6
INV-2025-00446,01-10-2025,13:22,B,Los Angeles,Member,Male,Sports and Travel,43.47,7,15.2145,319.5045,Cash,213.003,91.287,5.8
INV-2025-02246,13-07-2025,18:31,A,New York,Member,Male,Food and Beverages,9.4,4,1.88,39.48,Credit Card,26.32,11.28,8.1
INV-2025-00453,13-09-2025,21:29,B,Los Angeles,Member,Male,Electronic Accessories,19.76,7,6.916,145.236,Cash,96.824,41.496,6.8
INV-2025-01552,07-08-2025,11:53,B,Los Angeles,Member,Male,Food and Beverages,9.21,6,2.763,58.023,E-wallet,38.682,16.578,8.5
INV-2025-04435,17-03-2025,19:53,A,New York,Member,Male,Electronic Accessories,33.39,9,15.0255,315.5355,Credit Card,210.357,90.153,9.1
INV-2025-02955,13-08-2025,09:42,C,Chicago,Normal,Male,Fashion Accessories,49.97,6,14.991,314.811,Credit Card,209.874,89.946,7.6
INV-2025-00015,07-06-2025,12:15,C,Chicago,Normal,Male,Fashion Accessories,41.59,2,4.159,87.339,E-wallet,58.226,24.954,7.2
INV-2025-03629,18-09-2025,20:03,A,New York,Normal,Female,Sports and Travel,37.17,4,7.434,156.114,E-wallet,104.076,44.604,8.7
INV-2025-00946,05-03-2025,18:41,C,Chicago,Member,Female,Home and Lifestyle,77.97,7,27.2895,573.0795,Credit Card,382.053,163.737,8.6
INV-2025-00248,11-07-2025,18:32,B,Los Angeles,Normal,Female,Sports and Travel,36.15,9,16.2675,341.6175,Credit Card,227.745,97.605,7.9
INV-2025-04698,04-07-2025,15:02,A,New York,Normal,Female,Electronic Accessories,78.29,8,31.316,657.636,Credit Card,438.424,187.896,6.8
INV-2025-00361,17-08-2025,13:31,C,Chicago,Unknown,Female,Sports and Travel,27.15,9,12.2175,256.5675,Cash,171.045,73.305,4.5
INV-2025-04657,21-09-2025,10:39,C,Chicago,Normal,Male,Fashion Accessories,69.15,7,24.2025,508.2525,Unknown,338.835,145.215,8
INV-2025-01615,29-05-2025,12:01,B,Los Angeles,Member,Female,Food and Beverages,20.65,8,8.26,173.46,Credit Card,115.64,49.56,8.4
INV-2025-02304,26-07-2025,09:11,A,New York,Member,Female,Home and Lifestyle,88.38,6,26.514,556.794,E-wallet,371.196,159.084,4.1
INV-2025-04142,02-11-2025,10:39,B,Los Angeles,Normal,Male,Fashion Accessories,37.48,9,16.866,354.186,Cash,236.124,101.196,9.8
INV-2025-03169,29-09-2025,18:32,C,Chicago,Normal,Male,Home and Lifestyle,56.23,6,16.869,354.249,Credit Card,236.166,101.214,6.6
INV-2025-02479,30-06-2025,16:17,C,Chicago,Member,Female,Electronic Accessories,90.22,5,22.555,473.655,Cash,315.77,135.33,6.6
INV-2025-04215,21-06-2025,18:06,A,New York,Member,Male,Home and Lifestyle,67.84,3,10.176,213.696,Cash,142.464,61.056,5.1
INV-2025-04181,11-06-2025,15:35,A,New York,Member,Female,Food and Beverages,20.67,1,1.0335,21.7035,Credit Card,14.469,6.201,4.1
INV-2025-04885,15-07-2025,14:02,C,Chicago,Normal,Female,Health and Beauty,35.78,6,10.734,225.414,Credit Card,150.276,64.404,6.6
INV-2025-03164,13-02-2025,17:58,B,Los Angeles,Normal,Male,Electronic Accessories,65.98,4,13.196,277.116,E-wallet,184.744,79.176,6.4
INV-2025-00491,22-05-2025,19:40,A,New York,Member,Male,Food and Beverages,23.83,4,4.766,100.086,Cash,66.724,28.596,9.4
INV-2025-00863,20-06-2025,19:09,C,Chicago,Member,Male,Health and Beauty,28.86,4,5.772,121.212,Credit Card,80.808,34.632,4.6
INV-2025-01741,04-07-2025,14:33,C,Chicago,Normal,Female,Electronic Accessories,50.76,1,2.538,53.298,Credit Card,35.532,15.228,5.6
INV-2025-04100,11-09-2025,21:32,B,Los Angeles,Normal,Female,Health and Beauty,34.38,6,10.314,216.594,E-wallet,144.396,61.884,6.7
INV-2025-04386,27-10-2025,17:48,A,New York,Normal,Female,Health and Beauty,31.43,10,15.715,330.015,Credit Card,220.01,94.29,8
INV-2025-02448,15-02-2025,09:22,B,Los Angeles,Normal,Male,Health and Beauty,53.1,7,18.585,390.285,Credit Card,260.19,111.51,5.2
INV-2025-04231,02-08-2025,19:28,C,Chicago,Normal,Male,Fashion Accessories,16.35,7,5.7225,120.1725,Credit Card,80.115,34.335,6
INV-2025-00507,17-08-2025,13:11,A,New York,Member,Male,Health and Beauty,41.13,5,10.2825,215.9325,Cash,143.955,61.695,7
INV-2025-02678,04-09-2025,19:25,C,Chicago,Member,Female,Health and Beauty,46.62,1,2.331,48.951,E-wallet,32.634,13.986,8
INV-2025-02996,13-08-2025,12:07,C,Chicago,Unknown,Female,Health and Beauty,13.63,9,6.1335,128.8035,Credit Card,85.869,36.801,4.6
INV-2025-01943,18-06-2025,18:33,A,New York,Normal,Female,Health and Beauty,49.5,4,9.9,207.9,Credit Card,138.6,59.4,8.6
INV-2025-01223,06-10-2025,11:14,C,Chicago,Normal,Male,Food and Beverages,18.39,3,2.7585,57.9285,E-wallet,38.619,16.551,5.8
INV-2025-01114,15-01-2025,17:45,A,New York,Normal,Male,Health and Beauty,30.98,2,3.098,65.058,Cash,43.372,18.588,7.8
INV-2025-01906,05-08-2025,16:19,A,New York,Member,Female,Sports and Travel,26.3,1,1.315,27.615,Credit Card,18.41,7.89,7.6
INV-2025-03424,06-06-2025,17:26,C,Chicago,Member,Male,Sports and Travel,73.1,9,32.895,690.795,Cash,460.53,197.37,6.6
INV-2025-01878,24-07-2025,13:05,A,New York,Unknown,Male,Fashion Accessories,33.98,3,5.097,107.037,Cash,71.358,30.582,5.7
INV-2025-04673,13-01-2025,13:13,C,Chicago,Member,Male,Home and Lifestyle,65.51,4,13.102,275.142,E-wallet,183.428,78.612,8.3
INV-2025-00434,06-07-2025,19:17,B,Los Angeles,Normal,Male,Health and Beauty,46.04,4,9.208,193.368,Credit Card,128.912,55.248,9.1
INV-2025-02365,02-06-2025,13:09,B,Los Angeles,Normal,Female,Health and Beauty,28.86,1,1.443,30.303,Credit Card,20.202,8.658,6.5
INV-2025-03155,15-01-2025,15:29,A,New York,Normal,Female,Health and Beauty,27.59,7,9.6565,202.7865,Cash,135.191,57.939,8.9
INV-2025-02836,08-09-2025,19:20,C,Chicago,Member,Male,Home and Lifestyle,70.39,5,17.5975,369.5475,Credit Card,246.365,105.585,4.4
INV-2025-02093,28-08-2025,18:42,A,New York,Member,Male,Food and Beverages,9.67,9,4.3515,91.3815,E-wallet,60.921,26.109,6.2
INV-2025-03011,25-03-2025,14:58,C,Chicago,Normal,Male,Fashion Accessories,72.11,1,3.6055,75.7155,Cash,50.477,21.633,6.7
INV-2025-03163,18-12-2025,12:02,A,New York,Member,Female,Food and Beverages,12.82,7,4.487,94.227,E-wallet,62.818,26.922,4.4
INV-2025-02946,16-09-2025,21:30,B,Los Angeles,Member,Female,Sports and Travel,83.2,1,4.16,87.36,Credit Card,58.24,24.96,8
INV-2025-03917,13-11-2025,18:18,A,New York,Member,Female,Food and Beverages,5.13,6,1.539,32.319,Cash,21.546,9.234,9.2
INV-2025-02917,13-12-2025,20:49,C,Chicago,Normal,Female,Home and Lifestyle,54.75,2,5.475,114.975,E-wallet,76.65,32.85,6.7
INV-2025-01103,09-04-2025,13:52,C,Chicago,Member,Female,Home and Lifestyle,63.72,7,22.302,468.342,E-wallet,312.228,133.812,7.4
INV-2025-01449,22-08-2025,10:21,A,New York,Normal,Male,Sports and Travel,74.77,7,26.1695,549.5595,E-wallet,366.373,157.017,9.5
INV-2025-01721,10-04-2025,14:35,A,New York,Normal,Female,Food and Beverages,18.69,10,9.345,196.245,Credit Card,130.83,56.07,5
INV-2025-04519,30-12-2025,18:51,A,New York,Normal,Female,Home and Lifestyle,24.93,10,12.465,261.765,Credit Card,174.51,74.79,7.6
INV-2025-03843,21-10-2025,19:07,C,Chicago,Normal,Female,Food and Beverages,3.02,10,1.51,31.71,Credit Card,21.14,9.06,9
INV-2025-00157,28-02-2025,09:11,B,Los Angeles,Member,Male,Home and Lifestyle,74.25,8,29.7,623.7,Cash,415.8,178.2,7.7
INV-2025-02979,17-02-2025,17:56,B,Los Angeles,Normal,Female,Health and Beauty,26.05,1,1.3025,27.3525,Cash,18.235,7.815,8.3
INV-2025-01774,25-10-2025,15:11,C,Chicago,Member,Female,Health and Beauty,42.87,9,19.2915,405.1215,Cash,270.081,115.749,8.3
INV-2025-00616,05-07-2025,16:36,B,Los Angeles,Member,Female,Fashion Accessories,63.19,6,18.957,398.097,Credit Card,265.398,113.742,7.5
INV-2025-00644,03-10-2025,13:29,B,Los Angeles,Member,Female,Home and Lifestyle,21.43,8,8.572,180.012,Credit Card,120.008,51.432,9.9
INV-2025-01936,03-02-2025,21:14,A,New York,Member,Female,Sports and Travel,62.75,7,21.9625,461.2125,Cash,307.475,131.775,9.4
INV-2025-04278,07-03-2025,18:08,A,New York,Normal,Female,Electronic Accessories,54.77,10,27.385,575.085,Credit Card,383.39,164.31,5.9
INV-2025-01069,12-11-2025,13:22,A,New York,Member,Female,Sports and Travel,51.34,3,7.701,161.721,Cash,107.814,46.206,9.5
INV-2025-04455,07-07-2025,20:24,C,Chicago,Member,Female,Food and Beverages,5.14,3,0.771,16.191,Credit Card,10.794,4.626,9.6
INV-2025-04155,15-04-2025,16:51,C,Chicago,Normal,Female,Home and Lifestyle,86.02,3,12.903,270.963,Credit Card,180.642,77.418,6.9
INV-2025-04240,24-03-2025,17:51,B,Los Angeles,Normal,Male,Home and Lifestyle,44.17,4,8.834,185.514,Credit Card,123.676,53.004,5.1
INV-2025-04869,16-08-2025,13:31,A,New York,Member,Male,Sports and Travel,33.52,5,8.38,175.98,E-wallet,117.32,50.28,7.8
INV-2025-00331,28-06-2025,15:13,B,Los Angeles,Normal,Female,Food and Beverages,4.35,9,1.9575,41.1075,E-wallet,27.405,11.745,9.8
INV-2025-02058,06-11-2025,18:30,A,New York,Member,Male,Home and Lifestyle,61.73,8,24.692,518.532,Credit Card,345.688,148.152,5.5
INV-2025-02647,26-10-2025,20:30,A,New York,Member,Female,Fashion Accessories,61.6,4,12.32,258.72,Credit Card,172.48,73.92,5.8
INV-2025-02192,02-05-2025,10:25,A,New York,Normal,Female,Health and Beauty,16.46,9,7.407,155.547,E-wallet,103.698,44.442,4.5
INV-2025-00623,02-03-2025,12:54,B,Los Angeles,Normal,Female,Electronic Accessories,32.84,2,3.284,68.964,Credit Card,45.976,19.704,8.6
INV-2025-01596,27-09-2025,16:49,A,New York,Member,Male,Home and Lifestyle,59.02,7,20.657,433.797,Credit Card,289.198,123.942,9.7
INV-2025-02916,10-11-2025,18:55,B,Los Angeles,Member,Female,Fashion Accessories,47.27,10,23.635,496.335,Credit Card,330.89,141.81,7.2
INV-2025-04822,20-03-2025,18:49,C,Chicago,Member,Female,Health and Beauty,13.54,2,1.354,28.434,Credit Card,18.956,8.124,No Rating Given
INV-2025-03899,28-06-2025,11:44,A,New York,Member,Female,Fashion Accessories,37.47,6,11.241,236.061,Cash,157.374,67.446,9.1
INV-2025-01920,06-03-2025,11:58,A,New York,Normal,Female,Electronic Accessories,41.81,7,14.6335,307.3035,E-wallet,204.869,87.801,5.1
INV-2025-04174,20-06-2025,21:42,B,Los Angeles,Member,Female,Electronic Accessories,83.19,8,33.276,698.796,Cash,465.864,199.656,4.7
INV-2025-04478,28-12-2025,19:49,A,New York,Normal,Male,Electronic Accessories,85.94,10,42.97,902.37,Credit Card,601.58,257.82,8.2
INV-2025-00756,14-10-2025,10:54,B,Los Angeles,Member,Female,Electronic Accessories,88.49,10,44.245,929.145,Cash,619.43,265.47,6.3
INV-2025-00519,31-08-2025,19:41,A,New York,Member,Female,Food and Beverages,22.61,8,9.044,189.924,E-wallet,126.616,54.264,6.5
INV-2025-03804,27-10-2025,17:01,B,Los Angeles,Normal,Male,Food and Beverages,6.28,2,0.628,13.188,Credit Card,8.792,3.768,9.5
INV-2025-00033,07-03-2025,10:23,C,Chicago,Normal,Male,Home and Lifestyle,34.71,4,6.942,145.782,Credit Card,97.188,41.652,6.1
INV-2025-02938,06-10-2025,18:31,B,Los Angeles,Member,Female,Food and Beverages,19.44,1,0.972,20.412,E-wallet,13.608,5.832,6.5
INV-2025-01158,13-06-2025,18:40,A,New York,Normal,Female,Food and Beverages,14.32,7,5.012,105.252,Cash,70.168,30.072,6.4
INV-2025-00745,09-04-2025,14:14,C,Chicago,Normal,Female,Electronic Accessories,22.65,10,11.325,237.825,Credit Card,158.55,67.95,8.9
INV-2025-01498,17-12-2025,19:26,A,New York,Normal,Male,Health and Beauty,17.69,2,1.769,37.149,Credit Card,24.766,10.614,8.2
INV-2025-03460,24-07-2025,14:25,B,Los Angeles,Member,Male,Sports and Travel,80.76,1,4.038,84.798,Credit Card,56.532,24.228,7.4
INV-2025-03756,16-01-2025,11:16,A,New York,Normal,Female,Food and Beverages,3.33,3,0.4995,10.4895,Credit Card,6.993,2.997,5.9
INV-2025-02592,14-09-2025,13:16,B,Los Angeles,Normal,Male,Health and Beauty,19.4,10,9.7,203.7,Cash,135.8,58.2,4.6
INV-2025-00784,01-09-2025,11:36,C,Chicago,Normal,Female,Health and Beauty,18.57,9,8.3565,175.4865,Cash,116.991,50.139,9
INV-2025-03494,20-05-2025,19:30,C,Chicago,Normal,Female,Health and Beauty,43.41,5,10.8525,227.9025,Credit Card,151.935,65.115,9.6
INV-2025-02950,18-08-2025,20:01,A,New York,Member,Female,Health and Beauty,48.17,3,7.2255,151.7355,Credit Card,101.157,43.353,6
INV-2025-00230,11-10-2025,11:38,C,Chicago,Normal,Male,Home and Lifestyle,48.97,2,4.897,102.837,Credit Card,68.558,29.382,7.4
INV-2025-00858,19-12-2025,11:52,A,New York,Member,Male,Home and Lifestyle,79.93,4,15.986,335.706,E-wallet,223.804,95.916,7.6
INV-2025-02267,05-12-2025,13:57,B,Los Angeles,Member,Female,Health and Beauty,31.04,6,9.312,195.552,Credit Card,130.368,55.872,7.7
INV-2025-04275,25-06-2025,14:50,C,Chicago,Normal,Female,Electronic Accessories,94.78,1,4.739,99.519,Credit Card,66.346,28.434,5.3
INV-2025-00409,04-12-2025,15:10,C,Chicago,Member,Female,Food and Beverages,15.58,4,3.116,65.436,Credit Card,43.624,18.696,4.8
INV-2025-00171,12-01-2025,11:25,B,Los Angeles,Normal,Male,Food and Beverages,10.12,1,0.506,10.626,Cash,7.084,3.036,7.6
INV-2025-00541,10-11-2025,21:25,C,Chicago,Normal,Male,Home and Lifestyle,83.08,1,4.154,87.234,Cash,58.156,24.924,7.4
INV-2025-02211,27-07-2025,13:02,A,New York,Normal,Male,Home and Lifestyle,36.81,3,5.5215,115.9515,E-wallet,77.301,33.129,9.6
INV-2025-02305,17-06-2025,20:08,A,New York,Normal,Male,Home and Lifestyle,75.18,1,3.759,78.939,Credit Card,52.626,22.554,6.9
INV-2025-02568,19-11-2025,14:48,A,New York,Normal,Male,Fashion Accessories,36.47,9,16.4115,344.6415,E-wallet,229.761,98.469,8
INV-2025-00614,27-10-2025,13:35,C,Chicago,Member,Male,Electronic Accessories,37.33,8,14.932,313.572,Cash,209.048,89.592,8
INV-2025-02102,13-04-2025,16:11,A,New York,Member,Female,Health and Beauty,14.34,10,7.17,150.57,Cash,100.38,43.02,9.1
INV-2025-01809,21-12-2025,19:49,C,Chicago,Normal,Male,Sports and Travel,84.61,1,4.2305,88.8405,Cash,59.227,25.383,5.2
INV-2025-03439,24-04-2025,17:36,A,New York,Member,Female,Food and Beverages,6.16,5,1.54,32.34,E-wallet,21.56,9.24,6.8
INV-2025-01162,16-02-2025,20:01,C,Chicago,Normal,Female,Food and Beverages,13.76,4,2.752,57.792,E-wallet,38.528,16.512,5
INV-2025-04226,08-10-2025,10:40,C,Chicago,Member,Female,Fashion Accessories,50.77,10,25.385,533.085,Cash,355.39,152.31,8.8
INV-2025-03120,01-09-2025,15:03,C,Chicago,Normal,Male,Health and Beauty,28.32,10,14.16,297.36,Unknown,198.24,84.96,7.6
INV-2025-03653,29-01-2025,19:58,B,Los Angeles,Member,Male,Food and Beverages,15.16,6,4.548,95.508,Cash,63.672,27.288,5.5
INV-2025-01611,22-04-2025,20:41,B,Los Angeles,Member,Male,Home and Lifestyle,32.73,3,4.9095,103.0995,Credit Card,68.733,29.457,7.4
INV-2025-01933,05-01-2025,13:35,B,Los Angeles,Member,Male,Home and Lifestyle,32.71,8,13.084,274.764,Credit Card,183.176,78.504,6.5
INV-2025-03028,21-09-2025,12:32,A,New York,Member,Female,Sports and Travel,68.35,9,30.7575,645.9075,Credit Card,430.605,184.545,6.5
INV-2025-00565,09-05-2025,19:01,C,Chicago,Member,Male,Health and Beauty,43.23,5,10.8075,226.9575,Cash,151.305,64.845,6
INV-2025-03572,17-04-2025,16:26,C,Chicago,Member,Female,Home and Lifestyle,85.18,9,38.331,804.951,Cash,536.634,229.986,6.4
INV-2025-04248,22-12-2025,14:35,A,New York,Normal,Female,Sports and Travel,54.47,2,5.447,114.387,Cash,76.258,32.682,9.9
INV-2025-02389,21-01-2025,09:47,A,New York,Normal,Male,Food and Beverages,19.3,10,9.65,202.65,E-wallet,135.1,57.9,4.9
INV-2025-01472,23-02-2025,17:01,B,Los Angeles,Normal,Male,Electronic Accessories,77.72,9,34.974,734.454,Cash,489.636,209.844,No Rating Given
INV-2025-02631,12-11-2025,17:27,A,New York,Member,Female,Home and Lifestyle,75.1,2,7.51,157.71,E-wallet,105.14,45.06,8.7
INV-2025-01836,18-01-2025,12:21,A,New York,Member,Female,Home and Lifestyle,68.93,8,27.572,579.012,Cash,386.008,165.432,7.5
INV-2025-04929,21-05-2025,16:52,A,New York,Normal,Female,Health and Beauty,40.52,7,14.182,297.822,Cash,198.548,85.092,4.6
INV-2025-03476,23-02-2025,17:40,C,Chicago,Normal,Female,Sports and Travel,77.13,4,15.426,323.946,E-wallet,215.964,92.556,5
INV-2025-01534,31-05-2025,11:34,B,Los Angeles,Normal,Female,Fashion Accessories,11.38,6,3.414,71.694,Cash,47.796,20.484,9.6
INV-2025-04328,17-07-2025,10:55,B,Los Angeles,Member,Female,Electronic Accessories,99.08,1,4.954,104.034,Cash,69.356,29.724,9.7
INV-2025-02485,21-02-2025,12:27,A,New York,Member,Male,Food and Beverages,24.44,8,9.776,205.296,Credit Card,136.864,58.656,4.1
INV-2025-04208,11-05-2025,18:28,B,Los Angeles,Normal,Male,Food and Beverages,9.97,2,0.997,20.937,Credit Card,13.958,5.982,5.6
INV-2025-01173,22-09-2025,14:39,C,Chicago,Normal,Male,Food and Beverages,21.61,6,6.483,136.143,Credit Card,90.762,38.898,6.3
INV-2025-01428,19-06-2025,17:20,B,Los Angeles,Normal,Female,Food and Beverages,19.9,4,3.98,83.58,Cash,55.72,23.88,4.1
INV-2025-00326,13-04-2025,19:15,A,New York,Member,Female,Fashion Accessories,22.94,6,6.882,144.522,E-wallet,96.348,41.292,7
INV-2025-01052,13-05-2025,21:01,B,Los Angeles,Normal,Female,Food and Beverages,18.52,10,9.26,194.46,Cash,129.64,55.56,4.7
INV-2025-03320,08-03-2025,11:26,B,Los Angeles,Normal,Male,Home and Lifestyle,79.04,1,3.952,82.992,Cash,55.328,23.712,7.8
INV-2025-04722,01-11-2025,11:28,A,New York,Member,Female,Health and Beauty,58.68,3,8.802,184.842,Cash,123.228,52.812,8.3
INV-2025-03865,02-02-2025,09:39,B,Los Angeles,Member,Female,Food and Beverages,11.1,6,3.33,69.93,Cash,46.62,19.98,7.2
INV-2025-02604,25-01-2025,17:56,C,Chicago,Member,Female,Fashion Accessories,59.92,6,17.976,377.496,Credit Card,251.664,107.856,8.4
INV-2025-01739,01-03-2025,14:46,A,New York,Normal,Male,Sports and Travel,37.13,5,9.2825,194.9325,E-wallet,129.955,55.695,4.5
INV-2025-01197,07-08-2025,14:31,C,Chicago,Normal,Male,Food and Beverages,10.59,10,5.295,111.195,Credit Card,74.13,31.77,4.2
INV-2025-00621,24-04-2025,19:50,C,Chicago,Normal,Male,Sports and Travel,52.63,2,5.263,110.523,Cash,73.682,31.578,4.8
INV-2025-01375,16-10-2025,09:31,B,Los Angeles,Normal,Male,Fashion Accessories,44.14,6,13.242,278.082,Credit Card,185.388,79.452,4.6
INV-2025-02880,28-01-2025,12:08,A,New York,Member,Male,Home and Lifestyle,49.67,10,24.835,521.535,Credit Card,347.69,149.01,4.2
INV-2025-01190,31-05-2025,19:01,A,New York,Normal,Female,Food and Beverages,14.88,4,2.976,62.496,E-wallet,41.664,17.856,7.7
INV-2025-00329,20-04-2025,19:41,A,New York,Member,Female,Food and Beverages,2.46,1,0.123,2.583,Credit Card,1.722,0.738,4.8
INV-2025-00649,03-06-2025,14:34,A,New York,Member,Female,Food and Beverages,13.85,9,6.2325,130.8825,Cash,87.255,37.395,4.1
INV-2025-00898,10-11-2025,13:03,B,Los Angeles,Member,Female,Electronic Accessories,77.09,5,19.2725,404.7225,Cash,269.815,115.635,9.8
INV-2025-03883,30-08-2025,19:15,B,Los Angeles,Member,Male,Fashion Accessories,71.44,3,10.716,225.036,Credit Card,150.024,64.296,8.8
INV-2025-01124,11-08-2025,13:51,B,Los Angeles,Member,Female,Fashion Accessories,72.95,9,32.8275,689.3775,E-wallet,459.585,196.965,8.8
INV-2025-01892,29-07-2025,09:44,C,Chicago,Normal,Male,Health and Beauty,27.39,4,5.478,115.038,Credit Card,76.692,32.868,7.2
INV-2025-04644,06-04-2025,21:17,B,Los Angeles,Member,Female,Sports and Travel,25.58,9,11.511,241.731,E-wallet,161.154,69.066,9.3
INV-2025-04792,04-11-2025,21:03,A,New York,Normal,Male,Sports and Travel,70.91,5,17.7275,372.2775,Cash,248.185,106.365,7.7
INV-2025-04530,31-08-2025,15:24,A,New York,Member,Male,Home and Lifestyle,85.72,8,34.288,720.048,E-wallet,480.032,205.728,5.7
INV-2025-04235,08-03-2025,13:25,C,Chicago,Member,Male,Sports and Travel,28.94,4,5.788,121.548,Cash,81.032,34.728,6.3
INV-2025-01594,23-12-2025,19:51,A,New York,Normal,Male,Health and Beauty,48.82,3,7.323,153.783,Credit Card,102.522,43.938,7.7
INV-2025-03313,13-06-2025,19:52,A,New York,Normal,Female,Fashion Accessories,30.62,10,15.31,321.51,Credit Card,214.34,91.86,8.5
INV-2025-02548,16-07-2025,13:17,A,New York,Normal,Male,Health and Beauty,41.71,3,6.2565,131.3865,Cash,87.591,37.539,6.3
INV-2025-01546,25-02-2025,12:49,C,Chicago,Member,Male,Sports and Travel,49.25,9,22.1625,465.4125,E-wallet,310.275,132.975,4.3
INV-2025-04337,25-07-2025,13:13,C,Chicago,Member,Female,Home and Lifestyle,78.76,4,15.752,330.792,Cash,220.528,94.512,5.3
INV-2025-01024,24-03-2025,14:33,C,Chicago,Member,Male,Fashion Accessories,72.39,2,7.239,152.019,Cash,101.346,43.434,8.9
INV-2025-01972,08-06-2025,11:40,C,Chicago,Member,Female,Food and Beverages,23.9,1,1.195,25.095,Credit Card,16.73,7.17,8.4
INV-2025-04490,05-01-2025,19:21,B,Los Angeles,Member,Male,Fashion Accessories,12.4,1,0.62,13.02,Credit Card,8.68,3.72,No Rating Given
INV-2025-01715,01-05-2025,20:18,C,Chicago,Normal,Male,Food and Beverages,13.74,1,0.687,14.427,E-wallet,9.618,4.122,5.7
INV-2025-01718,19-06-2025,09:44,A,New York,Member,Female,Sports and Travel,41.12,2,4.112,86.352,Cash,57.568,24.672,7.9
INV-2025-01478,17-03-2025,18:50,A,New York,Member,Female,Sports and Travel,64.57,5,16.1425,338.9925,Credit Card,225.995,96.855,5.2
INV-2025-00810,04-01-2025,10:31,A,New York,Member,Male,Electronic Accessories,25.67,3,3.8505,80.8605,Credit Card,53.907,23.103,9
INV-2025-02851,28-07-2025,13:37,C,Chicago,Normal,Male,Food and Beverages,2.08,3,0.312,6.552,Cash,4.368,1.872,4.7
INV-2025-00979,13-06-2025,19:48,B,Los Angeles,Normal,Female,Fashion Accessories,39.04,2,3.904,81.984,Credit Card,54.656,23.424,5.4
INV-2025-04688,22-06-2025,13:28,B,Los Angeles,Normal,Male,Food and Beverages,8.77,5,2.1925,46.0425,Cash,30.695,13.155,9.6
INV-2025-04896,17-02-2025,19:56,A,New York,Member,Female,Fashion Accessories,60.31,2,6.031,126.651,Credit Card,84.434,36.186,7.6
INV-2025-01685,12-07-2025,21:43,C,Chicago,Normal,Female,Sports and Travel,54.85,1,2.7425,57.5925,Credit Card,38.395,16.455,6.6
INV-2025-04661,02-05-2025,11:03,C,Chicago,Member,Male,Electronic Accessories,63.17,8,25.268,530.628,Cash,353.752,151.608,4.6
INV-2025-01515,20-07-2025,12:33,A,New York,Normal,Male,Home and Lifestyle,63.79,5,15.9475,334.8975,E-wallet,223.265,95.685,7.9
INV-2025-02405,19-03-2025,09:53,A,New York,Normal,Female,Food and Beverages,23.12,3,3.468,72.828,Credit Card,48.552,20.808,5.5
INV-2025-02022,15-02-2025,18:06,B,Los Angeles,Normal,Male,Food and Beverages,14.66,9,6.597,138.537,Cash,92.358,39.582,5.5
INV-2025-04554,26-12-2025,19:00,B,Los Angeles,Member,Male,Home and Lifestyle,58.63,3,8.7945,184.6845,Cash,123.123,52.767,9.4
INV-2025-01768,14-03-2025,15:22,B,Los Angeles,Member,Female,Sports and Travel,78.4,10,39.2,823.2,Cash,548.8,235.2,9.4
INV-2025-00175,14-09-2025,10:02,A,New York,Member,Female,Food and Beverages,12.51,10,6.255,131.355,E-wallet,87.57,37.53,4.8
INV-2025-01555,19-07-2025,10:03,A,New York,Normal,Female,Food and Beverages,6.65,2,0.665,13.965,Credit Card,9.31,3.99,8.9
INV-2025-04216,11-12-2025,19:34,C,Chicago,Member,Male,Food and Beverages,19.54,2,1.954,41.034,E-wallet,27.356,11.724,7.4
INV-2025-01483,06-09-2025,14:35,B,Los Angeles,Normal,Male,Home and Lifestyle,70.49,9,31.7205,666.1305,Cash,444.087,190.323,4.6
INV-2025-04462,16-01-2025,17:57,C,Chicago,Member,Male,Fashion Accessories,74.19,3,11.1285,233.6985,E-wallet,155.799,66.771,5
INV-2025-00218,08-12-2025,20:58,B,Los Angeles,Member,Male,Food and Beverages,14.69,1,0.7345,15.4245,Cash,10.283,4.407,8.3
INV-2025-03915,07-04-2025,11:20,B,Los Angeles,Member,Female,Home and Lifestyle,32.59,2,3.259,68.439,Credit Card,45.626,19.554,5.9
INV-2025-03721,09-01-2025,12:18,C,Chicago,Member,Male,Food and Beverages,21.29,2,2.129,44.709,Credit Card,29.806,12.774,9.4
INV-2025-00691,31-07-2025,11:42,C,Chicago,Normal,Female,Home and Lifestyle,60.99,9,27.4455,576.3555,Cash,384.237,164.673,8.4
INV-2025-02578,03-05-2025,15:29,B,Los Angeles,Member,Male,Home and Lifestyle,81.05,1,4.0525,85.1025,E-wallet,56.735,24.315,6.9
INV-2025-02234,16-11-2025,13:49,C,Chicago,Member,Male,Health and Beauty,52.82,8,21.128,443.688,Cash,295.792,126.768,6.4
INV-2025-02239,11-05-2025,13:09,A,New York,Member,Female,Home and Lifestyle,24.81,9,11.1645,234.4545,Credit Card,156.303,66.987,6.8
INV-2025-01107,27-01-2025,11:51,B,Los Angeles,Normal,Female,Home and Lifestyle,55.03,2,5.503,115.563,Cash,77.042,33.018,6.4
INV-2025-01790,28-07-2025,11:15,C,Chicago,Normal,Male,Fashion Accessories,49.05,7,17.1675,360.5175,Cash,240.345,103.005,5.2
INV-2025-03189,03-04-2025,14:56,C,Chicago,Member,Female,Electronic Accessories,87.38,10,43.69,917.49,E-wallet,611.66,262.14,5.5
INV-2025-02437,21-03-2025,09:13,A,New York,Normal,Female,Fashion Accessories,19.02,7,6.657,139.797,Credit Card,93.198,39.942,4.9
INV-2025-00612,01-09-2025,21:33,C,Chicago,Member,Female,Health and Beauty,10.33,5,2.5825,54.2325,Credit Card,36.155,15.495,7.3
INV-2025-03661,19-12-2025,18:23,A,New York,Normal,Female,Home and Lifestyle,62.02,3,9.303,195.363,E-wallet,130.242,55.818,5.4
INV-2025-03712,09-08-2025,09:24,B,Los Angeles,Member,Female,Health and Beauty,28.31,8,11.324,237.804,E-wallet,158.536,67.944,9.7
INV-2025-00577,07-09-2025,10:00,A,New York,Member,Female,Sports and Travel,66.61,8,26.644,559.524,Credit Card,373.016,159.864,5.2
INV-2025-02064,17-01-2025,14:06,C,Chicago,Normal,Male,Electronic Accessories,64.68,3,9.702,203.742,Cash,135.828,58.212,9.4
INV-2025-04436,03-03-2025,13:45,C,Chicago,Normal,Female,Home and Lifestyle,29.55,5,7.3875,155.1375,Credit Card,103.425,44.325,4.9
INV-2025-01181,05-10-2025,16:38,B,Los Angeles,Normal,Female,Health and Beauty,46,8,18.4,386.4,E-wallet,257.6,110.4,5.2
INV-2025-00889,06-11-2025,14:41,A,New York,Normal,Male,Health and Beauty,16.52,10,8.26,173.46,Cash,115.64,49.56,7.5
INV-2025-03129,29-04-2025,11:12,A,New York,Normal,Male,Home and Lifestyle,56.47,5,14.1175,296.4675,Credit Card,197.645,84.705,10
INV-2025-01733,22-09-2025,12:44,A,New York,Member,Male,Electronic Accessories,99.46,2,9.946,208.866,Credit Card,139.244,59.676,9.6
INV-2025-02664,07-03-2025,11:34,A,New York,Normal,Male,Electronic Accessories,83.07,2,8.307,174.447,E-wallet,116.298,49.842,7.7
INV-2025-00818,30-01-2025,17:59,B,Los Angeles,Member,Female,Health and Beauty,56.07,6,16.821,353.241,Credit Card,235.494,100.926,8.1
INV-2025-03278,01-02-2025,20:51,B,Los Angeles,Member,Female,Sports and Travel,66.11,1,3.3055,69.4155,Credit Card,46.277,19.833,8.8
INV-2025-01860,02-09-2025,17:22,C,Chicago,Member,Male,Electronic Accessories,38.63,6,11.589,243.369,Cash,162.246,69.534,4.5
INV-2025-00209,19-08-2025,19:05,B,Los Angeles,Normal,Male,Home and Lifestyle,46.4,10,23.2,487.2,Credit Card,324.8,139.2,9.2
INV-2025-00294,18-03-2025,09:39,B,Los Angeles,Normal,Female,Sports and Travel,77.97,8,31.188,654.948,Cash,436.632,187.128,5.7
INV-2025-01120,11-01-2025,18:50,A,New York,Normal,Female,Health and Beauty,53.86,4,10.772,226.212,Unknown,150.808,64.632,8.1
INV-2025-02214,01-01-2025,10:39,A,New York,Normal,Male,Food and Beverages,8.41,3,1.2615,26.4915,Cash,17.661,7.569,5.8
INV-2025-01610,28-01-2025,16:11,C,Chicago,Normal,Female,Electronic Accessories,20.38,4,4.076,85.596,Cash,57.064,24.456,8.7
INV-2025-01265,10-11-2025,20:29,C,Chicago,Member,Female,Sports and Travel,81.64,9,36.738,771.498,Cash,514.332,220.428,5.5
INV-2025-00991,22-08-2025,11:00,B,Los Angeles,Member,Male,Electronic Accessories,97.82,2,9.782,205.422,Cash,136.948,58.692,8.6
INV-2025-04198,24-03-2025,14:57,B,Los Angeles,Normal,Male,Home and Lifestyle,48.09,7,16.8315,353.4615,Credit Card,235.641,100.989,8
INV-2025-01617,19-06-2025,12:57,B,Los Angeles,Normal,Female,Fashion Accessories,17.31,8,6.924,145.404,Credit Card,96.936,41.544,8.9
INV-2025-00354,28-02-2025,14:29,A,New York,Member,Female,Sports and Travel,63.93,3,9.5895,201.3795,Cash,134.253,57.537,8.2
INV-2025-04558,13-07-2025,19:50,A,New York,Member,Female,Electronic Accessories,67.36,3,10.104,212.184,E-wallet,141.456,60.624,4.5
INV-2025-02023,09-12-2025,14:19,A,New York,Normal,Female,Food and Beverages,22.11,9,9.9495,208.9395,E-wallet,139.293,59.697,8.3
INV-2025-03691,15-10-2025,15:57,A,New York,Normal,Male,Sports and Travel,80.44,5,20.11,422.31,Cash,281.54,120.66,7.5
INV-2025-02556,08-05-2025,16:51,C,Chicago,Normal,Female,Home and Lifestyle,42.87,6,12.861,270.081,Credit Card,180.054,77.166,9
INV-2025-03049,02-06-2025,15:30,A,New York,Member,Female,Electronic Accessories,27.1,10,13.55,284.55,Credit Card,189.7,81.3,7.7
INV-2025-01229,01-11-2025,20:03,C,Chicago,Member,Female,Electronic Accessories,79.99,4,15.998,335.958,Credit Card,223.972,95.988,5
INV-2025-00260,23-07-2025,12:27,C,Chicago,Member,Female,Home and Lifestyle,43.64,10,21.82,458.22,Cash,305.48,130.92,9.1
INV-2025-01520,22-01-2025,12:50,A,New York,Normal,Female,Food and Beverages,17.71,5,4.4275,92.9775,Cash,61.985,26.565,9.2
INV-2025-01778,26-01-2025,13:45,B,Los Angeles,Member,Male,Electronic Accessories,75.94,8,30.376,637.896,Credit Card,425.264,182.256,9.6
INV-2025-04740,07-10-2025,13:57,B,Los Angeles,Normal,Female,Food and Beverages,21.87,5,5.4675,114.8175,Credit Card,76.545,32.805,7.8
INV-2025-01771,17-10-2025,11:06,C,Chicago,Member,Male,Food and Beverages,10.54,9,4.743,99.603,Credit Card,66.402,28.458,8.4
INV-2025-04354,29-07-2025,14:42,C,Chicago,Normal,Male,Food and Beverages,14.31,6,4.293,90.153,E-wallet,60.102,25.758,7.8
INV-2025-00053,17-06-2025,12:20,A,New York,Normal,Female,Sports and Travel,40.14,2,4.014,84.294,Credit Card,56.196,24.084,8.5
INV-2025-03474,06-05-2025,11:38,C,Chicago,Member,Male,Health and Beauty,19.15,6,5.745,120.645,Credit Card,80.43,34.47,9.4
INV-2025-04684,27-01-2025,13:35,B,Los Angeles,Normal,Male,Food and Beverages,19.39,2,1.939,40.719,Credit Card,27.146,11.634,9.3
INV-2025-04412,16-10-2025,18:40,C,Chicago,Normal,Male,Fashion Accessories,14.21,7,4.9735,104.4435,Cash,69.629,29.841,5.9
INV-2025-02410,30-05-2025,14:30,A,New York,Normal,Male,Food and Beverages,22.19,4,4.438,93.198,E-wallet,62.132,26.628,8.4
INV-2025-02788,09-02-2025,13:02,A,New York,Member,Male,Food and Beverages,2.73,3,0.4095,8.5995,Credit Card,5.733,2.457,6.3
INV-2025-02345,15-06-2025,12:41,B,Los Angeles,Member,Male,Health and Beauty,16.95,6,5.085,106.785,Cash,71.19,30.51,8.3
INV-2025-01034,16-12-2025,18:01,B,Los Angeles,Member,Female,Fashion Accessories,18.14,7,6.349,133.329,Credit Card,88.886,38.094,4.7
INV-2025-01098,07-09-2025,11:55,B,Los Angeles,Member,Female,Health and Beauty,31.77,5,7.9425,166.7925,Credit Card,111.195,47.655,9.3
INV-2025-00544,09-01-2025,11:56,B,Los Angeles,Member,Male,Health and Beauty,16.86,7,5.901,123.921,E-wallet,82.614,35.406,9.4
INV-2025-01047,13-02-2025,21:49,B,Los Angeles,Member,Female,Health and Beauty,40.78,6,12.234,256.914,Cash,171.276,73.404,5.5
INV-2025-01895,10-11-2025,10:28,B,Los Angeles,Normal,Male,Sports and Travel,70.38,4,14.076,295.596,E-wallet,197.064,84.456,5.1
INV-2025-04377,27-09-2025,18:32,A,New York,Normal,Male,Health and Beauty,26.61,4,5.322,111.762,Credit Card,74.508,31.932,4.9
INV-2025-00031,27-01-2025,11:27,C,Chicago,Member,Female,Electronic Accessories,69.15,5,17.2875,363.0375,Cash,242.025,103.725,6.7
INV-2025-00726,08-09-2025,08:35,A,New York,Normal,Female,Sports and Travel,59.38,10,29.69,623.49,Credit Card,415.66,178.14,6
INV-2025-04962,18-01-2025,08:31,A,New York,Member,Female,Fashion Accessories,13.89,8,5.556,116.676,E-wallet,77.784,33.336,8.8
INV-2025-04719,04-09-2025,12:13,C,Chicago,Member,Female,Home and Lifestyle,77.4,5,19.35,406.35,Credit Card,270.9,116.1,4.3
INV-2025-03904,27-09-2025,12:00,A,New York,Normal,Female,Fashion Accessories,65.81,5,16.4525,345.5025,Credit Card,230.335,98.715,6.9
INV-2025-01427,10-02-2025,17:51,C,Chicago,Normal,Female,Sports and Travel,82.34,5,20.585,432.285,Credit Card,288.19,123.51,7.3
INV-2025-02498,11-02-2025,14:12,A,New York,Member,Male,Health and Beauty,50.44,3,7.566,158.886,Cash,105.924,45.396,8.7
INV-2025-00437,19-11-2025,11:47,A,New York,Member,Female,Home and Lifestyle,21.39,2,2.139,44.919,Credit Card,29.946,12.834,8.1
INV-2025-02471,24-08-2025,15:33,B,Los Angeles,Normal,Female,Electronic Accessories,28.52,7,9.982,209.622,E-wallet,139.748,59.892,7.7
INV-2025-00913,13-06-2025,15:30,B,Los Angeles,Member,Female,Electronic Accessories,83.18,4,16.636,349.356,Credit Card,232.904,99.816,7.3
INV-2025-04223,29-07-2025,12:45,B,Los Angeles,Member,Female,Electronic Accessories,56.57,1,2.8285,59.3985,Cash,39.599,16.971,9.2
INV-2025-04353,30-05-2025,11:08,C,Chicago,Normal,Male,Sports and Travel,36.11,9,16.2495,341.2395,Cash,227.493,97.497,8.3
INV-2025-04513,12-06-2025,15:39,B,Los Angeles,Normal,Female,Electronic Accessories,77.48,7,27.118,569.478,Credit Card,379.652,162.708,4.8
INV-2025-04444,30-05-2025,13:38,B,Los Angeles,Normal,Female,Sports and Travel,36.73,3,5.5095,115.6995,Credit Card,77.133,33.057,5.2
INV-2025-02288,17-01-2025,11:54,C,Chicago,Unknown,Male,Home and Lifestyle,62.96,9,28.332,594.972,Cash,396.648,169.992,No Rating Given
INV-2025-04598,23-08-2025,21:24,A,New York,Member,Male,Fashion Accessories,27.08,1,1.354,28.434,Credit Card,18.956,8.124,6
INV-2025-01239,24-08-2025,16:33,A,New York,Member,Female,Fashion Accessories,69.03,4,13.806,289.926,Credit Card,193.284,82.836,4.1
INV-2025-00904,26-11-2025,20:08,A,New York,Member,Male,Fashion Accessories,48.98,1,2.449,51.429,E-wallet,34.286,14.694,4.6
INV-2025-03621,13-06-2025,19:17,A,New York,Member,Male,Electronic Accessories,72.76,1,3.638,76.398,Cash,50.932,21.828,4.1
INV-2025-03232,08-02-2025,19:11,A,New York,Member,Female,Sports and Travel,77.17,10,38.585,810.285,Cash,540.19,231.51,5.1
INV-2025-02860,21-12-2025,18:42,C,Chicago,Normal,Male,Health and Beauty,26.3,6,7.89,165.69,Credit Card,110.46,47.34,6.7
INV-2025-00508,13-09-2025,16:00,B,Los Angeles,Member,Male,Food and Beverages,17.17,8,6.868,144.228,Credit Card,96.152,41.208,4.5
INV-2025-03222,21-01-2025,20:47,C,Chicago,Normal,Male,Fashion Accessories,63.53,1,3.1765,66.7065,Cash,44.471,19.059,4.9
INV-2025-00184,10-02-2025,13:28,B,Los Angeles,Normal,Male,Electronic Accessories,85.38,5,21.345,448.245,E-wallet,298.83,128.07,8.2
INV-2025-01565,04-03-2025,12:28,A,New York,Normal,Female,Home and Lifestyle,38.52,1,1.926,40.446,Credit Card,26.964,11.556,No Rating Given
INV-2025-02705,29-07-2025,19:30,A,New York,Normal,Female,Sports and Travel,78.42,8,31.368,658.728,Credit Card,439.152,188.208,6.8
INV-2025-00322,22-12-2025,14:25,C,Chicago,Member,Male,Health and Beauty,47.29,5,11.8225,248.2725,E-wallet,165.515,70.935,4.1
INV-2025-03564,12-11-2025,18:14,B,Los Angeles,Member,Female,Health and Beauty,47.15,9,21.2175,445.5675,Credit Card,297.045,127.305,4.3
INV-2025-01539,15-03-2025,17:33,C,Chicago,Member,Male,Health and Beauty,22.11,9,9.9495,208.9395,Cash,139.293,59.697,7.2
INV-2025-01838,23-12-2025,14:20,A,New York,Normal,Female,Fashion Accessories,10.52,6,3.156,66.276,Unknown,44.184,18.936,5
INV-2025-02381,15-03-2025,12:18,C,Chicago,Member,Male,Electronic Accessories,78.15,2,7.815,164.115,E-wallet,109.41,46.89,7.9
INV-2025-01913,04-10-2025,16:39,B,Los Angeles,Member,Male,Food and Beverages,10,4,2,42,Cash,28,12,9.6
INV-2025-01841,30-05-2025,18:19,C,Chicago,Normal,Female,Food and Beverages,4.79,10,2.395,50.295,E-wallet,33.53,14.37,7.5
INV-2025-02116,11-12-2025,14:19,B,Los Angeles,Normal,Female,Fashion Accessories,16.1,4,3.22,67.62,Credit Card,45.08,19.32,9.7
INV-2025-04438,06-11-2025,12:42,B,Los Angeles,Member,Male,Home and Lifestyle,24.3,10,12.15,255.15,E-wallet,170.1,72.9,7.4
INV-2025-01147,10-02-2025,13:40,C,Chicago,Member,Male,Electronic Accessories,95.78,5,23.945,502.845,Credit Card,335.23,143.67,8.5
INV-2025-02487,07-02-2025,14:31,C,Chicago,Member,Male,Fashion Accessories,31.45,10,15.725,330.225,E-wallet,220.15,94.35,7.2
INV-2025-00045,19-12-2025,08:48,C,Chicago,Normal,Female,Electronic Accessories,29.95,9,13.4775,283.0275,Credit Card,188.685,80.865,7.3
INV-2025-02155,09-11-2025,21:58,C,Chicago,Normal,Male,Food and Beverages,23.04,10,11.52,241.92,E-wallet,161.28,69.12,8.4
INV-2025-01527,10-11-2025,18:31,C,Chicago,Member,Female,Health and Beauty,33.09,9,14.8905,312.7005,E-wallet,208.467,89.343,8.7
INV-2025-04856,12-03-2025,18:43,B,Los Angeles,Member,Female,Electronic Accessories,52.95,7,18.5325,389.1825,Credit Card,259.455,111.195,7.3
INV-2025-01379,03-06-2025,11:44,B,Los Angeles,Member,Male,Health and Beauty,36.23,5,9.0575,190.2075,Credit Card,126.805,54.345,4.1
INV-2025-01766,22-08-2025,13:56,C,Chicago,Normal,Female,Home and Lifestyle,80,3,12,252,Cash,168,72,7.6
INV-2025-03013,03-05-2025,10:17,C,Chicago,Normal,Female,Food and Beverages,8.48,5,2.12,44.52,Cash,29.68,12.72,8.2
INV-2025-00414,04-01-2025,14:13,B,Los Angeles,Member,Female,Health and Beauty,17.74,10,8.87,186.27,Cash,124.18,53.22,9.1
INV-2025-04285,09-10-2025,15:57,A,New York,Member,Male,Food and Beverages,7.65,2,0.765,16.065,E-wallet,10.71,4.59,6.3
INV-2025-01408,12-08-2025,13:58,A,New York,Member,Male,Food and Beverages,3.54,2,0.354,7.434,Credit Card,4.956,2.124,7.4
INV-2025-01659,27-10-2025,14:09,C,Chicago,Member,Female,Health and Beauty,46.55,9,20.9475,439.8975,Credit Card,293.265,125.685,7.5
INV-2025-00802,08-01-2025,14:20,A,New York,Member,Male,Health and Beauty,42.9,5,10.725,225.225,Credit Card,150.15,64.35,6.2
INV-2025-01289,03-06-2025,11:29,B,Los Angeles,Normal,Male,Sports and Travel,32.5,6,9.75,204.75,Cash,136.5,58.5,6.4
INV-2025-02183,05-09-2025,21:02,B,Los Angeles,Member,Male,Food and Beverages,18.08,2,1.808,37.968,Credit Card,25.312,10.848,No Rating Given
INV-2025-02589,30-04-2025,18:00,C,Chicago,Normal,Male,Sports and Travel,50.37,5,12.5925,264.4425,E-wallet,176.295,75.555,5.9
INV-2025-02616,24-06-2025,10:37,A,New York,Normal,Female,Sports and Travel,48.53,5,12.1325,254.7825,Cash,169.855,72.795,4.6
INV-2025-02319,11-02-2025,11:29,C,Chicago,Normal,Female,Electronic Accessories,78.32,9,35.244,740.124,E-wallet,493.416,211.464,5.9
INV-2025-00257,02-12-2025,11:55,A,New York,Member,Female,Electronic Accessories,79.73,7,27.9055,586.0155,Credit Card,390.677,167.433,7.5
INV-2025-04542,13-02-2025,12:33,C,Chicago,Member,Female,Health and Beauty,44.93,4,8.986,188.706,E-wallet,125.804,53.916,7.4
INV-2025-01730,14-03-2025,11:55,B,Los Angeles,Normal,Male,Fashion Accessories,13.24,7,4.634,97.314,Cash,64.876,27.804,8.2
INV-2025-01152,08-11-2025,19:37,B,Los Angeles,Normal,Female,Sports and Travel,80.79,1,4.0395,84.8295,Credit Card,56.553,24.237,5.9
INV-2025-04145,26-06-2025,16:17,C,Chicago,Member,Female,Sports and Travel,67.7,10,33.85,710.85,E-wallet,473.9,203.1,5.9
INV-2025-00648,31-10-2025,13:04,B,Los Angeles,Member,Female,Electronic Accessories,44.52,2,4.452,93.492,Credit Card,62.328,26.712,5.8
INV-2025-02909,10-07-2025,18:38,B,Los Angeles,Normal,Female,Sports and Travel,29.99,1,1.4995,31.4895,Credit Card,20.993,8.997,4.4
INV-2025-01703,16-03-2025,13:57,A,New York,Normal,Female,Health and Beauty,11.79,2,1.179,24.759,Credit Card,16.506,7.074,8.3
INV-2025-01882,24-02-2025,12:34,C,Chicago,Member,Female,Food and Beverages,14.29,4,2.858,60.018,Credit Card,40.012,17.148,4.9
INV-2025-03769,01-12-2025,17:51,B,Los Angeles,Member,Female,Fashion Accessories,54.1,2,5.41,113.61,Cash,75.74,32.46,6.3
INV-2025-01316,09-08-2025,10:48,C,Chicago,Member,Male,Home and Lifestyle,61.17,6,18.351,385.371,Credit Card,256.914,110.106,7.6
INV-2025-02270,12-06-2025,14:57,A,New York,Member,Male,Food and Beverages,13,10,6.5,136.5,Credit Card,91,39,8.4
INV-2025-01967,30-04-2025,12:18,C,Chicago,Member,Female,Health and Beauty,21.63,1,1.0815,22.7115,Credit Card,15.141,6.489,7.7
INV-2025-02466,17-02-2025,19:48,A,New York,Member,Female,Sports and Travel,65.7,8,26.28,551.88,Cash,367.92,157.68,8.3
INV-2025-03856,31-12-2025,19:55,A,New York,Member,Male,Home and Lifestyle,37.03,1,1.8515,38.8815,E-wallet,25.921,11.109,7.3
INV-2025-01351,16-12-2025,19:56,C,Chicago,Member,Male,Health and Beauty,14.3,4,2.86,60.06,Credit Card,40.04,17.16,9.3
INV-2025-03297,19-12-2025,10:15,C,Chicago,Normal,Female,Health and Beauty,10.93,10,5.465,114.765,Credit Card,76.51,32.79,7
INV-2025-00113,17-02-2025,14:47,C,Chicago,Normal,Male,Food and Beverages,24,9,10.8,226.8,Credit Card,151.2,64.8,4.7
INV-2025-03134,22-06-2025,16:11,B,Los Angeles,Member,Female,Sports and Travel,54.29,10,27.145,570.045,Cash,380.03,162.87,8.7
INV-2025-00264,18-02-2025,08:30,A,New York,Normal,Female,Health and Beauty,10.4,6,3.12,65.52,E-wallet,43.68,18.72,9.9
INV-2025-01394,09-10-2025,16:17,B,Los Angeles,Member,Female,Health and Beauty,59.08,8,23.632,496.272,Credit Card,330.848,141.792,6.9
INV-2025-01879,06-02-2025,13:55,C,Chicago,Normal,Male,Health and Beauty,17.58,6,5.274,110.754,Credit Card,73.836,31.644,8
INV-2025-01187,09-11-2025,17:20,C,Chicago,Normal,Female,Fashion Accessories,27.51,5,6.8775,144.4275,Credit Card,96.285,41.265,9.1
INV-2025-03072,01-01-2025,18:01,A,New York,Member,Female,Electronic Accessories,82.13,1,4.1065,86.2365,Cash,57.491,24.639,9.3
INV-2025-00057,08-02-2025,16:53,B,Los Angeles,Member,Female,Fashion Accessories,49.03,2,4.903,102.963,E-wallet,68.642,29.418,7.4
INV-2025-01310,07-12-2025,11:07,A,New York,Member,Male,Electronic Accessories,22.79,2,2.279,47.859,Cash,31.906,13.674,8.7
INV-2025-00696,23-12-2025,21:54,A,New York,Member,Male,Fashion Accessories,25.72,9,11.574,243.054,Cash,162.036,69.444,5.8
INV-2025-02953,25-06-2025,14:00,A,New York,Normal,Female,Fashion Accessories,53.62,8,21.448,450.408,Credit Card,300.272,128.688,5.2
INV-2025-01727,01-06-2025,14:11,C,Chicago,Unknown,Male,Home and Lifestyle,26.43,10,13.215,277.515,Unknown,185.01,79.29,4.8
INV-2025-02092,01-05-2025,18:37,B,Los Angeles,Normal,Female,Health and Beauty,27.9,10,13.95,292.95,E-wallet,195.3,83.7,5
INV-2025-03870,02-02-2025,12:29,A,New York,Member,Female,Electronic Accessories,27.98,4,5.596,117.516,Cash,78.344,33.576,7.4
INV-2025-00320,18-03-2025,11:37,B,Los Angeles,Normal,Male,Health and Beauty,38.13,2,3.813,80.073,E-wallet,53.382,22.878,9.2
INV-2025-04321,18-06-2025,10:37,B,Los Angeles,Member,Male,Health and Beauty,34.28,3,5.142,107.982,Cash,71.988,30.852,6.4
INV-2025-00683,03-09-2025,14:17,B,Los Angeles,Member,Male,Fashion Accessories,50.45,8,20.18,423.78,Credit Card,282.52,121.08,8.4
INV-2025-03842,21-11-2025,11:57,C,Chicago,Normal,Female,Fashion Accessories,74.09,5,18.5225,388.9725,Cash,259.315,111.135,8
INV-2025-03214,17-06-2025,16:43,C,Chicago,Normal,Female,Fashion Accessories,35.96,6,10.788,226.548,E-wallet,151.032,64.728,6.8
INV-2025-02003,14-06-2025,14:36,B,Los Angeles,Member,Female,Sports and Travel,50.92,3,7.638,160.398,Credit Card,106.932,45.828,4.6
INV-2025-04783,07-07-2025,13:59,B,Los Angeles,Normal,Male,Sports and Travel,81.65,3,12.2475,257.1975,E-wallet,171.465,73.485,7.2
INV-2025-04151,09-07-2025,12:44,A,New York,Member,Male,Health and Beauty,22.05,1,1.1025,23.1525,Cash,15.435,6.615,5.9
INV-2025-00287,12-06-2025,14:14,A,New York,Member,Male,Electronic Accessories,23.98,8,9.592,201.432,Credit Card,134.288,57.552,6.4
INV-2025-01889,02-02-2025,10:10,B,Los Angeles,Member,Male,Home and Lifestyle,71.29,9,32.0805,673.6905,E-wallet,449.127,192.483,No Rating Given
INV-2025-02338,04-09-2025,11:44,C,Chicago,Normal,Male,Electronic Accessories,89.54,2,8.954,188.034,Credit Card,125.356,53.724,5.9
INV-2025-02521,20-08-2025,12:32,A,New York,Member,Male,Health and Beauty,14.38,2,1.438,30.198,Credit Card,20.132,8.628,7.5
INV-2025-02278,17-04-2025,18:08,B,Los Angeles,Member,Female,Fashion Accessories,53.02,3,7.953,167.013,E-wallet,111.342,47.718,5.4
INV-2025-02128,25-12-2025,18:34,C,Chicago,Normal,Female,Health and Beauty,30.36,4,6.072,127.512,Cash,85.008,36.432,4.4
INV-2025-03500,16-04-2025,16:16,C,Chicago,Member,Male,Home and Lifestyle,51.65,3,7.7475,162.6975,Credit Card,108.465,46.485,7.9
INV-2025-04212,15-07-2025,13:17,C,Chicago,Normal,Female,Sports and Travel,40.58,9,18.261,383.481,E-wallet,255.654,109.566,6.3
INV-2025-02084,20-02-2025,16:11,B,Los Angeles,Member,Male,Health and Beauty,34.08,4,6.816,143.136,Credit Card,95.424,40.896,4.8
INV-2025-00737,12-10-2025,17:08,A,New York,Member,Male,Fashion Accessories,42.53,3,6.3795,133.9695,Credit Card,89.313,38.277,9.9
INV-2025-04802,21-07-2025,13:52,C,Chicago,Normal,Female,Sports and Travel,38.35,2,3.835,80.535,Credit Card,53.69,23.01,4.6
INV-2025-00337,07-06-2025,14:56,A,New York,Member,Female,Sports and Travel,76.07,8,30.428,638.988,Cash,425.992,182.568,7.8
INV-2025-02597,14-11-2025,10:36,B,Los Angeles,Normal,Male,Electronic Accessories,97.55,9,43.8975,921.8475,E-wallet,614.565,263.385,6
INV-2025-02772,21-02-2025,10:19,B,Los Angeles,Member,Female,Sports and Travel,37.43,5,9.3575,196.5075,Cash,131.005,56.145,8.5
INV-2025-03705,16-07-2025,14:25,C,Chicago,Member,Male,Home and Lifestyle,36.4,3,5.46,114.66,Cash,76.44,32.76,7.8
INV-2025-04405,03-02-2025,15:37,B,Los Angeles,Member,Female,Home and Lifestyle,65.85,6,19.755,414.855,Credit Card,276.57,118.53,5.7
INV-2025-01072,16-08-2025,15:53,B,Los Angeles,Normal,Male,Sports and Travel,78.33,8,31.332,657.972,Cash,438.648,187.992,9.2
INV-2025-02291,29-06-2025,10:19,C,Chicago,Normal,Female,Home and Lifestyle,29.81,7,10.4335,219.1035,E-wallet,146.069,62.601,4.7
INV-2025-01673,04-11-2025,17:10,C,Chicago,Normal,Female,Health and Beauty,21.63,8,8.652,181.692,Credit Card,121.128,51.912,9.4
INV-2025-04084,27-11-2025,13:42,B,Los Angeles,Member,Female,Fashion Accessories,54.58,6,16.374,343.854,Unknown,229.236,98.244,5.9
INV-2025-04251,24-04-2025,19:08,C,Chicago,Member,Female,Health and Beauty,45.17,4,9.034,189.714,Credit Card,126.476,54.204,7.9
INV-2025-04114,10-04-2025,11:47,C,Chicago,Member,Female,Electronic Accessories,60.82,3,9.123,191.583,E-wallet,127.722,54.738,4.2
INV-2025-04409,01-08-2025,16:17,B,Los Angeles,Normal,Male,Fashion Accessories,29.87,8,11.948,250.908,Credit Card,167.272,71.688,9.7
INV-2025-03367,08-03-2025,15:06,B,Los Angeles,Normal,Female,Fashion Accessories,11.98,5,2.995,62.895,E-wallet,41.93,17.97,5.7
INV-2025-01489,09-08-2025,20:01,B,Los Angeles,Member,Male,Electronic Accessories,49.91,1,2.4955,52.4055,Cash,34.937,14.973,6.5
INV-2025-00499,13-08-2025,19:31,B,Los Angeles,Normal,Male,Sports and Travel,49.29,1,2.4645,51.7545,Credit Card,34.503,14.787,8.9
INV-2025-04383,12-11-2025,13:38,A,New York,Normal,Male,Electronic Accessories,45.55,9,20.4975,430.4475,Credit Card,286.965,122.985,6.7
INV-2025-03480,14-04-2025,13:45,B,Los Angeles,Member,Male,Electronic Accessories,24.63,1,1.2315,25.8615,Cash,17.241,7.389,9.2
INV-2025-03124,26-07-2025,14:55,C,Chicago,Normal,Female,Health and Beauty,10.19,8,4.076,85.596,Credit Card,57.064,24.456,8.3
INV-2025-02922,13-12-2025,14:32,B,Los Angeles,Normal,Female,Food and Beverages,7.11,3,1.0665,22.3965,Cash,14.931,6.399,6.1
INV-2025-04378,23-07-2025,19:47,B,Los Angeles,Member,Male,Health and Beauty,55.42,4,11.084,232.764,Cash,155.176,66.504,4.4
INV-2025-02645,03-06-2025,11:19,B,Los Angeles,Member,Male,Fashion Accessories,16.52,5,4.13,86.73,Credit Card,57.82,24.78,5.1
INV-2025-04287,28-02-2025,18:01,B,Los Angeles,Normal,Female,Sports and Travel,52.54,8,21.016,441.336,Credit Card,294.224,126.096,4.6
INV-2025-04041,21-04-2025,19:09,B,Los Angeles,Normal,Male,Sports and Travel,58.71,10,29.355,616.455,Cash,410.97,176.13,5.4
INV-2025-02035,04-09-2025,15:07,B,Los Angeles,Member,Male,Health and Beauty,32.37,7,11.3295,237.9195,Credit Card,158.613,67.977,4.6
INV-2025-01023,31-03-2025,13:44,B,Los Angeles,Member,Male,Electronic Accessories,36.46,8,14.584,306.264,Unknown,204.176,87.504,5.4
INV-2025-02283,20-02-2025,12:48,A,New York,Member,Female,Sports and Travel,66.94,1,3.347,70.287,Credit Card,46.858,20.082,5.5
INV-2025-04887,29-11-2025,18:04,A,New York,Member,Female,Electronic Accessories,63.35,9,28.5075,598.6575,Cash,399.105,171.045,9.1
INV-2025-04220,24-10-2025,15:38,B,Los Angeles,Member,Female,Home and Lifestyle,85.53,5,21.3825,449.0325,Cash,299.355,128.295,6.6
INV-2025-03064,15-09-2025,10:10,C,Chicago,Member,Male,Health and Beauty,35.58,10,17.79,373.59,Credit Card,249.06,106.74,9
INV-2025-04366,02-04-2025,15:02,B,Los Angeles,Normal,Male,Home and Lifestyle,62.47,9,28.1115,590.3415,Cash,393.561,168.669,9.5
INV-2025-00666,29-11-2025,18:54,B,Los Angeles,Member,Female,Sports and Travel,53.7,3,8.055,169.155,Cash,112.77,48.33,8.1
INV-2025-03933,01-05-2025,12:02,B,Los Angeles,Member,Female,Sports and Travel,65.86,8,26.344,553.224,Cash,368.816,158.064,9.3
INV-2025-02639,11-03-2025,10:21,C,Chicago,Member,Female,Food and Beverages,15.19,2,1.519,31.899,Credit Card,21.266,9.114,4.9
INV-2025-03177,17-04-2025,20:01,A,New York,Normal,Female,Electronic Accessories,22.94,6,6.882,144.522,Cash,96.348,41.292,5.8
INV-2025-04266,01-03-2025,14:51,B,Los Angeles,Member,Female,Electronic Accessories,98.59,8,39.436,828.156,Credit Card,552.104,236.616,4.1
INV-2025-03122,06-04-2025,12:38,A,New York,Normal,Female,Health and Beauty,24.49,4,4.898,102.858,Credit Card,68.572,29.388,9.9
INV-2025-01018,02-12-2025,11:41,C,Chicago,Member,Male,Home and Lifestyle,74.95,5,18.7375,393.4875,E-wallet,262.325,112.425,4.4
INV-2025-00558,20-02-2025,12:37,B,Los Angeles,Normal,Male,Fashion Accessories,53.67,4,10.734,225.414,Credit Card,150.276,64.404,8.1
INV-2025-02400,03-01-2025,12:50,A,New York,Normal,Female,Food and Beverages,24.63,1,1.2315,25.8615,Cash,17.241,7.389,6.1
INV-2025-01208,16-02-2025,19:23,B,Los Angeles,Member,Female,Health and Beauty,10.36,7,3.626,76.146,Credit Card,50.764,21.756,9.1
INV-2025-02006,14-09-2025,20:31,A,New York,Member,Male,Sports and Travel,38.64,6,11.592,243.432,Credit Card,162.288,69.552,5.2
INV-2025-02657,16-08-2025,17:06,A,New York,Normal,Female,Fashion Accessories,62.61,4,12.522,262.962,E-wallet,175.308,75.132,4.7
INV-2025-02136,03-01-2025,14:24,C,Chicago,Member,Male,Fashion Accessories,17.4,9,7.83,164.43,Credit Card,109.62,46.98,8.5
INV-2025-01511,23-01-2025,17:00,B,Los Angeles,Normal,Female,Home and Lifestyle,64.57,2,6.457,135.597,Credit Card,90.398,38.742,7.1
INV-2025-01737,05-09-2025,12:44,C,Chicago,Normal,Female,Food and Beverages,18.36,5,4.59,96.39,Cash,64.26,27.54,7.9
INV-2025-00246,23-08-2025,11:42,C,Chicago,Member,Female,Food and Beverages,10.94,7,3.829,80.409,Credit Card,53.606,22.974,6.1
INV-2025-01164,25-08-2025,15:43,B,Los Angeles,Normal,Male,Sports and Travel,55.01,2,5.501,115.521,E-wallet,77.014,33.006,9
INV-2025-03363,17-05-2025,20:29,B,Los Angeles,Member,Male,Sports and Travel,30.45,8,12.18,255.78,Credit Card,170.52,73.08,5.6
INV-2025-00267,19-03-2025,20:39,B,Los Angeles,Normal,Male,Health and Beauty,17,2,1.7,35.7,Credit Card,23.8,10.2,6.3
INV-2025-02367,25-04-2025,14:35,A,New York,Normal,Male,Electronic Accessories,45.41,1,2.2705,47.6805,Credit Card,31.787,13.623,5.2
INV-2025-01115,01-02-2025,13:54,B,Los Angeles,Normal,Male,Fashion Accessories,49.91,1,2.4955,52.4055,Credit Card,34.937,14.973,8
INV-2025-00064,19-06-2025,13:29,A,New York,Member,Male,Fashion Accessories,22.52,2,2.252,47.292,Credit Card,31.528,13.512,9.7
INV-2025-02593,11-12-2025,12:46,A,New York,Member,Male,Home and Lifestyle,89.45,9,40.2525,845.3025,E-wallet,563.535,241.515,8.1
INV-2025-02789,28-10-2025,19:58,A,New York,Member,Male,Fashion Accessories,47.29,1,2.3645,49.6545,Credit Card,33.103,14.187,4.1
INV-2025-02758,26-02-2025,13:31,C,Chicago,Member,Female,Health and Beauty,54.71,7,19.1485,402.1185,Credit Card,268.079,114.891,5.4
INV-2025-03012,27-08-2025,16:06,A,New York,Normal,Female,Fashion Accessories,52.65,8,21.06,442.26,Credit Card,294.84,126.36,4.4
INV-2025-03077,13-10-2025,20:50,C,Chicago,Normal,Male,Sports and Travel,80.1,2,8.01,168.21,Credit Card,112.14,48.06,4.5
INV-2025-02999,17-09-2025,18:59,C,Chicago,Normal,Male,Sports and Travel,52.12,5,13.03,273.63,E-wallet,182.42,78.18,5.2
INV-2025-02816,17-06-2025,13:00,C,Chicago,Member,Male,Home and Lifestyle,66.3,8,26.52,556.92,Credit Card,371.28,159.12,9.9
INV-2025-02260,06-10-2025,16:43,A,New York,Member,Male,Sports and Travel,55.85,6,16.755,351.855,Credit Card,234.57,100.53,5.9
INV-2025-04959,28-08-2025,18:22,C,Chicago,Member,Female,Electronic Accessories,86.09,6,25.827,542.367,Cash,361.578,154.962,6.3
INV-2025-03205,17-02-2025,12:11,C,Chicago,Member,Female,Sports and Travel,41.69,7,14.5915,306.4215,Credit Card,204.281,87.549,9.1
INV-2025-01238,20-02-2025,16:07,C,Chicago,Member,Female,Sports and Travel,68.1,1,3.405,71.505,Credit Card,47.67,20.43,8.7
INV-2025-00104,21-08-2025,11:13,B,Los Angeles,Normal,Male,Health and Beauty,49.34,4,9.868,207.228,E-wallet,138.152,59.208,8.7
INV-2025-02644,23-12-2025,16:06,B,Los Angeles,Member,Female,Home and Lifestyle,45.92,3,6.888,144.648,Credit Card,96.432,41.328,8.1
INV-2025-00273,24-11-2025,16:39,A,New York,Member,Male,Food and Beverages,23.18,3,3.477,73.017,Credit Card,48.678,20.862,6.3
INV-2025-00509,04-11-2025,08:56,B,Los Angeles,Normal,Male,Health and Beauty,19.24,1,0.962,20.202,Credit Card,13.468,5.772,4.2
INV-2025-02227,24-04-2025,21:16,C,Chicago,Member,Male,Electronic Accessories,76.08,10,38.04,798.84,Credit Card,532.56,228.24,9.3
INV-2025-04934,11-04-2025,08:00,A,New York,Member,Male,Sports and Travel,84.26,5,21.065,442.365,Credit Card,294.91,126.39,9.7
INV-2025-02442,15-07-2025,17:48,C,Chicago,Member,Male,Health and Beauty,55.35,1,2.7675,58.1175,Credit Card,38.745,16.605,7.5
INV-2025-00866,26-07-2025,15:08,A,New York,Normal,Male,Fashion Accessories,18.21,7,6.3735,133.8435,Credit Card,89.229,38.241,5.6
INV-2025-03327,28-02-2025,16:57,B,Los Angeles,Member,Female,Home and Lifestyle,70.95,1,3.5475,74.4975,Cash,49.665,21.285,7.8
INV-2025-00909,13-02-2025,20:38,A,New York,Member,Female,Food and Beverages,6.17,7,2.1595,45.3495,Cash,30.233,12.957,8
INV-2025-02115,18-05-2025,12:25,C,Chicago,Member,Male,Health and Beauty,39.08,4,7.816,164.136,Credit Card,109.424,46.896,4.5
INV-2025-03897,22-07-2025,20:09,A,New York,Normal,Male,Electronic Accessories,34.45,1,1.7225,36.1725,Credit Card,24.115,10.335,9.4
INV-2025-01628,05-12-2025,18:33,C,Chicago,Normal,Male,Food and Beverages,19.18,4,3.836,80.556,Cash,53.704,23.016,7.4
INV-2025-02874,10-06-2025,14:48,A,New York,Normal,Female,Sports and Travel,64.96,9,29.232,613.872,Cash,409.248,175.392,6.9
INV-2025-01523,01-02-2025,18:21,A,New York,Normal,Male,Home and Lifestyle,36.72,4,7.344,154.224,Cash,102.816,44.064,8.6
INV-2025-00836,01-09-2025,20:42,A,New York,Member,Female,Health and Beauty,49.78,6,14.934,313.614,E-wallet,209.076,89.604,9.6
INV-2025-00359,06-01-2025,17:10,B,Los Angeles,Member,Female,Electronic Accessories,21.36,8,8.544,179.424,Credit Card,119.616,51.264,6
INV-2025-00139,14-12-2025,20:28,B,Los Angeles,Member,Female,Food and Beverages,14.13,3,2.1195,44.5095,E-wallet,29.673,12.717,8.8
INV-2025-00300,20-01-2025,11:14,B,Los Angeles,Member,Female,Health and Beauty,26.59,10,13.295,279.195,Cash,186.13,79.77,4.8
INV-2025-01557,19-11-2025,17:54,C,Chicago,Member,Female,Electronic Accessories,88.35,9,39.7575,834.9075,Cash,556.605,238.545,7.5
INV-2025-01004,14-12-2025,19:51,B,Los Angeles,Normal,Male,Home and Lifestyle,29.5,9,13.275,278.775,Cash,185.85,79.65,5.8
INV-2025-00383,30-11-2025,12:32,A,New York,Member,Male,Fashion Accessories,14.26,4,2.852,59.892,E-wallet,39.928,17.112,6.5
INV-2025-00942,21-12-2025,16:52,A,New York,Normal,Male,Health and Beauty,46.14,10,23.07,484.47,Credit Card,322.98,138.42,5.9
INV-2025-04447,15-01-2025,18:55,C,Chicago,Normal,Male,Fashion Accessories,54.68,5,13.67,287.07,Cash,191.38,82.02,5
INV-2025-04855,06-11-2025,16:05,A,New York,Normal,Female,Home and Lifestyle,35.47,1,1.7735,37.2435,Cash,24.829,10.641,6.9
INV-2025-00762,04-11-2025,18:54,B,Los Angeles,Normal,Female,Sports and Travel,44.72,2,4.472,93.912,Credit Card,62.608,26.832,8.7
INV-2025-01706,10-10-2025,11:41,B,Los Angeles,Normal,Female,Electronic Accessories,69.71,2,6.971,146.391,Cash,97.594,41.826,6.7
INV-2025-01874,10-01-2025,13:53,B,Los Angeles,Member,Female,Health and Beauty,23.55,1,1.1775,24.7275,E-wallet,16.485,7.065,4.1
INV-2025-02551,06-06-2025,11:41,B,Los Angeles,Member,Male,Sports and Travel,50.48,3,7.572,159.012,Credit Card,106.008,45.432,5.1
INV-2025-02087,12-03-2025,13:12,A,New York,Member,Female,Fashion Accessories,24.97,6,7.491,157.311,Credit Card,104.874,44.946,5.9
INV-2025-02198,18-06-2025,12:05,A,New York,Member,Male,Fashion Accessories,45.62,7,15.967,335.307,Credit Card,223.538,95.802,6.1
INV-2025-00899,03-10-2025,17:55,C,Chicago,Normal,Male,Fashion Accessories,58.48,7,20.468,429.828,E-wallet,286.552,122.808,5.5
INV-2025-04000,09-02-2025,19:35,B,Los Angeles,Member,Male,Fashion Accessories,54.02,5,13.505,283.605,Cash,189.07,81.03,4
INV-2025-03616,27-05-2025,13:44,B,Los Angeles,Member,Male,Food and Beverages,6.52,4,1.304,27.384,Cash,18.256,7.824,8.5
INV-2025-01403,24-12-2025,18:10,C,Chicago,Member,Female,Home and Lifestyle,48.36,4,9.672,203.112,Credit Card,135.408,58.032,9.4
INV-2025-03874,03-11-2025,19:15,B,Los Angeles,Member,Female,Fashion Accessories,11.11,6,3.333,69.993,Credit Card,46.662,19.998,7.2
INV-2025-03786,07-10-2025,10:34,B,Los Angeles,Member,Female,Home and Lifestyle,72.51,6,21.753,456.813,Credit Card,304.542,130.518,7.9
INV-2025-04387,30-11-2025,10:29,B,Los Angeles,Normal,Male,Home and Lifestyle,42.98,5,10.745,225.645,E-wallet,150.43,64.47,4.5
INV-2025-02956,23-05-2025,20:26,A,New York,Member,Male,Fashion Accessories,46.09,6,13.827,290.367,Cash,193.578,82.962,4.5
INV-2025-01513,08-06-2025,19:50,B,Los Angeles,Normal,Male,Fashion Accessories,40.53,7,14.1855,297.8955,Cash,198.597,85.113,6.5
INV-2025-01189,26-07-2025,10:26,B,Los Angeles,Normal,Female,Home and Lifestyle,21.36,4,4.272,89.712,Cash,59.808,25.632,8.3
INV-2025-02990,22-06-2025,18:22,A,New York,Normal,Male,Food and Beverages,19.69,10,9.845,206.745,E-wallet,137.83,59.07,8.7
INV-2025-02081,06-03-2025,19:50,A,New York,Member,Male,Food and Beverages,3.32,6,0.996,20.916,E-wallet,13.944,5.976,6.4
INV-2025-04568,21-10-2025,13:40,A,New York,Member,Male,Health and Beauty,31.03,9,13.9635,293.2335,Cash,195.489,83.781,No Rating Given
INV-2025-03438,17-05-2025,12:45,A,New York,Member,Male,Home and Lifestyle,24.12,2,2.412,50.652,Cash,33.768,14.472,5.5
INV-2025-00109,25-07-2025,14:06,B,Los Angeles,Normal,Male,Health and Beauty,26.11,3,3.9165,82.2465,Cash,54.831,23.499,5.7
INV-2025-04699,11-01-2025,12:16,C,Chicago,Member,Male,Health and Beauty,58.24,8,23.296,489.216,Credit Card,326.144,139.776,7.6
INV-2025-02828,25-07-2025,19:58,A,New York,Member,Male,Sports and Travel,59.99,10,29.995,629.895,E-wallet,419.93,179.97,7.4
INV-2025-04748,27-08-2025,16:11,A,New York,Member,Female,Home and Lifestyle,28.36,2,2.836,59.556,Credit Card,39.704,17.016,7.4
INV-2025-00059,22-11-2025,20:29,C,Chicago,Member,Female,Food and Beverages,20.59,9,9.2655,194.5755,E-wallet,129.717,55.593,6.8
INV-2025-00077,24-03-2025,13:44,B,Los Angeles,Normal,Female,Food and Beverages,2.84,2,0.284,5.964,Credit Card,3.976,1.704,5.9
INV-2025-00797,13-12-2025,13:28,B,Los Angeles,Unknown,Male,Fashion Accessories,44.6,8,17.84,374.64,Credit Card,249.76,107.04,9
INV-2025-00369,31-05-2025,14:08,A,New York,Normal,Female,Fashion Accessories,45.61,6,13.683,287.343,Credit Card,191.562,82.098,9.6
INV-2025-04906,22-01-2025,19:52,B,Los Angeles,Unknown,Male,Food and Beverages,7.36,7,2.576,54.096,Credit Card,36.064,15.456,8.1
INV-2025-00786,30-01-2025,14:00,A,New York,Normal,Female,Sports and Travel,34.42,2,3.442,72.282,Cash,48.188,20.652,6.5
INV-2025-02089,30-10-2025,15:08,A,New York,Normal,Male,Home and Lifestyle,68.47,5,17.1175,359.4675,E-wallet,239.645,102.705,4.9
INV-2025-02315,07-05-2025,19:32,A,New York,Normal,Female,Home and Lifestyle,27.37,8,10.948,229.908,E-wallet,153.272,65.688,6.2
INV-2025-03385,01-04-2025,20:25,B,Los Angeles,Member,Female,Electronic Accessories,52.85,9,23.7825,499.4325,Credit Card,332.955,142.695,6
INV-2025-03606,03-08-2025,11:17,C,Chicago,Normal,Male,Fashion Accessories,12.12,6,3.636,76.356,Credit Card,50.904,21.816,5.8
INV-2025-04112,19-06-2025,20:56,B,Los Angeles,Normal,Male,Electronic Accessories,77.07,8,30.828,647.388,Credit Card,431.592,184.968,9.4
INV-2025-01903,19-03-2025,18:24,B,Los Angeles,Normal,Female,Food and Beverages,10.84,3,1.626,34.146,Credit Card,22.764,9.756,6.1
INV-2025-01704,22-07-2025,14:32,A,New York,Normal,Female,Home and Lifestyle,89.22,5,22.305,468.405,Cash,312.27,133.83,9.5
INV-2025-00122,28-04-2025,15:53,B,Los Angeles,Member,Female,Fashion Accessories,12.75,1,0.6375,13.3875,Credit Card,8.925,3.825,4.5
INV-2025-01845,20-10-2025,14:03,B,Los Angeles,Member,Female,Health and Beauty,33.95,5,8.4875,178.2375,E-wallet,118.825,50.925,7.1
INV-2025-02370,10-02-2025,14:08,A,New York,Normal,Female,Electronic Accessories,95.1,7,33.285,698.985,Credit Card,465.99,199.71,6
INV-2025-03729,19-05-2025,13:33,B,Los Angeles,Normal,Female,Electronic Accessories,82.52,3,12.378,259.938,E-wallet,173.292,74.268,9.1
INV-2025-00911,09-02-2025,19:55,C,Chicago,Member,Male,Home and Lifestyle,30.34,8,12.136,254.856,Credit Card,169.904,72.816,8.7
INV-2025-00125,08-06-2025,18:14,A,New York,Member,Male,Food and Beverages,13.73,6,4.119,86.499,Credit Card,57.666,24.714,9.7
INV-2025-02573,06-05-2025,12:34,A,New York,Normal,Male,Electronic Accessories,46.52,7,16.282,341.922,Cash,227.948,97.692,8.3
INV-2025-01587,02-04-2025,20:21,B,Los Angeles,Normal,Male,Sports and Travel,81.76,4,16.352,343.392,E-wallet,228.928,98.112,5.3
INV-2025-01258,18-02-2025,20:36,C,Chicago,Normal,Female,Sports and Travel,66.78,3,10.017,210.357,E-wallet,140.238,60.102,5.1
INV-2025-03442,13-02-2025,19:05,B,Los Angeles,Normal,Male,Health and Beauty,51.66,7,18.081,379.701,E-wallet,253.134,108.486,8.3
INV-2025-03481,30-12-2025,12:16,B,Los Angeles,Member,Male,Fashion Accessories,57.84,6,17.352,364.392,Cash,242.928,104.112,6.7
INV-2025-04109,18-06-2025,20:56,A,New York,Normal,Male,Sports and Travel,47.77,1,2.3885,50.1585,Cash,33.439,14.331,8.8
INV-2025-01179,08-04-2025,18:58,A,New York,Normal,Female,Health and Beauty,20.39,4,4.078,85.638,Credit Card,57.092,24.468,7.5
INV-2025-03464,07-11-2025,18:30,C,Chicago,Normal,Female,Sports and Travel,35.61,4,7.122,149.562,Cash,99.708,42.732,5.5
INV-2025-03470,04-02-2025,19:41,C,Chicago,Normal,Female,Sports and Travel,61.15,4,12.23,256.83,Credit Card,171.22,73.38,7.7
INV-2025-03468,07-08-2025,17:20,B,Los Angeles,Member,Female,Home and Lifestyle,23.29,9,10.4805,220.0905,E-wallet,146.727,62.883,5.4
INV-2025-02104,17-12-2025,18:53,C,Chicago,Member,Female,Electronic Accessories,48.23,4,9.646,202.566,Credit Card,135.044,57.876,8.3
INV-2025-00443,23-07-2025,15:05,A,New York,Normal,Male,Fashion Accessories,70.55,7,24.6925,518.5425,Credit Card,345.695,148.155,5.5
INV-2025-02228,30-11-2025,10:55,C,Chicago,Member,Female,Food and Beverages,23.45,4,4.69,98.49,Cash,65.66,28.14,4
INV-2025-04417,13-09-2025,10:06,C,Chicago,Normal,Female,Home and Lifestyle,74,6,22.2,466.2,Cash,310.8,133.2,8.7
INV-2025-00926,05-09-2025,10:20,A,New York,Member,Female,Home and Lifestyle,87.11,9,39.1995,823.1895,Cash,548.793,235.197,8.5
INV-2025-04021,22-02-2025,12:49,A,New York,Normal,Female,Home and Lifestyle,68.17,7,23.8595,501.0495,Credit Card,334.033,143.157,9.1
INV-2025-02146,11-07-2025,12:38,A,New York,Member,Male,Electronic Accessories,53.97,4,10.794,226.674,Cash,151.116,64.764,7.3
INV-2025-04771,19-12-2025,21:56,C,Chicago,Member,Male,Food and Beverages,3.9,9,1.755,36.855,Cash,24.57,10.53,9.6
INV-2025-01412,29-08-2025,11:08,A,New York,Normal,Female,Food and Beverages,20.01,8,8.004,168.084,Cash,112.056,48.024,5.1
INV-2025-03467,12-11-2025,21:17,C,Chicago,Normal,Female,Health and Beauty,47.7,10,23.85,500.85,Credit Card,333.9,143.1,7.1
INV-2025-02073,26-11-2025,13:13,B,Los Angeles,Member,Female,Health and Beauty,32.63,1,1.6315,34.2615,Credit Card,22.841,9.789,7.3
INV-2025-01510,09-02-2025,11:52,C,Chicago,Member,Male,Home and Lifestyle,46.56,1,2.328,48.888,Credit Card,32.592,13.968,6.8
INV-2025-01228,28-08-2025,13:46,C,Chicago,Member,Female,Fashion Accessories,46.12,5,11.53,242.13,Cash,161.42,69.18,8.4
INV-2025-04073,12-11-2025,11:12,C,Chicago,Normal,Female,Electronic Accessories,28.19,5,7.0475,147.9975,Credit Card,98.665,42.285,7
INV-2025-02586,07-08-2025,10:46,A,New York,Member,Male,Food and Beverages,16.79,7,5.8765,123.4065,Credit Card,82.271,35.259,8
INV-2025-04451,18-09-2025,17:37,B,Los Angeles,Normal,Male,Home and Lifestyle,36.96,1,1.848,38.808,Credit Card,25.872,11.088,8.5
INV-2025-02952,13-10-2025,16:04,B,Los Angeles,Normal,Female,Sports and Travel,77.17,8,30.868,648.228,Cash,432.152,185.208,6.3
INV-2025-03886,13-09-2025,13:09,A,New York,Member,Female,Fashion Accessories,61.5,6,18.45,387.45,Cash,258.3,110.7,9.9
INV-2025-00325,21-09-2025,19:04,A,New York,Member,Male,Food and Beverages,22.22,1,1.111,23.331,Cash,15.554,6.666,9.3
INV-2025-03978,07-11-2025,10:27,B,Los Angeles,Member,Female,Food and Beverages,13.72,4,2.744,57.624,Cash,38.416,16.464,8
INV-2025-03577,06-01-2025,11:24,A,New York,Member,Male,Food and Beverages,20.99,7,7.3465,154.2765,Cash,102.851,44.079,10
INV-2025-02212,24-08-2025,14:55,B,Los Angeles,Member,Male,Sports and Travel,53.4,4,10.68,224.28,Credit Card,149.52,64.08,8.3
INV-2025-03299,08-12-2025,21:37,B,Los Angeles,Normal,Female,Sports and Travel,70.15,4,14.03,294.63,Credit Card,196.42,84.18,5.9
INV-2025-03036,24-07-2025,18:49,B,Los Angeles,Normal,Male,Electronic Accessories,56.87,4,11.374,238.854,Cash,159.236,68.244,5.5
INV-2025-01499,27-03-2025,13:33,C,Chicago,Normal,Female,Sports and Travel,34.44,10,17.22,361.62,Credit Card,241.08,103.32,7.4
INV-2025-01503,04-05-2025,20:32,C,Chicago,Member,Male,Electronic Accessories,60.82,2,6.082,127.722,Credit Card,85.148,36.492,7.2
INV-2025-01007,15-02-2025,18:39,C,Chicago,Normal,Female,Electronic Accessories,67.78,10,33.89,711.69,E-wallet,474.46,203.34,4.3
INV-2025-04180,24-02-2025,11:31,B,Los Angeles,Member,Male,Home and Lifestyle,32.44,4,6.488,136.248,E-wallet,90.832,38.928,No Rating Given
INV-2025-03014,23-11-2025,19:51,A,New York,Normal,Male,Food and Beverages,6.65,4,1.33,27.93,Credit Card,18.62,7.98,8
INV-2025-03517,13-10-2025,12:20,C,Chicago,Normal,Male,Fashion Accessories,42.71,3,6.4065,134.5365,Cash,89.691,38.439,9.9
INV-2025-01468,23-10-2025,12:51,A,New York,Member,Female,Food and Beverages,19.36,2,1.936,40.656,E-wallet,27.104,11.616,7.3
INV-2025-01226,04-10-2025,12:33,A,New York,Member,Male,Fashion Accessories,51.23,10,25.615,537.915,Cash,358.61,153.69,9.6
INV-2025-03168,16-01-2025,19:17,A,New York,Member,Female,Food and Beverages,6.71,9,3.0195,63.4095,Credit Card,42.273,18.117,5.8
INV-2025-02268,23-09-2025,19:55,A,New York,Normal,Female,Home and Lifestyle,68.34,1,3.417,71.757,E-wallet,47.838,20.502,6.7
INV-2025-03809,24-07-2025,11:39,C,Chicago,Normal,Male,Fashion Accessories,15.31,8,6.124,128.604,Credit Card,85.736,36.744,8.3
INV-2025-01217,08-03-2025,19:09,A,New York,Member,Male,Fashion Accessories,36.25,10,18.125,380.625,Cash,253.75,108.75,5.4
INV-2025-03977,15-12-2025,14:21,A,New York,Normal,Female,Electronic Accessories,44.16,3,6.624,139.104,Unknown,92.736,39.744,4.6
INV-2025-04585,21-02-2025,20:42,C,Chicago,Normal,Female,Health and Beauty,13.13,1,0.6565,13.7865,Credit Card,9.191,3.939,8
INV-2025-00421,22-03-2025,10:17,C,Chicago,Member,Female,Sports and Travel,60.16,9,27.072,568.512,Cash,379.008,162.432,8.2
INV-2025-03423,24-01-2025,18:38,B,Los Angeles,Normal,Male,Fashion Accessories,38.09,5,9.5225,199.9725,E-wallet,133.315,57.135,9.6
INV-2025-00007,16-12-2025,17:38,B,Los Angeles,Member,Male,Electronic Accessories,54.29,5,13.5725,285.0225,E-wallet,190.015,81.435,7.8
INV-2025-00933,13-03-2025,20:36,B,Los Angeles,Member,Female,Sports and Travel,49.54,10,24.77,520.17,E-wallet,346.78,148.62,4.8
INV-2025-01692,18-07-2025,21:00,C,Chicago,Normal,Male,Health and Beauty,33.73,9,15.1785,318.7485,E-wallet,212.499,91.071,6.9
INV-2025-00440,27-07-2025,19:04,A,New York,Unknown,Female,Home and Lifestyle,65.71,5,16.4275,344.9775,Credit Card,229.985,98.565,6.4
INV-2025-01314,22-07-2025,17:37,A,New York,Member,Female,Electronic Accessories,51.25,6,15.375,322.875,Credit Card,215.25,92.25,7.2
INV-2025-00679,25-03-2025,18:27,A,New York,Normal,Female,Health and Beauty,32.08,9,14.436,303.156,Credit Card,202.104,86.616,7
INV-2025-01944,23-03-2025,15:25,C,Chicago,Member,Male,Fashion Accessories,24.15,1,1.2075,25.3575,Cash,16.905,7.245,7
INV-2025-04611,14-06-2025,17:59,C,Chicago,Member,Male,Sports and Travel,43.09,4,8.618,180.978,Credit Card,120.652,51.708,5.1
INV-2025-03304,02-12-2025,08:30,B,Los Angeles,Normal,Female,Food and Beverages,8.5,10,4.25,89.25,Credit Card,59.5,25.5,8.8
INV-2025-02269,21-02-2025,18:53,C,Chicago,Normal,Male,Health and Beauty,26.15,6,7.845,164.745,Credit Card,109.83,47.07,8.1
INV-2025-04634,24-01-2025,20:29,A,New York,Member,Female,Home and Lifestyle,63.25,10,31.625,664.125,E-wallet,442.75,189.75,9.5
INV-2025-04081,12-04-2025,11:26,C,Chicago,Member,Female,Food and Beverages,22.39,1,1.1195,23.5095,Credit Card,15.673,6.717,4.4
INV-2025-02519,03-04-2025,18:09,C,Chicago,Normal,Male,Fashion Accessories,51.85,8,20.74,435.54,E-wallet,290.36,124.44,6.3
INV-2025-02440,09-01-2025,13:37,A,New York,Normal,Female,Electronic Accessories,85.03,8,34.012,714.252,E-wallet,476.168,204.072,6.4
INV-2025-04038,13-08-2025,16:30,B,Los Angeles,Normal,Female,Health and Beauty,45.98,2,4.598,96.558,Cash,64.372,27.588,9.2
INV-2025-01894,01-05-2025,16:00,C,Chicago,Normal,Male,Sports and Travel,75.55,10,37.775,793.275,Cash,528.85,226.65,8.7
INV-2025-04245,21-11-2025,16:48,C,Chicago,Normal,Male,Electronic Accessories,81.91,9,36.8595,774.0495,Cash,516.033,221.157,6.6
INV-2025-04830,29-10-2025,11:50,B,Los Angeles,Member,Female,Health and Beauty,11.98,2,1.198,25.158,Cash,16.772,7.188,5.8
INV-2025-02641,02-07-2025,21:46,C,Chicago,Normal,Male,Food and Beverages,7.66,1,0.383,8.043,Credit Card,5.362,2.298,6.7
INV-2025-00195,30-08-2025,18:51,B,Los Angeles,Member,Male,Fashion Accessories,59.06,2,5.906,124.026,Unknown,82.684,35.436,7.2
INV-2025-01475,28-12-2025,14:41,B,Los Angeles,Member,Male,Sports and Travel,60.44,5,15.11,317.31,Credit Card,211.54,90.66,7.5
INV-2025-04617,27-11-2025,12:52,B,Los Angeles,Member,Female,Sports and Travel,83.34,5,20.835,437.535,Credit Card,291.69,125.01,4.8
INV-2025-01212,03-08-2025,12:59,B,Los Angeles,Member,Male,Home and Lifestyle,81.54,2,8.154,171.234,E-wallet,114.156,48.924,4.2
INV-2025-02439,18-01-2025,18:47,B,Los Angeles,Member,Female,Fashion Accessories,13.23,5,3.3075,69.4575,Credit Card,46.305,19.845,6.3
INV-2025-01658,13-05-2025,11:59,C,Chicago,Member,Male,Electronic Accessories,46.4,10,23.2,487.2,Credit Card,324.8,139.2,7.6
INV-2025-02701,02-03-2025,11:03,B,Los Angeles,Unknown,Female,Sports and Travel,43.4,8,17.36,364.56,Credit Card,243.04,104.16,8
INV-2025-03083,09-03-2025,19:45,B,Los Angeles,Member,Male,Electronic Accessories,20.04,6,6.012,126.252,Credit Card,84.168,36.072,9.2
INV-2025-02706,01-12-2025,12:36,C,Chicago,Member,Female,Electronic Accessories,57.25,10,28.625,601.125,Cash,400.75,171.75,8.5
INV-2025-04227,23-03-2025,18:11,C,Chicago,Member,Male,Sports and Travel,40.02,4,8.004,168.084,Credit Card,112.056,48.024,7.2
INV-2025-02843,08-09-2025,17:27,C,Chicago,Member,Female,Home and Lifestyle,24.64,10,12.32,258.72,Credit Card,172.48,73.92,6
INV-2025-02303,08-08-2025,19:42,A,New York,Normal,Male,Home and Lifestyle,85.94,3,12.891,270.711,Credit Card,180.474,77.346,5.2
INV-2025-01131,28-01-2025,21:19,C,Chicago,Member,Female,Sports and Travel,48.76,8,19.504,409.584,Cash,273.056,117.024,4.9
INV-2025-01462,22-01-2025,09:12,A,New York,Member,Female,Fashion Accessories,32.02,1,1.601,33.621,E-wallet,22.414,9.606,9.2
INV-2025-00277,16-01-2025,13:27,A,New York,Member,Male,Sports and Travel,52.31,6,15.693,329.553,Cash,219.702,94.158,9.2
INV-2025-02223,27-07-2025,12:32,B,Los Angeles,Member,Female,Home and Lifestyle,86.21,2,8.621,181.041,Cash,120.694,51.726,6.7
INV-2025-02332,21-02-2025,13:52,B,Los Angeles,Normal,Female,Health and Beauty,46.42,2,4.642,97.482,E-wallet,64.988,27.852,7
INV-2025-04323,11-09-2025,12:10,A,New York,Member,Female,Home and Lifestyle,20.91,8,8.364,175.644,Cash,117.096,50.184,4.6
INV-2025-01303,02-08-2025,21:23,C,Chicago,Member,Female,Food and Beverages,22.8,1,1.14,23.94,Credit Card,15.96,6.84,9.4
INV-2025-02518,02-01-2025,09:34,A,New York,Normal,Male,Sports and Travel,68.74,2,6.874,144.354,E-wallet,96.236,41.244,7.5
INV-2025-00223,28-04-2025,12:55,B,Los Angeles,Normal,Female,Health and Beauty,56.21,5,14.0525,295.1025,E-wallet,196.735,84.315,7.4
INV-2025-02037,12-05-2025,17:18,A,New York,Normal,Male,Sports and Travel,82.84,3,12.426,260.946,E-wallet,173.964,74.556,4.7
INV-2025-01925,02-05-2025,20:40,A,New York,Normal,Female,Electronic Accessories,51.18,5,12.795,268.695,Credit Card,179.13,76.77,7.3
INV-2025-00574,24-02-2025,11:38,C,Chicago,Member,Male,Sports and Travel,45.24,7,15.834,332.514,Credit Card,221.676,95.004,9.9
INV-2025-01237,29-12-2025,15:38,C,Chicago,Member,Female,Health and Beauty,40.08,10,20.04,420.84,Unknown,280.56,120.24,7.9
INV-2025-03545,27-09-2025,15:28,A,New York,Member,Female,Home and Lifestyle,89.76,4,17.952,376.992,Credit Card,251.328,107.712,8.1
INV-2025-02134,24-06-2025,19:28,A,New York,Member,Male,Home and Lifestyle,36.24,9,16.308,342.468,Credit Card,228.312,97.848,5.7
INV-2025-01335,27-11-2025,13:11,A,New York,Normal,Male,Fashion Accessories,28.39,10,14.195,298.095,E-wallet,198.73,85.17,4.2
INV-2025-02458,13-03-2025,16:55,B,Los Angeles,Member,Male,Food and Beverages,14.26,2,1.426,29.946,Credit Card,19.964,8.556,9
INV-2025-00419,16-07-2025,20:25,B,Los Angeles,Member,Male,Electronic Accessories,69.42,8,27.768,583.128,Cash,388.752,166.608,9.1
INV-2025-04915,06-08-2025,16:42,C,Chicago,Normal,Female,Electronic Accessories,16.51,4,3.302,69.342,Cash,46.228,19.812,6.3
INV-2025-01105,28-10-2025,17:24,A,New York,Normal,Female,Fashion Accessories,66.64,8,26.656,559.776,Cash,373.184,159.936,4
INV-2025-00258,18-05-2025,17:24,B,Los Angeles,Normal,Male,Sports and Travel,55.94,5,13.985,293.685,Credit Card,195.79,83.91,9.3
INV-2025-00296,26-06-2025,20:32,A,New York,Member,Male,Home and Lifestyle,61.8,1,3.09,64.89,E-wallet,43.26,18.54,8.7
INV-2025-02362,08-12-2025,11:14,C,Chicago,Normal,Female,Home and Lifestyle,85.18,4,17.036,357.756,E-wallet,238.504,102.216,6.4
INV-2025-00387,24-01-2025,18:04,B,Los Angeles,Member,Female,Fashion Accessories,29.59,2,2.959,62.139,Cash,41.426,17.754,9.6
INV-2025-03309,28-04-2025,21:51,C,Chicago,Member,Female,Fashion Accessories,49.35,6,14.805,310.905,Credit Card,207.27,88.83,5.5
INV-2025-04014,08-08-2025,16:57,A,New York,Member,Female,Electronic Accessories,72.09,4,14.418,302.778,Credit Card,201.852,86.508,7.9
INV-2025-02232,03-12-2025,16:54,A,New York,Member,Male,Sports and Travel,66.85,4,13.37,280.77,Credit Card,187.18,80.22,5.5
INV-2025-02555,23-10-2025,19:10,C,Chicago,Normal,Female,Food and Beverages,8.26,8,3.304,69.384,E-wallet,46.256,19.824,9.2
INV-2025-04336,08-09-2025,20:05,C,Chicago,Member,Male,Fashion Accessories,63.6,8,25.44,534.24,Credit Card,356.16,152.64,7.2
INV-2025-03516,30-11-2025,10:33,A,New York,Member,Male,Fashion Accessories,68.35,1,3.4175,71.7675,Credit Card,47.845,20.505,6.8
INV-2025-01840,19-10-2025,18:39,B,Los Angeles,Normal,Female,Fashion Accessories,38.25,5,9.5625,200.8125,E-wallet,133.875,57.375,8.5
INV-2025-04385,06-12-2025,17:22,A,New York,Normal,Female,Home and Lifestyle,34.56,3,5.184,108.864,Credit Card,72.576,31.104,4.5
INV-2025-01564,23-04-2025,18:15,C,Chicago,Normal,Female,Electronic Accessories,54.76,9,24.642,517.482,Credit Card,344.988,147.852,6.1
INV-2025-02016,04-04-2025,14:00,B,Los Angeles,Normal,Female,Home and Lifestyle,85.23,7,29.8305,626.4405,E-wallet,417.627,178.983,9.1
INV-2025-01401,16-08-2025,14:47,C,Chicago,Normal,Female,Health and Beauty,37.06,5,9.265,194.565,Cash,129.71,55.59,8
INV-2025-00713,01-02-2025,14:02,B,Los Angeles,Normal,Male,Fashion Accessories,73.7,9,33.165,696.465,E-wallet,464.31,198.99,6.5
INV-2025-02421,14-04-2025,08:50,B,Los Angeles,Member,Female,Electronic Accessories,55.71,7,19.4985,409.4685,Credit Card,272.979,116.991,7.4
INV-2025-02620,07-12-2025,18:57,C,Chicago,Normal,Male,Electronic Accessories,58.26,4,11.652,244.692,Credit Card,163.128,69.912,8.6
INV-2025-00210,07-04-2025,19:37,C,Chicago,Normal,Female,Electronic Accessories,88.91,6,26.673,560.133,Credit Card,373.422,160.038,9.5
INV-2025-04945,27-09-2025,14:27,B,Los Angeles,Member,Female,Food and Beverages,15.36,9,6.912,145.152,Cash,96.768,41.472,7.1
INV-2025-01290,02-08-2025,15:28,B,Los Angeles,Member,Female,Home and Lifestyle,42.82,7,14.987,314.727,Cash,209.818,89.922,7.2
INV-2025-00450,10-11-2025,19:43,A,New York,Normal,Female,Sports and Travel,36.28,2,3.628,76.188,Cash,50.792,21.768,5.7
INV-2025-04092,22-02-2025,16:00,B,Los Angeles,Normal,Male,Health and Beauty,11.61,10,5.805,121.905,Credit Card,81.27,34.83,5.7
INV-2025-02570,04-11-2025,13:51,B,Los Angeles,Member,Female,Fashion Accessories,69.84,6,20.952,439.992,Cash,293.328,125.712,9.2
INV-2025-01821,28-11-2025,11:03,A,New York,Normal,Female,Home and Lifestyle,27.32,4,5.464,114.744,Cash,76.496,32.784,8
INV-2025-00959,21-05-2025,10:09,B,Los Angeles,Normal,Male,Health and Beauty,32.96,10,16.48,346.08,Cash,230.72,98.88,4.9
INV-2025-01794,18-05-2025,15:50,B,Los Angeles,Normal,Female,Fashion Accessories,60.19,6,18.057,379.197,E-wallet,252.798,108.342,6.2
INV-2025-04787,13-06-2025,13:51,A,New York,Member,Female,Fashion Accessories,16.42,10,8.21,172.41,Credit Card,114.94,49.26,7.8
INV-2025-00655,11-01-2025,10:57,A,New York,Normal,Male,Sports and Travel,78.81,2,7.881,165.501,Credit Card,110.334,47.286,9
INV-2025-02408,27-05-2025,20:56,C,Chicago,Member,Female,Sports and Travel,41.8,1,2.09,43.89,Cash,29.26,12.54,5.1
INV-2025-03853,17-08-2025,17:29,C,Chicago,Normal,Male,Food and Beverages,8.66,10,4.33,90.93,Credit Card,60.62,25.98,8.7
INV-2025-01996,18-10-2025,21:07,A,New York,Member,Male,Health and Beauty,38.98,2,3.898,81.858,Credit Card,54.572,23.388,8.5
INV-2025-01761,22-03-2025,13:00,A,New York,Normal,Male,Health and Beauty,34.66,7,12.131,254.751,Credit Card,169.834,72.786,4.8
INV-2025-02355,01-01-2025,13:02,C,Chicago,Normal,Female,Food and Beverages,20.46,4,4.092,85.932,Credit Card,57.288,24.552,8.7
INV-2025-02742,25-09-2025,13:58,B,Los Angeles,Member,Female,Food and Beverages,14.13,5,3.5325,74.1825,Credit Card,49.455,21.195,5.8
INV-2025-02618,15-07-2025,13:44,C,Chicago,Normal,Male,Health and Beauty,20.3,1,1.015,21.315,Credit Card,14.21,6.09,4.8
INV-2025-00412,24-12-2025,15:14,C,Chicago,Member,Female,Home and Lifestyle,61.23,10,30.615,642.915,Cash,428.61,183.69,4.8
INV-2025-01775,02-09-2025,11:03,A,New York,Member,Female,Food and Beverages,4.93,4,0.986,20.706,Unknown,13.804,5.916,9.7
INV-2025-03979,11-01-2025,15:12,A,New York,Normal,Female,Fashion Accessories,47.67,3,7.1505,150.1605,Cash,100.107,42.903,No Rating Given
INV-2025-02187,04-01-2025,15:17,B,Los Angeles,Member,Female,Fashion Accessories,55.38,1,2.769,58.149,E-wallet,38.766,16.614,8.1
INV-2025-02380,24-05-2025,18:04,B,Los Angeles,Member,Female,Health and Beauty,46.35,10,23.175,486.675,E-wallet,324.45,139.05,8.9
INV-2025-03964,29-11-2025,17:07,B,Los Angeles,Normal,Female,Health and Beauty,36.55,6,10.965,230.265,Credit Card,153.51,65.79,9.1
INV-2025-04312,18-04-2025,11:22,C,Chicago,Member,Female,Food and Beverages,13.42,1,0.671,14.091,E-wallet,9.394,4.026,6.1
INV-2025-04775,05-07-2025,15:33,A,New York,Member,Female,Electronic Accessories,41.95,9,18.8775,396.4275,E-wallet,264.285,113.265,7.2
INV-2025-03703,11-01-2025,14:58,A,New York,Normal,Female,Health and Beauty,43.16,3,6.474,135.954,Credit Card,90.636,38.844,4.4
INV-2025-03973,12-10-2025,16:17,C,Chicago,Normal,Female,Sports and Travel,26.37,7,9.2295,193.8195,E-wallet,129.213,55.377,8.9
INV-2025-04766,24-11-2025,11:14,A,New York,Normal,Male,Electronic Accessories,49.72,3,7.458,156.618,E-wallet,104.412,44.748,4.3
INV-2025-03559,11-07-2025,16:34,A,New York,Normal,Male,Food and Beverages,17.41,10,8.705,182.805,E-wallet,121.87,52.23,5.8
INV-2025-04111,03-03-2025,17:20,A,New York,Normal,Male,Fashion Accessories,61.06,4,12.212,256.452,Cash,170.968,73.272,8.2
INV-2025-03498,13-08-2025,14:04,B,Los Angeles,Member,Female,Food and Beverages,11.18,1,0.559,11.739,Cash,7.826,3.354,4.2
INV-2025-03766,16-02-2025,15:48,C,Chicago,Member,Male,Home and Lifestyle,47.3,9,21.285,446.985,Credit Card,297.99,127.71,5.5
INV-2025-00431,23-10-2025,11:33,C,Chicago,Member,Male,Food and Beverages,9.99,3,1.4985,31.4685,Credit Card,20.979,8.991,4.7
INV-2025-04485,01-07-2025,14:11,A,New York,Member,Male,Sports and Travel,48.12,7,16.842,353.682,Credit Card,235.788,101.052,4.1
INV-2025-02322,21-02-2025,14:50,B,Los Angeles,Member,Female,Health and Beauty,11.46,1,0.573,12.033,Credit Card,8.022,3.438,5.2
INV-2025-01367,11-05-2025,18:55,C,Chicago,Normal,Male,Sports and Travel,66.32,10,33.16,696.36,E-wallet,464.24,198.96,9.7
INV-2025-01993,13-06-2025,13:11,A,New York,Normal,Male,Health and Beauty,59.89,4,11.978,251.538,Credit Card,167.692,71.868,7
INV-2025-02852,04-01-2025,13:01,B,Los Angeles,Normal,Female,Food and Beverages,15.18,7,5.313,111.573,Cash,74.382,31.878,8.3
INV-2025-01177,01-10-2025,19:34,C,Chicago,Normal,Male,Sports and Travel,59,4,11.8,247.8,Cash,165.2,70.8,8.8
INV-2025-03529,24-06-2025,13:30,B,Los Angeles,Normal,Male,Sports and Travel,51.61,1,2.5805,54.1905,Credit Card,36.127,15.483,8.3
INV-2025-01477,22-04-2025,13:07,B,Los Angeles,Normal,Male,Fashion Accessories,10.89,2,1.089,22.869,Credit Card,15.246,6.534,6.7
INV-2025-03741,07-09-2025,20:16,B,Los Angeles,Normal,Male,Health and Beauty,45.62,2,4.562,95.802,Cash,63.868,27.372,9.2
INV-2025-02046,27-10-2025,19:54,C,Chicago,Member,Male,Food and Beverages,9.75,2,0.975,20.475,Cash,13.65,5.85,8.6
INV-2025-00103,01-05-2025,19:06,C,Chicago,Member,Female,Health and Beauty,29.91,4,5.982,125.622,E-wallet,83.748,35.892,9.7
INV-2025-04332,30-09-2025,19:10,A,New York,Member,Male,Health and Beauty,13,3,1.95,40.95,E-wallet,27.3,11.7,4.2
INV-2025-02993,11-05-2025,14:33,A,New York,Member,Female,Food and Beverages,11.91,8,4.764,100.044,E-wallet,66.696,28.584,5.6
INV-2025-01264,03-03-2025,19:19,C,Chicago,Member,Male,Food and Beverages,13.93,2,1.393,29.253,Credit Card,19.502,8.358,7.6
INV-2025-02882,10-04-2025,14:19,A,New York,Normal,Female,Food and Beverages,8.3,8,3.32,69.72,E-wallet,46.48,19.92,4.7
INV-2025-03139,14-05-2025,21:38,A,New York,Member,Female,Health and Beauty,50.01,7,17.5035,367.5735,E-wallet,245.049,105.021,9.4
INV-2025-03623,15-06-2025,13:56,B,Los Angeles,Member,Female,Home and Lifestyle,60.33,7,21.1155,443.4255,Credit Card,295.617,126.693,5.6
INV-2025-03204,31-07-2025,19:27,B,Los Angeles,Normal,Female,Electronic Accessories,77.83,9,35.0235,735.4935,Cash,490.329,210.141,7.1
INV-2025-04279,20-08-2025,16:07,C,Chicago,Member,Female,Home and Lifestyle,38.48,1,1.924,40.404,E-wallet,26.936,11.544,7.2
INV-2025-03300,05-04-2025,12:42,A,New York,Normal,Male,Sports and Travel,63.89,3,9.5835,201.2535,E-wallet,134.169,57.501,6.8
INV-2025-03634,21-04-2025,17:01,A,New York,Normal,Female,Sports and Travel,58.62,8,23.448,492.408,E-wallet,328.272,140.688,8.2
INV-2025-01644,20-08-2025,11:03,B,Los Angeles,Member,Male,Health and Beauty,50.65,5,12.6625,265.9125,Credit Card,177.275,75.975,7.2
INV-2025-04506,29-12-2025,15:20,B,Los Angeles,Member,Female,Home and Lifestyle,81.15,10,40.575,852.075,Credit Card,568.05,243.45,5.3
INV-2025-00001,24-11-2025,11:47,A,New York,Member,Male,Fashion Accessories,58.14,9,26.163,549.423,Cash,366.282,156.978,6.5
INV-2025-01581,12-09-2025,18:09,C,Chicago,Member,Male,Sports and Travel,84.65,1,4.2325,88.8825,E-wallet,59.255,25.395,7.2
INV-2025-04423,07-07-2025,10:46,C,Chicago,Normal,Female,Electronic Accessories,48.02,3,7.203,151.263,E-wallet,100.842,43.218,10
INV-2025-04117,22-10-2025,20:45,C,Chicago,Normal,Female,Fashion Accessories,14.84,6,4.452,93.492,Credit Card,62.328,26.712,9.5
INV-2025-01357,28-07-2025,12:25,B,Los Angeles,Normal,Female,Electronic Accessories,84.21,8,33.684,707.364,Credit Card,471.576,202.104,6.4
INV-2025-04202,15-02-2025,12:50,A,New York,Normal,Female,Health and Beauty,44.31,10,22.155,465.255,E-wallet,310.17,132.93,9.6
INV-2025-04575,20-02-2025,17:15,B,Los Angeles,Normal,Male,Fashion Accessories,35.77,7,12.5195,262.9095,Credit Card,175.273,75.117,8.1
INV-2025-03734,10-08-2025,17:23,B,Los Angeles,Member,Female,Fashion Accessories,69.5,7,24.325,510.825,E-wallet,340.55,145.95,9.7
INV-2025-02026,07-05-2025,19:07,C,Chicago,Member,Female,Health and Beauty,51.19,4,10.238,214.998,Credit Card,143.332,61.428,4.6
INV-2025-02219,25-12-2025,20:25,B,Los Angeles,Member,Female,Health and Beauty,56.28,8,22.512,472.752,Cash,315.168,135.072,7.4
INV-2025-00397,17-09-2025,17:52,B,Los Angeles,Member,Male,Health and Beauty,37.58,9,16.911,355.131,E-wallet,236.754,101.466,7.2
INV-2025-04942,03-12-2025,12:28,B,Los Angeles,Member,Male,Fashion Accessories,72.84,1,3.642,76.482,Credit Card,50.988,21.852,4.4
INV-2025-01065,01-07-2025,20:58,B,Los Angeles,Member,Female,Home and Lifestyle,73.04,3,10.956,230.076,Credit Card,153.384,65.736,8.3
INV-2025-03081,09-03-2025,18:41,A,New York,Member,Female,Food and Beverages,24.92,6,7.476,156.996,E-wallet,104.664,44.856,6.6
INV-2025-02154,14-11-2025,11:24,B,Los Angeles,Member,Female,Food and Beverages,15.42,3,2.313,48.573,Cash,32.382,13.878,6.1
INV-2025-00819,24-12-2025,17:09,A,New York,Member,Male,Home and Lifestyle,37.32,10,18.66,391.86,E-wallet,261.24,111.96,9
INV-2025-01813,24-04-2025,19:14,A,New York,Member,Male,Food and Beverages,10.05,1,0.5025,10.5525,Credit Card,7.035,3.015,4.5
INV-2025-02553,27-09-2025,14:57,B,Los Angeles,Normal,Female,Home and Lifestyle,76.84,3,11.526,242.046,Cash,161.364,69.156,8.4
INV-2025-01553,09-05-2025,19:49,A,New York,Member,Male,Food and Beverages,20.31,5,5.0775,106.6275,E-wallet,71.085,30.465,5.6
INV-2025-04048,07-03-2025,12:17,A,New York,Normal,Male,Electronic Accessories,73.78,9,33.201,697.221,Credit Card,464.814,199.206,5.4
INV-2025-00817,05-03-2025,14:36,A,New York,Normal,Female,Fashion Accessories,32.66,8,13.064,274.344,Credit Card,182.896,78.384,6.2
INV-2025-01573,04-12-2025,19:11,A,New York,Member,Male,Health and Beauty,59.61,6,17.883,375.543,Cash,250.362,107.298,6
INV-2025-04553,19-08-2025,13:54,B,Los Angeles,Member,Female,Food and Beverages,19.55,8,7.82,164.22,Credit Card,109.48,46.92,5.4
INV-2025-01801,18-10-2025,14:42,C,Chicago,Member,Male,Health and Beauty,36.71,2,3.671,77.091,Credit Card,51.394,22.026,7.2
INV-2025-04288,22-10-2025,17:39,A,New York,Normal,Male,Home and Lifestyle,47.56,8,19.024,399.504,E-wallet,266.336,114.144,9.6
INV-2025-00382,28-02-2025,14:34,C,Chicago,Member,Female,Food and Beverages,20.46,8,8.184,171.864,Credit Card,114.576,49.104,5.8
INV-2025-02875,08-06-2025,21:13,C,Chicago,Normal,Female,Fashion Accessories,23.68,8,9.472,198.912,Credit Card,132.608,56.832,4.6
INV-2025-04348,06-04-2025,13:20,B,Los Angeles,Normal,Female,Fashion Accessories,41.36,4,8.272,173.712,Credit Card,115.808,49.632,7.4
INV-2025-04627,29-03-2025,14:03,B,Los Angeles,Normal,Male,Fashion Accessories,47.24,7,16.534,347.214,Credit Card,231.476,99.204,9.9
INV-2025-03504,05-05-2025,16:25,B,Los Angeles,Member,Female,Sports and Travel,42.17,5,10.5425,221.3925,Cash,147.595,63.255,8.1
INV-2025-02312,26-10-2025,20:15,B,Los Angeles,Member,Female,Fashion Accessories,68.82,4,13.764,289.044,Cash,192.696,82.584,7.4
INV-2025-01781,09-11-2025,16:08,C,Chicago,Normal,Male,Food and Beverages,4.06,2,0.406,8.526,Credit Card,5.684,2.436,6.3
INV-2025-02727,06-07-2025,10:06,B,Los Angeles,Member,Female,Fashion Accessories,18.6,10,9.3,195.3,Cash,130.2,55.8,4.4
INV-2025-02438,23-09-2025,11:25,B,Los Angeles,Member,Male,Fashion Accessories,42.37,3,6.3555,133.4655,Cash,88.977,38.133,4.2
INV-2025-02334,03-12-2025,10:01,A,New York,Member,Male,Health and Beauty,17.53,9,7.8885,165.6585,E-wallet,110.439,47.331,6.5
INV-2025-00865,08-11-2025,11:03,A,New York,Normal,Female,Electronic Accessories,44.34,9,19.953,419.013,Credit Card,279.342,119.718,9.3
INV-2025-03639,19-03-2025,14:12,A,New York,Member,Male,Home and Lifestyle,88.87,10,44.435,933.135,E-wallet,622.09,266.61,7.3
INV-2025-03165,18-02-2025,19:36,A,New York,Member,Female,Home and Lifestyle,45.47,10,22.735,477.435,Credit Card,318.29,136.41,5.8
INV-2025-00555,27-03-2025,12:46,C,Chicago,Member,Female,Health and Beauty,12.63,8,5.052,106.092,Credit Card,70.728,30.312,5.8
INV-2025-01160,02-12-2025,12:58,A,New York,Normal,Female,Sports and Travel,49.62,1,2.481,52.101,Credit Card,34.734,14.886,4.8
INV-2025-01214,15-03-2025,20:02,B,Los Angeles,Normal,Male,Electronic Accessories,23.51,6,7.053,148.113,E-wallet,98.742,42.318,4.6
INV-2025-03761,02-02-2025,12:13,C,Chicago,Member,Male,Home and Lifestyle,36.24,7,12.684,266.364,Credit Card,177.576,76.104,8.1
INV-2025-04214,21-10-2025,16:09,B,Los Angeles,Normal,Male,Food and Beverages,11.93,1,0.5965,12.5265,Cash,8.351,3.579,6.1
INV-2025-00049,02-02-2025,14:21,B,Los Angeles,Member,Male,Sports and Travel,48.37,10,24.185,507.885,E-wallet,338.59,145.11,4.1
INV-2025-02368,24-07-2025,17:10,B,Los Angeles,Normal,Female,Home and Lifestyle,41.09,8,16.436,345.156,E-wallet,230.104,98.616,5.1
INV-2025-00701,15-11-2025,20:22,B,Los Angeles,Member,Male,Home and Lifestyle,70.83,8,28.332,594.972,Credit Card,396.648,169.992,5.4
INV-2025-00653,04-11-2025,12:15,A,New York,Member,Male,Home and Lifestyle,52.49,9,23.6205,496.0305,E-wallet,330.687,141.723,6.5
INV-2025-03934,24-12-2025,14:48,C,Chicago,Member,Male,Fashion Accessories,38,2,3.8,79.8,E-wallet,53.2,22.8,9.9
INV-2025-04410,01-10-2025,16:45,B,Los Angeles,Member,Male,Fashion Accessories,69.96,8,27.984,587.664,E-wallet,391.776,167.904,6.3
INV-2025-03312,14-08-2025,10:50,C,Chicago,Normal,Male,Home and Lifestyle,86.12,5,21.53,452.13,Credit Card,301.42,129.18,No Rating Given
INV-2025-00749,21-12-2025,18:39,A,New York,Normal,Female,Health and Beauty,56.89,1,2.8445,59.7345,E-wallet,39.823,17.067,5.9
INV-2025-01456,08-10-2025,17:04,C,Chicago,Normal,Male,Electronic Accessories,20.61,5,5.1525,108.2025,E-wallet,72.135,30.915,4.7
INV-2025-04196,11-01-2025,11:10,A,New York,Member,Female,Health and Beauty,40,9,18,378,E-wallet,252,108,4
INV-2025-02390,05-05-2025,18:04,A,New York,Member,Female,Food and Beverages,17.15,9,7.7175,162.0675,E-wallet,108.045,46.305,6.3
INV-2025-03495,14-08-2025,16:58,B,Los Angeles,Member,Male,Fashion Accessories,52.73,3,7.9095,166.0995,E-wallet,110.733,47.457,8.7
INV-2025-00867,24-11-2025,21:45,C,Chicago,Normal,Female,Fashion Accessories,39.76,8,15.904,333.984,E-wallet,222.656,95.424,8.8
INV-2025-00753,21-06-2025,19:15,A,New York,Member,Female,Health and Beauty,51.08,9,22.986,482.706,E-wallet,321.804,137.916,9.7
INV-2025-01645,22-05-2025,15:12,C,Chicago,Member,Male,Health and Beauty,10.87,7,3.8045,79.8945,Cash,53.263,22.827,7.2
INV-2025-00093,24-02-2025,12:36,B,Los Angeles,Member,Female,Health and Beauty,58.9,7,20.615,432.915,Cash,288.61,123.69,7.4
INV-2025-04825,09-09-2025,13:59,A,New York,Unknown,Female,Fashion Accessories,49.6,8,19.84,416.64,Credit Card,277.76,119.04,4.3
INV-2025-03102,16-11-2025,12:42,A,New York,Member,Male,Health and Beauty,40.23,3,6.0345,126.7245,E-wallet,84.483,36.207,7.5
INV-2025-02433,18-06-2025,09:44,A,New York,Member,Male,Sports and Travel,25.53,9,11.4885,241.2585,Cash,160.839,68.931,6.4
INV-2025-02630,18-12-2025,10:40,A,New York,Member,Male,Sports and Travel,51.63,2,5.163,108.423,E-wallet,72.282,30.978,7.9
INV-2025-01491,29-07-2025,11:17,B,Los Angeles,Normal,Male,Health and Beauty,27.04,4,5.408,113.568,Credit Card,75.712,32.448,4.6
INV-2025-02896,23-03-2025,18:33,C,Chicago,Normal,Male,Health and Beauty,59.04,3,8.856,185.976,Credit Card,123.984,53.136,7.5
INV-2025-02178,08-05-2025,17:50,C,Chicago,Member,Male,Food and Beverages,2.56,4,0.512,10.752,Credit Card,7.168,3.072,6.4
INV-2025-00730,05-10-2025,16:03,C,Chicago,Member,Female,Food and Beverages,22.63,2,2.263,47.523,Credit Card,31.682,13.578,7.2
INV-2025-04760,19-09-2025,15:52,B,Los Angeles,Member,Male,Electronic Accessories,72.38,3,10.857,227.997,Cash,151.998,65.142,4.3
INV-2025-02472,22-04-2025,17:41,A,New York,Member,Female,Food and Beverages,17.88,9,8.046,168.966,Cash,112.644,48.276,4.1
INV-2025-02243,01-10-2025,12:38,C,Chicago,Member,Male,Electronic Accessories,37.87,10,18.935,397.635,Cash,265.09,113.61,8.6
INV-2025-01937,27-01-2025,17:36,B,Los Angeles,Member,Male,Health and Beauty,12.41,10,6.205,130.305,Credit Card,86.87,37.23,6.9
INV-2025-01746,25-12-2025,13:01,B,Los Angeles,Normal,Male,Health and Beauty,57.55,2,5.755,120.855,Credit Card,80.57,34.53,7
INV-2025-04747,03-06-2025,11:43,B,Los Angeles,Member,Male,Food and Beverages,6.3,7,2.205,46.305,Credit Card,30.87,13.23,7.4
INV-2025-04374,19-02-2025,17:48,B,Los Angeles,Normal,Female,Health and Beauty,17.73,10,8.865,186.165,Cash,124.11,53.19,6.5
INV-2025-03492,04-07-2025,11:48,A,New York,Normal,Female,Health and Beauty,31.36,4,6.272,131.712,E-wallet,87.808,37.632,7.2
INV-2025-01111,06-01-2025,12:23,B,Los Angeles,Member,Female,Home and Lifestyle,26.59,6,7.977,167.517,E-wallet,111.678,47.862,7
INV-2025-03338,28-02-2025,19:07,B,Los Angeles,Member,Male,Electronic Accessories,35.59,6,10.677,224.217,Credit Card,149.478,64.062,4.3
INV-2025-04033,30-01-2025,12:00,A,New York,Normal,Male,Electronic Accessories,87.14,7,30.499,640.479,Cash,426.986,182.994,4.7
INV-2025-04472,04-10-2025,14:06,C,Chicago,Member,Male,Fashion Accessories,38.24,8,15.296,321.216,E-wallet,214.144,91.776,5.5
INV-2025-04158,03-04-2025,16:55,C,Chicago,Member,Female,Electronic Accessories,68.55,6,20.565,431.865,E-wallet,287.91,123.39,9.7
INV-2025-00347,20-12-2025,11:28,B,Los Angeles,Member,Female,Fashion Accessories,19.95,1,0.9975,20.9475,Credit Card,13.965,5.985,8
INV-2025-01186,30-08-2025,11:19,C,Chicago,Member,Male,Home and Lifestyle,30.95,7,10.8325,227.4825,E-wallet,151.655,64.995,9.1
INV-2025-04007,09-09-2025,13:16,C,Chicago,Normal,Male,Sports and Travel,71.63,2,7.163,150.423,E-wallet,100.282,42.978,5.8
INV-2025-01516,08-10-2025,20:31,C,Chicago,Member,Male,Sports and Travel,68.09,4,13.618,285.978,Credit Card,190.652,81.708,4.4
INV-2025-04670,20-05-2025,18:17,A,New York,Member,Male,Fashion Accessories,29.6,2,2.96,62.16,E-wallet,41.44,17.76,8.8
INV-2025-00579,04-06-2025,13:00,B,Los Angeles,Member,Male,Food and Beverages,10.32,9,4.644,97.524,Credit Card,65.016,27.864,6.8
INV-2025-01965,11-10-2025,20:07,C,Chicago,Normal,Female,Fashion Accessories,59.77,1,2.9885,62.7585,Cash,41.839,17.931,9.7
INV-2025-00076,23-05-2025,12:37,B,Los Angeles,Normal,Male,Sports and Travel,45.88,6,13.764,289.044,Credit Card,192.696,82.584,4.6
INV-2025-01430,17-03-2025,16:54,C,Chicago,Normal,Male,Sports and Travel,79.31,2,7.931,166.551,Credit Card,111.034,47.586,7
INV-2025-03713,17-08-2025,18:23,A,New York,Normal,Female,Food and Beverages,7.76,6,2.328,48.888,Cash,32.592,13.968,9
INV-2025-04431,11-06-2025,09:26,B,Los Angeles,Member,Female,Food and Beverages,15.69,10,7.845,164.745,Credit Card,109.83,47.07,8.5
INV-2025-02752,10-05-2025,09:36,B,Los Angeles,Member,Female,Electronic Accessories,19.67,4,3.934,82.614,Credit Card,55.076,23.604,5.9
INV-2025-04953,02-03-2025,10:15,A,New York,Member,Female,Sports and Travel,36.27,6,10.881,228.501,Cash,152.334,65.286,7.2
INV-2025-01847,04-06-2025,13:27,C,Chicago,Member,Male,Electronic Accessories,76.5,4,15.3,321.3,Credit Card,214.2,91.8,8.9
INV-2025-00132,14-12-2025,17:50,B,Los Angeles,Member,Female,Health and Beauty,37.9,7,13.265,278.565,Cash,185.71,79.59,8.3
INV-2025-00179,14-07-2025,11:43,A,New York,Normal,Male,Electronic Accessories,16.61,6,4.983,104.643,Credit Card,69.762,29.898,6.5
INV-2025-02900,23-12-2025,18:17,B,Los Angeles,Member,Female,Health and Beauty,59.7,2,5.97,125.37,Cash,83.58,35.82,7.7
INV-2025-04467,01-02-2025,14:44,A,New York,Member,Female,Food and Beverages,5.98,1,0.299,6.279,Cash,4.186,1.794,7.6
INV-2025-04195,12-12-2025,18:18,B,Los Angeles,Normal,Male,Health and Beauty,14.88,2,1.488,31.248,E-wallet,20.832,8.928,9.5
INV-2025-02523,02-09-2025,20:37,B,Los Angeles,Normal,Male,Home and Lifestyle,31.29,3,4.6935,98.5635,Cash,65.709,28.161,4.7
INV-2025-01843,27-09-2025,18:53,B,Los Angeles,Normal,Male,Electronic Accessories,19.06,6,5.718,120.078,Credit Card,80.052,34.308,4.8
INV-2025-02099,31-03-2025,16:50,A,New York,Normal,Female,Sports and Travel,35.21,8,14.084,295.764,Cash,197.176,84.504,6.5
INV-2025-03950,12-02-2025,21:33,A,New York,Member,Female,Fashion Accessories,15.14,9,6.813,143.073,Cash,95.382,40.878,8
INV-2025-02374,13-03-2025,17:25,A,New York,Normal,Male,Sports and Travel,34.48,8,13.792,289.632,Cash,193.088,82.752,4.9
INV-2025-00605,13-01-2025,14:31,C,Chicago,Normal,Female,Electronic Accessories,15.37,9,6.9165,145.2465,E-wallet,96.831,41.499,6
INV-2025-02628,24-05-2025,16:53,B,Los Angeles,Member,Male,Electronic Accessories,45.38,4,9.076,190.596,Cash,127.064,54.456,6.9
INV-2025-00026,07-05-2025,16:02,B,Los Angeles,Member,Female,Home and Lifestyle,34.3,6,10.29,216.09,Cash,144.06,61.74,6.4
INV-2025-00659,07-05-2025,21:56,C,Chicago,Member,Female,Fashion Accessories,33.9,5,8.475,177.975,Cash,118.65,50.85,9.8
INV-2025-04096,01-03-2025,17:49,A,New York,Member,Female,Home and Lifestyle,23.91,8,9.564,200.844,Credit Card,133.896,57.384,No Rating Given
INV-2025-03318,05-08-2025,10:40,B,Los Angeles,Member,Male,Electronic Accessories,79.56,5,19.89,417.69,Credit Card,278.46,119.34,7.4
INV-2025-00174,15-12-2025,17:08,C,Chicago,Member,Female,Food and Beverages,23.6,3,3.54,74.34,Cash,49.56,21.24,7.1
INV-2025-01612,11-11-2025,12:26,C,Chicago,Normal,Female,Home and Lifestyle,66.01,10,33.005,693.105,Cash,462.07,198.03,5.8
INV-2025-00438,07-11-2025,12:36,B,Los Angeles,Member,Female,Home and Lifestyle,42.76,9,19.242,404.082,Credit Card,269.388,115.452,8.4
INV-2025-00332,11-07-2025,16:38,B,Los Angeles,Member,Male,Sports and Travel,28.83,5,7.2075,151.3575,Credit Card,100.905,43.245,9.2
INV-2025-03101,27-04-2025,13:49,A,New York,Normal,Female,Home and Lifestyle,84.3,1,4.215,88.515,Credit Card,59.01,25.29,9.8
INV-2025-01455,12-05-2025,14:57,B,Los Angeles,Normal,Female,Health and Beauty,48.25,5,12.0625,253.3125,Credit Card,168.875,72.375,7.3
INV-2025-00343,08-03-2025,11:32,B,Los Angeles,Member,Male,Home and Lifestyle,86.39,8,34.556,725.676,Credit Card,483.784,207.336,7.6
INV-2025-03210,06-01-2025,19:36,C,Chicago,Member,Female,Sports and Travel,50.1,9,22.545,473.445,Cash,315.63,135.27,9.4
INV-2025-04577,14-05-2025,18:12,B,Los Angeles,Member,Male,Health and Beauty,59.83,9,26.9235,565.3935,Credit Card,376.929,161.541,7.2
INV-2025-01089,29-10-2025,19:12,C,Chicago,Normal,Female,Sports and Travel,55.74,1,2.787,58.527,Credit Card,39.018,16.722,6.8
INV-2025-00480,29-05-2025,19:09,A,New York,Member,Male,Food and Beverages,11.18,2,1.118,23.478,Credit Card,15.652,6.708,6.6
INV-2025-00728,16-06-2025,11:39,B,Los Angeles,Member,Male,Sports and Travel,45.34,1,2.267,47.607,E-wallet,31.738,13.602,9.3
INV-2025-03784,29-11-2025,14:31,C,Chicago,Member,Female,Fashion Accessories,42.42,7,14.847,311.787,Cash,207.858,89.082,6.2
INV-2025-00977,08-07-2025,19:34,C,Chicago,Normal,Male,Home and Lifestyle,81.83,1,4.0915,85.9215,Cash,57.281,24.549,9.7
INV-2025-03785,18-01-2025,14:09,C,Chicago,Member,Male,Health and Beauty,59.94,6,17.982,377.622,Credit Card,251.748,107.892,4.3
INV-2025-02978,17-11-2025,14:03,C,Chicago,Normal,Male,Sports and Travel,30.1,4,6.02,126.42,Credit Card,84.28,36.12,9.4
INV-2025-01929,07-07-2025,17:22,C,Chicago,Member,Female,Health and Beauty,51.66,8,20.664,433.944,Cash,289.296,123.984,7.5
INV-2025-01469,23-10-2025,19:34,A,New York,Normal,Female,Health and Beauty,54.77,1,2.7385,57.5085,Credit Card,38.339,16.431,9.3
INV-2025-01225,24-04-2025,19:12,C,Chicago,Member,Male,Food and Beverages,21.78,9,9.801,205.821,Cash,137.214,58.806,7.2
INV-2025-02857,27-12-2025,16:34,A,New York,Member,Male,Sports and Travel,41.58,10,20.79,436.59,Cash,291.06,124.74,5.4
INV-2025-01953,18-10-2025,12:22,A,New York,Normal,Male,Fashion Accessories,31.7,6,9.51,199.71,E-wallet,133.14,57.06,9.9
INV-2025-04831,11-02-2025,19:49,C,Chicago,Member,Male,Food and Beverages,5.45,3,0.8175,17.1675,Credit Card,11.445,4.905,7.4
INV-2025-04501,01-03-2025,08:40,A,New York,Normal,Male,Electronic Accessories,36.85,2,3.685,77.385,E-wallet,51.59,22.11,6.4
INV-2025-01893,10-04-2025,16:12,C,Chicago,Member,Male,Home and Lifestyle,76.67,5,19.1675,402.5175,Cash,268.345,115.005,7.2
INV-2025-01300,11-01-2025,16:52,B,Los Angeles,Member,Male,Sports and Travel,78.64,8,31.456,660.576,E-wallet,440.384,188.736,7.4
INV-2025-02991,20-04-2025,20:33,C,Chicago,Normal,Male,Sports and Travel,54.74,9,24.633,517.293,E-wallet,344.862,147.798,7.3
INV-2025-04600,01-02-2025,12:56,A,New York,Normal,Male,Health and Beauty,10.76,2,1.076,22.596,Cash,15.064,6.456,5.7
INV-2025-00661,17-12-2025,11:55,A,New York,Member,Male,Sports and Travel,80.65,5,20.1625,423.4125,Credit Card,282.275,120.975,9.6
INV-2025-04578,15-03-2025,13:58,C,Chicago,Normal,Female,Sports and Travel,55.84,4,11.168,234.528,Credit Card,156.352,67.008,8.9
INV-2025-04074,04-08-2025,12:26,C,Chicago,Normal,Male,Electronic Accessories,45.63,6,13.689,287.469,Credit Card,191.646,82.134,7.8
INV-2025-02785,28-02-2025,19:13,B,Los Angeles,Member,Female,Home and Lifestyle,54.01,10,27.005,567.105,Cash,378.07,162.03,7.3
INV-2025-04938,27-05-2025,13:45,B,Los Angeles,Member,Female,Electronic Accessories,15.36,3,2.304,48.384,Cash,32.256,13.824,9.7
INV-2025-03828,07-11-2025,19:39,A,New York,Member,Female,Fashion Accessories,55.24,9,24.858,522.018,E-wallet,348.012,149.148,9.5
INV-2025-02715,06-08-2025,16:40,C,Chicago,Member,Male,Fashion Accessories,21.73,4,4.346,91.266,Credit Card,60.844,26.076,9.7
INV-2025-04658,14-01-2025,16:32,C,Chicago,Member,Male,Home and Lifestyle,21.36,4,4.272,89.712,Cash,59.808,25.632,8.3
INV-2025-00268,08-08-2025,13:08,A,New York,Normal,Male,Food and Beverages,15.82,10,7.91,166.11,Cash,110.74,47.46,9.6
INV-2025-04443,21-06-2025,14:53,C,Chicago,Member,Female,Fashion Accessories,70.61,4,14.122,296.562,Credit Card,197.708,84.732,7.5
INV-2025-04960,31-05-2025,17:25,A,New York,Member,Female,Fashion Accessories,69.67,10,34.835,731.535,Credit Card,487.69,209.01,6.7
INV-2025-03373,14-07-2025,08:28,C,Chicago,Member,Male,Fashion Accessories,50.73,9,22.8285,479.3985,Credit Card,319.599,136.971,9.3
INV-2025-03596,16-02-2025,18:38,A,New York,Member,Female,Food and Beverages,6.31,4,1.262,26.502,Credit Card,17.668,7.572,7.9
INV-2025-04317,29-09-2025,20:00,B,Los Angeles,Normal,Female,Electronic Accessories,76.71,9,34.5195,724.9095,Cash,483.273,207.117,6.7
INV-2025-03723,05-02-2025,11:44,B,Los Angeles,Member,Male,Electronic Accessories,96.67,2,9.667,203.007,Cash,135.338,58.002,9.7
INV-2025-03407,23-04-2025,16:37,C,Chicago,Member,Male,Health and Beauty,25.7,1,1.285,26.985,Cash,17.99,7.71,8.2
INV-2025-01279,14-04-2025,20:35,C,Chicago,Member,Male,Sports and Travel,53.73,2,5.373,112.833,Cash,75.222,32.238,9
INV-2025-04641,17-07-2025,17:47,C,Chicago,Member,Female,Health and Beauty,12.52,10,6.26,131.46,E-wallet,87.64,37.56,8
INV-2025-03918,25-11-2025,19:00,C,Chicago,Normal,Female,Fashion Accessories,65.15,9,29.3175,615.6675,Credit Card,410.445,175.905,No Rating Given
INV-2025-02679,05-09-2025,14:34,A,New York,Member,Male,Fashion Accessories,49.24,1,2.462,51.702,Credit Card,34.468,14.772,7.9
INV-2025-01622,11-02-2025,19:54,C,Chicago,Member,Female,Health and Beauty,27.34,3,4.101,86.121,E-wallet,57.414,24.606,9.2
INV-2025-04104,25-03-2025,18:41,A,New York,Normal,Female,Electronic Accessories,48.05,2,4.805,100.905,E-wallet,67.27,28.83,5.8
INV-2025-02858,11-05-2025,20:22,C,Chicago,Member,Male,Fashion Accessories,59.35,8,23.74,498.54,Cash,332.36,142.44,7.3
INV-2025-01897,12-02-2025,15:40,A,New York,Normal,Female,Electronic Accessories,48.8,2,4.88,102.48,Cash,68.32,29.28,7.3
INV-2025-03925,27-02-2025,14:47,B,Los Angeles,Member,Male,Food and Beverages,2.15,10,1.075,22.575,Cash,15.05,6.45,4.4
INV-2025-03015,30-08-2025,18:55,B,Los Angeles,Member,Male,Fashion Accessories,23.53,3,3.5295,74.1195,Credit Card,49.413,21.177,6
INV-2025-04439,30-04-2025,13:48,A,New York,Member,Female,Health and Beauty,41.81,8,16.724,351.204,E-wallet,234.136,100.344,5.1
INV-2025-00068,19-11-2025,18:09,A,New York,Normal,Female,Health and Beauty,59.7,2,5.97,125.37,Credit Card,83.58,35.82,6.5
INV-2025-02043,08-02-2025,19:20,C,Chicago,Member,Male,Home and Lifestyle,83.81,7,29.3335,616.0035,Credit Card,410.669,176.001,6.2
INV-2025-02581,02-07-2025,18:09,A,New York,Member,Female,Home and Lifestyle,37.09,6,11.127,233.667,Credit Card,155.778,66.762,6.5
INV-2025-03783,01-05-2025,13:09,B,Los Angeles,Member,Female,Health and Beauty,28.73,4,5.746,120.666,Credit Card,80.444,34.476,9.4
INV-2025-03791,03-04-2025,12:18,A,New York,Normal,Female,Electronic Accessories,39.51,6,11.853,248.913,Cash,165.942,71.118,9.8
INV-2025-00821,05-08-2025,12:27,A,New York,Member,Female,Food and Beverages,9.08,7,3.178,66.738,E-wallet,44.492,19.068,9.5
INV-2025-01227,19-03-2025,16:39,B,Los Angeles,Member,Male,Sports and Travel,42.79,9,19.2555,404.3655,E-wallet,269.577,115.533,9.4
INV-2025-02992,08-09-2025,12:56,B,Los Angeles,Unknown,Male,Electronic Accessories,60.21,1,3.0105,63.2205,Cash,42.147,18.063,5.4
INV-2025-03133,21-10-2025,20:10,A,New York,Member,Male,Health and Beauty,20.43,7,7.1505,150.1605,Cash,100.107,42.903,8.1
INV-2025-02744,02-09-2025,19:05,C,Chicago,Member,Male,Electronic Accessories,29.12,3,4.368,91.728,Credit Card,61.152,26.208,6.8
INV-2025-04458,04-12-2025,14:26,C,Chicago,Member,Female,Health and Beauty,46.95,10,23.475,492.975,Unknown,328.65,140.85,6.9
INV-2025-04270,08-06-2025,17:37,C,Chicago,Normal,Female,Fashion Accessories,13.26,2,1.326,27.846,Credit Card,18.564,7.956,8.5
INV-2025-03350,15-11-2025,16:39,A,New York,Normal,Female,Fashion Accessories,15.54,5,3.885,81.585,E-wallet,54.39,23.31,6
INV-2025-01144,02-07-2025,14:28,A,New York,Normal,Male,Home and Lifestyle,71.23,9,32.0535,673.1235,Credit Card,448.749,192.321,5.5
INV-2025-00398,01-12-2025,19:23,B,Los Angeles,Normal,Female,Electronic Accessories,54.5,9,24.525,515.025,Cash,343.35,147.15,6.2
INV-2025-02907,02-01-2025,20:07,B,Los Angeles,Unknown,Female,Sports and Travel,77.33,2,7.733,162.393,Credit Card,108.262,46.398,4.2
INV-2025-04302,11-05-2025,17:27,B,Los Angeles,Normal,Female,Home and Lifestyle,50.06,2,5.006,105.126,Cash,70.084,30.036,8
INV-2025-02760,10-12-2025,17:34,B,Los Angeles,Normal,Female,Electronic Accessories,41.86,1,2.093,43.953,E-wallet,29.302,12.558,4
INV-2025-01399,19-05-2025,19:07,A,New York,Normal,Male,Electronic Accessories,54.06,3,8.109,170.289,E-wallet,113.526,48.654,9.5
INV-2025-01660,29-05-2025,20:32,A,New York,Normal,Male,Food and Beverages,23.35,5,5.8375,122.5875,Credit Card,81.725,35.025,4.8
INV-2025-00980,02-09-2025,17:17,A,New York,Normal,Male,Health and Beauty,23.19,5,5.7975,121.7475,Credit Card,81.165,34.785,6.1
INV-2025-01299,08-05-2025,21:42,C,Chicago,Normal,Male,Health and Beauty,16.78,7,5.873,123.333,Credit Card,82.222,35.238,6.9
INV-2025-03556,22-03-2025,11:59,C,Chicago,Member,Female,Food and Beverages,24.63,5,6.1575,129.3075,Credit Card,86.205,36.945,6.7
INV-2025-00083,17-05-2025,19:18,C,Chicago,Normal,Female,Electronic Accessories,52.96,8,21.184,444.864,Credit Card,296.576,127.104,7.3
INV-2025-04508,30-07-2025,10:40,A,New York,Member,Male,Fashion Accessories,53.93,8,21.572,453.012,E-wallet,302.008,129.432,6.3
INV-2025-02459,07-06-2025,15:02,A,New York,Normal,Male,Health and Beauty,45.92,3,6.888,144.648,Cash,96.432,41.328,7.6
INV-2025-03740,03-05-2025,18:07,C,Chicago,Member,Female,Sports and Travel,76.4,1,3.82,80.22,E-wallet,53.48,22.92,6.5
INV-2025-03782,14-01-2025,19:57,B,Los Angeles,Member,Male,Electronic Accessories,61.49,3,9.2235,193.6935,Credit Card,129.129,55.341,5.3
INV-2025-02289,17-04-2025,18:27,B,Los Angeles,Normal,Female,Home and Lifestyle,63.2,1,3.16,66.36,Cash,44.24,18.96,9.2
INV-2025-00424,20-09-2025,20:56,B,Los Angeles,Normal,Female,Fashion Accessories,38.78,7,13.573,285.033,Credit Card,190.022,81.438,8.6
INV-2025-04340,13-03-2025,13:06,B,Los Angeles,Normal,Male,Health and Beauty,19.62,6,5.886,123.606,Credit Card,82.404,35.316,4.5
INV-2025-01905,22-11-2025,08:28,C,Chicago,Normal,Male,Sports and Travel,41.09,8,16.436,345.156,Cash,230.104,98.616,7.7
INV-2025-04539,04-01-2025,13:27,B,Los Angeles,Member,Male,Food and Beverages,18.38,7,6.433,135.093,Cash,90.062,38.598,9.4
INV-2025-03353,31-10-2025,12:22,B,Los Angeles,Normal,Female,Fashion Accessories,21.14,9,9.513,199.773,Cash,133.182,57.078,4.2
INV-2025-03103,13-05-2025,20:14,C,Chicago,Normal,Female,Fashion Accessories,51.64,2,5.164,108.444,Cash,72.296,30.984,4.2
INV-2025-01566,24-10-2025,13:09,C,Chicago,Member,Male,Health and Beauty,31.56,5,7.89,165.69,E-wallet,110.46,47.34,5.4
INV-2025-03356,17-10-2025,14:50,B,Los Angeles,Member,Female,Home and Lifestyle,76.47,1,3.8235,80.2935,Credit Card,53.529,22.941,6.3
INV-2025-00840,05-08-2025,13:23,C,Chicago,Normal,Male,Food and Beverages,17.27,10,8.635,181.335,Cash,120.89,51.81,6.4
INV-2025-00501,06-05-2025,15:25,C,Chicago,Unknown,Female,Food and Beverages,19.6,1,0.98,20.58,Cash,13.72,5.88,6.6
INV-2025-00142,11-07-2025,12:05,B,Los Angeles,Member,Male,Fashion Accessories,52.25,3,7.8375,164.5875,Cash,109.725,47.025,5.7
INV-2025-01378,11-07-2025,16:30,A,New York,Normal,Male,Food and Beverages,11.5,9,5.175,108.675,Cash,72.45,31.05,5.2
INV-2025-03698,01-01-2025,14:09,C,Chicago,Normal,Female,Health and Beauty,31.95,4,6.39,134.19,Credit Card,89.46,38.34,6
INV-2025-02145,06-09-2025,20:05,A,New York,Normal,Female,Fashion Accessories,70.48,3,10.572,222.012,Cash,148.008,63.432,7.9
INV-2025-01139,07-01-2025,11:08,B,Los Angeles,Member,Female,Health and Beauty,34.31,7,12.0085,252.1785,Credit Card,168.119,72.051,4.3
INV-2025-02928,03-04-2025,10:27,A,New York,Member,Female,Food and Beverages,3.09,5,0.7725,16.2225,Credit Card,10.815,4.635,4.9
INV-2025-01788,11-05-2025,12:26,B,Los Angeles,Normal,Female,Fashion Accessories,46.06,6,13.818,290.178,Cash,193.452,82.908,4.9
INV-2025-03485,13-06-2025,11:12,B,Los Angeles,Normal,Male,Sports and Travel,51.55,1,2.5775,54.1275,Cash,36.085,15.465,4.2
INV-2025-00551,28-03-2025,16:42,C,Chicago,Normal,Male,Home and Lifestyle,53.93,3,8.0895,169.8795,Credit Card,113.253,48.537,9.1
INV-2025-04907,21-08-2025,12:54,A,New York,Normal,Female,Electronic Accessories,64.76,2,6.476,135.996,Credit Card,90.664,38.856,8.6
INV-2025-02020,07-06-2025,18:56,C,Chicago,Member,Male,Health and Beauty,17.54,6,5.262,110.502,E-wallet,73.668,31.572,6.6
INV-2025-00949,30-07-2025,11:47,C,Chicago,Unknown,Male,Fashion Accessories,38.87,10,19.435,408.135,E-wallet,272.09,116.61,8
INV-2025-02601,04-05-2025,21:54,A,New York,Normal,Male,Electronic Accessories,20.38,6,6.114,128.394,Cash,85.596,36.684,9.4
INV-2025-00533,07-12-2025,13:55,C,Chicago,Unknown,Male,Health and Beauty,33.77,6,10.131,212.751,Credit Card,141.834,60.786,9.1
INV-2025-01830,05-04-2025,11:41,B,Los Angeles,Normal,Female,Home and Lifestyle,68.68,9,30.906,649.026,Credit Card,432.684,185.436,6.9
INV-2025-02918,03-11-2025,17:51,B,Los Angeles,Member,Female,Food and Beverages,13.71,5,3.4275,71.9775,Cash,47.985,20.565,7.7
INV-2025-04419,18-01-2025,11:47,A,New York,Normal,Male,Fashion Accessories,65.46,7,22.911,481.131,Cash,320.754,137.466,5.8
INV-2025-03872,01-06-2025,15:56,B,Los Angeles,Member,Male,Food and Beverages,14.35,5,3.5875,75.3375,Credit Card,50.225,21.525,5.6
INV-2025-01603,28-10-2025,17:45,B,Los Angeles,Member,Male,Sports and Travel,51.94,8,20.776,436.296,Credit Card,290.864,124.656,5.8
INV-2025-00640,07-09-2025,18:36,B,Los Angeles,Normal,Female,Sports and Travel,58.74,3,8.811,185.031,Credit Card,123.354,52.866,6.3
INV-2025-04833,02-02-2025,20:31,A,New York,Normal,Female,Home and Lifestyle,79.77,10,39.885,837.585,Credit Card,558.39,239.31,6
INV-2025-00968,02-02-2025,14:56,A,New York,Member,Female,Home and Lifestyle,62.27,9,28.0215,588.4515,Credit Card,392.301,168.129,4.2
INV-2025-04238,26-09-2025,19:14,A,New York,Member,Male,Sports and Travel,42.17,7,14.7595,309.9495,Cash,206.633,88.557,5.1
INV-2025-02698,13-09-2025,20:16,C,Chicago,Member,Male,Home and Lifestyle,58,9,26.1,548.1,E-wallet,365.4,156.6,7.5
INV-2025-01684,14-07-2025,15:03,A,New York,Normal,Female,Electronic Accessories,40.39,10,20.195,424.095,Cash,282.73,121.17,4.3
INV-2025-04471,06-02-2025,13:01,B,Los Angeles,Member,Male,Sports and Travel,53.45,3,8.0175,168.3675,Cash,112.245,48.105,8.7
INV-2025-02343,27-05-2025,12:41,A,New York,Member,Male,Health and Beauty,45.5,2,4.55,95.55,E-wallet,63.7,27.3,5.3
INV-2025-00156,19-08-2025,20:23,B,Los Angeles,Member,Male,Food and Beverages,10.44,6,3.132,65.772,Credit Card,43.848,18.792,5.5
INV-2025-02488,06-03-2025,20:45,C,Chicago,Member,Male,Electronic Accessories,95.94,4,19.188,402.948,Cash,268.632,115.128,5.4
INV-2025-04642,29-11-2025,17:23,A,New York,Member,Male,Home and Lifestyle,33.89,8,13.556,284.676,E-wallet,189.784,81.336,5
INV-2025-01090,21-02-2025,12:41,B,Los Angeles,Member,Female,Health and Beauty,21.11,7,7.3885,155.1585,Credit Card,103.439,44.331,6.9
INV-2025-02656,02-12-2025,19:40,A,New York,Member,Male,Sports and Travel,31.11,7,10.8885,228.6585,E-wallet,152.439,65.331,10
INV-2025-04241,19-12-2025,15:15,A,New York,Member,Male,Sports and Travel,54.2,7,18.97,398.37,Cash,265.58,113.82,5.4
INV-2025-00289,21-01-2025,12:54,A,New York,Member,Male,Home and Lifestyle,47.74,1,2.387,50.127,Credit Card,33.418,14.322,5.6
INV-2025-00931,19-02-2025,19:09,C,Chicago,Member,Male,Sports and Travel,30.65,6,9.195,193.095,Cash,128.73,55.17,5.8
INV-2025-02536,13-05-2025,11:13,C,Chicago,Normal,Female,Electronic Accessories,22.97,7,8.0395,168.8295,Cash,112.553,48.237,4.3
INV-2025-04029,28-05-2025,20:48,A,New York,Unknown,Male,Sports and Travel,48.37,9,21.7665,457.0965,Cash,304.731,130.599,5.7
INV-2025-03372,14-08-2025,15:13,B,Los Angeles,Normal,Male,Health and Beauty,51.24,6,15.372,322.812,Cash,215.208,92.232,4.1
INV-2025-04622,04-04-2025,16:35,B,Los Angeles,Member,Male,Home and Lifestyle,23.66,6,7.098,149.058,Credit Card,99.372,42.588,7.9
INV-2025-03292,01-05-2025,13:34,A,New York,Normal,Male,Fashion Accessories,18.15,5,4.5375,95.2875,Credit Card,63.525,27.225,9.7
INV-2025-00943,12-06-2025,09:57,B,Los Angeles,Member,Female,Health and Beauty,49.6,7,17.36,364.56,Cash,243.04,104.16,8.3
INV-2025-03860,18-02-2025,13:15,A,New York,Member,Female,Food and Beverages,20.48,1,1.024,21.504,Unknown,14.336,6.144,8.6
INV-2025-04663,31-10-2025,19:56,A,New York,Member,Female,Sports and Travel,73.8,1,3.69,77.49,E-wallet,51.66,22.14,9.7
INV-2025-01699,13-03-2025,20:09,C,Chicago,Normal,Female,Food and Beverages,16.14,8,6.456,135.576,Credit Card,90.384,38.736,7.7
INV-2025-04709,29-05-2025,20:07,C,Chicago,Normal,Male,Electronic Accessories,39.2,4,7.84,164.64,E-wallet,109.76,47.04,8.3
INV-2025-03201,25-02-2025,14:13,A,New York,Member,Female,Health and Beauty,11.65,4,2.33,48.93,Credit Card,32.62,13.98,8.4
INV-2025-04602,06-12-2025,20:08,C,Chicago,Normal,Female,Health and Beauty,57.12,3,8.568,179.928,Credit Card,119.952,51.408,8.4
INV-2025-04609,14-12-2025,13:56,B,Los Angeles,Member,Female,Health and Beauty,15.6,9,7.02,147.42,E-wallet,98.28,42.12,7.5
INV-2025-00986,20-06-2025,10:17,B,Los Angeles,Member,Female,Fashion Accessories,70.32,4,14.064,295.344,Cash,196.896,84.384,6.4
INV-2025-03319,06-01-2025,12:08,C,Chicago,Member,Female,Fashion Accessories,42.21,4,8.442,177.282,Unknown,118.188,50.652,5.8
INV-2025-02868,13-12-2025,13:53,A,New York,Member,Female,Food and Beverages,17,9,7.65,160.65,E-wallet,107.1,45.9,5.5
INV-2025-04057,13-07-2025,13:59,A,New York,Member,Male,Fashion Accessories,39.22,3,5.883,123.543,Cash,82.362,35.298,5.7
INV-2025-04778,05-09-2025,20:08,C,Chicago,Normal,Male,Home and Lifestyle,37.6,3,5.64,118.44,Cash,78.96,33.84,4.7
INV-2025-00982,17-07-2025,12:06,A,New York,Normal,Female,Home and Lifestyle,69.6,3,10.44,219.24,E-wallet,146.16,62.64,4.6
INV-2025-02493,13-02-2025,20:43,B,Los Angeles,Unknown,Female,Sports and Travel,32.12,2,3.212,67.452,Credit Card,44.968,19.272,6.4
INV-2025-03793,25-11-2025,16:10,B,Los Angeles,Member,Female,Sports and Travel,39.17,7,13.7095,287.8995,Credit Card,191.933,82.257,7.4
INV-2025-03549,17-12-2025,20:02,B,Los Angeles,Normal,Female,Fashion Accessories,73.47,7,25.7145,540.0045,Credit Card,360.003,154.287,6.7
INV-2025-02943,09-12-2025,12:43,A,New York,Normal,Female,Health and Beauty,49.63,3,7.4445,156.3345,Cash,104.223,44.667,5
INV-2025-03528,04-12-2025,15:27,A,New York,Normal,Female,Fashion Accessories,59.72,9,26.874,564.354,Cash,376.236,161.244,5.4
INV-2025-03846,19-05-2025,08:10,B,Los Angeles,Member,Female,Electronic Accessories,39.01,6,11.703,245.763,Credit Card,163.842,70.218,6.3
INV-2025-01458,17-02-2025,13:24,C,Chicago,Member,Female,Fashion Accessories,11.18,10,5.59,117.39,E-wallet,78.26,33.54,8.8
INV-2025-01396,07-03-2025,19:59,C,Chicago,Member,Male,Fashion Accessories,46.83,1,2.3415,49.1715,Cash,32.781,14.049,9.9
INV-2025-00265,05-08-2025,18:30,A,New York,Member,Male,Health and Beauty,25.67,5,6.4175,134.7675,Cash,89.845,38.505,8.6
INV-2025-00930,09-08-2025,10:45,C,Chicago,Member,Male,Food and Beverages,15.96,3,2.394,50.274,Credit Card,33.516,14.364,10
INV-2025-04872,31-03-2025,13:10,C,Chicago,Member,Female,Home and Lifestyle,33.94,4,6.788,142.548,E-wallet,95.032,40.728,6.6
INV-2025-02693,14-01-2025,12:22,B,Los Angeles,Member,Male,Food and Beverages,8.98,3,1.347,28.287,Cash,18.858,8.082,9.6
INV-2025-00247,23-08-2025,17:52,B,Los Angeles,Normal,Male,Fashion Accessories,18.71,2,1.871,39.291,Cash,26.194,11.226,4.7
INV-2025-03590,15-11-2025,13:34,B,Los Angeles,Member,Male,Fashion Accessories,48.96,9,22.032,462.672,Cash,308.448,132.192,7
INV-2025-01759,23-12-2025,20:30,B,Los Angeles,Normal,Male,Fashion Accessories,67.83,4,13.566,284.886,Credit Card,189.924,81.396,7.4
INV-2025-04866,21-04-2025,12:21,C,Chicago,Normal,Male,Health and Beauty,47.3,3,7.095,148.995,Credit Card,99.33,42.57,8.4
INV-2025-02811,14-10-2025,19:54,B,Los Angeles,Normal,Male,Food and Beverages,5.53,8,2.212,46.452,Credit Card,30.968,13.272,6.3
INV-2025-00924,25-02-2025,11:23,B,Los Angeles,Normal,Male,Electronic Accessories,38.99,9,17.5455,368.4555,Cash,245.637,105.273,5.3
INV-2025-02881,05-05-2025,18:20,B,Los Angeles,Normal,Male,Electronic Accessories,18.12,7,6.342,133.182,Cash,88.788,38.052,5.5
INV-2025-00269,14-01-2025,19:42,C,Chicago,Member,Male,Fashion Accessories,35.46,1,1.773,37.233,E-wallet,24.822,10.638,8.8
INV-2025-00670,11-12-2025,15:14,C,Chicago,Member,Female,Home and Lifestyle,72.25,7,25.2875,531.0375,Cash,354.025,151.725,9.1
INV-2025-04476,12-08-2025,18:02,C,Chicago,Member,Male,Home and Lifestyle,73.6,4,14.72,309.12,E-wallet,206.08,88.32,6.4
INV-2025-01911,23-08-2025,10:25,A,New York,Normal,Male,Health and Beauty,51.99,3,7.7985,163.7685,Cash,109.179,46.791,9
INV-2025-02986,07-05-2025,12:29,A,New York,Member,Female,Food and Beverages,20.83,1,1.0415,21.8715,Credit Card,14.581,6.249,9.2
INV-2025-01153,16-08-2025,11:54,C,Chicago,Member,Male,Fashion Accessories,35.35,7,12.3725,259.8225,Cash,173.215,74.235,9.1
INV-2025-04818,05-01-2025,18:46,C,Chicago,Normal,Female,Food and Beverages,16.73,4,3.346,70.266,Credit Card,46.844,20.076,8.8
INV-2025-03456,07-09-2025,11:37,B,Los Angeles,Member,Male,Home and Lifestyle,64.69,3,9.7035,203.7735,Credit Card,135.849,58.221,9.9
INV-2025-04242,15-09-2025,13:58,C,Chicago,Normal,Female,Sports and Travel,25.8,9,11.61,243.81,Credit Card,162.54,69.66,7.6
INV-2025-04550,14-01-2025,14:30,B,Los Angeles,Normal,Male,Health and Beauty,20.48,7,7.168,150.528,E-wallet,100.352,43.008,5.8
INV-2025-02173,08-11-2025,10:30,B,Los Angeles,Normal,Female,Health and Beauty,34.17,4,6.834,143.514,E-wallet,95.676,41.004,5
INV-2025-04516,03-03-2025,21:18,B,Los Angeles,Member,Male,Electronic Accessories,66.43,7,23.2505,488.2605,E-wallet,325.507,139.503,9.9
INV-2025-01916,09-04-2025,19:34,B,Los Angeles,Normal,Female,Sports and Travel,51.93,1,2.5965,54.5265,Credit Card,36.351,15.579,6.9
INV-2025-00613,30-12-2025,16:58,A,New York,Member,Female,Home and Lifestyle,58.77,1,2.9385,61.7085,E-wallet,41.139,17.631,5.8
INV-2025-02407,04-10-2025,17:31,C,Chicago,Normal,Male,Sports and Travel,25.52,6,7.656,160.776,Credit Card,107.184,45.936,5.5
INV-2025-04206,25-09-2025,11:45,B,Los Angeles,Member,Male,Electronic Accessories,86.06,7,30.121,632.541,Cash,421.694,180.726,5.8
INV-2025-01899,18-09-2025,18:14,A,New York,Member,Male,Food and Beverages,12.97,1,0.6485,13.6185,Credit Card,9.079,3.891,9.4
INV-2025-01650,10-05-2025,09:47,B,Los Angeles,Normal,Male,Fashion Accessories,46.59,5,11.6475,244.5975,Credit Card,163.065,69.885,5.9
INV-2025-02608,26-12-2025,18:40,A,New York,Normal,Male,Fashion Accessories,18.03,9,8.1135,170.3835,Cash,113.589,48.681,8.9
INV-2025-00259,21-08-2025,20:20,B,Los Angeles,Normal,Male,Fashion Accessories,73.19,6,21.957,461.097,E-wallet,307.398,131.742,8.8
INV-2025-00848,14-12-2025,19:54,A,New York,Normal,Female,Fashion Accessories,64.71,1,3.2355,67.9455,Cash,45.297,19.413,9.8
INV-2025-04252,19-06-2025,17:45,A,New York,Normal,Male,Sports and Travel,46.58,8,18.632,391.272,Cash,260.848,111.792,8.2
INV-2025-01234,07-09-2025,18:14,B,Los Angeles,Member,Female,Electronic Accessories,88.9,8,35.56,746.76,E-wallet,497.84,213.36,9.8
INV-2025-01128,12-11-2025,15:36,B,Los Angeles,Normal,Female,Electronic Accessories,36.47,6,10.941,229.761,Credit Card,153.174,65.646,6.9
INV-2025-01968,27-02-2025,20:22,A,New York,Normal,Female,Health and Beauty,19.31,3,2.8965,60.8265,Credit Card,40.551,17.379,6.1
INV-2025-00559,03-04-2025,13:00,B,Los Angeles,Normal,Male,Sports and Travel,30.86,2,3.086,64.806,Credit Card,43.204,18.516,6.1
INV-2025-03906,07-08-2025,15:23,A,New York,Normal,Male,Health and Beauty,43.29,8,17.316,363.636,E-wallet,242.424,103.896,5.9
INV-2025-00485,28-05-2025,09:44,C,Chicago,Member,Female,Health and Beauty,26.59,9,11.9655,251.2755,Cash,167.517,71.793,7.3
INV-2025-01321,30-08-2025,11:21,A,New York,Member,Male,Home and Lifestyle,78.08,9,35.136,737.856,Unknown,491.904,210.816,5.1
INV-2025-03405,29-05-2025,18:46,B,Los Angeles,Member,Male,Sports and Travel,55.35,4,11.07,232.47,Credit Card,154.98,66.42,5.5
INV-2025-00008,13-10-2025,12:20,C,Chicago,Normal,Male,Health and Beauty,50.25,7,17.5875,369.3375,Cash,246.225,105.525,5.3
INV-2025-03280,10-03-2025,10:40,C,Chicago,Member,Male,Health and Beauty,55.63,3,8.3445,175.2345,Cash,116.823,50.067,4.6
INV-2025-03190,02-11-2025,15:02,A,New York,Member,Female,Home and Lifestyle,82.49,10,41.245,866.145,E-wallet,577.43,247.47,7.3
INV-2025-01451,24-10-2025,12:16,A,New York,Member,Male,Sports and Travel,39.34,1,1.967,41.307,Credit Card,27.538,11.802,9.8
INV-2025-03981,14-07-2025,18:40,B,Los Angeles,Normal,Male,Health and Beauty,42.24,3,6.336,133.056,Credit Card,88.704,38.016,5.8
INV-2025-01815,20-01-2025,11:31,A,New York,Member,Female,Fashion Accessories,64.95,9,29.2275,613.7775,Cash,409.185,175.365,9.8
INV-2025-00774,23-09-2025,13:37,A,New York,Member,Female,Sports and Travel,52.07,7,18.2245,382.7145,Credit Card,255.143,109.347,8.8
INV-2025-01012,23-02-2025,15:53,B,Los Angeles,Member,Male,Home and Lifestyle,48.32,3,7.248,152.208,E-wallet,101.472,43.488,9.1
INV-2025-02819,12-02-2025,19:27,A,New York,Member,Female,Electronic Accessories,62.76,5,15.69,329.49,E-wallet,219.66,94.14,8.5
INV-2025-03276,25-03-2025,08:11,C,Chicago,Normal,Female,Fashion Accessories,26.29,7,9.2015,193.2315,Credit Card,128.821,55.209,8.2
INV-2025-01992,28-04-2025,13:17,B,Los Angeles,Member,Male,Food and Beverages,5.63,4,1.126,23.646,Credit Card,15.764,6.756,7.2
INV-2025-01278,12-05-2025,20:45,C,Chicago,Member,Female,Home and Lifestyle,79.89,5,19.9725,419.4225,Cash,279.615,119.835,4.7
INV-2025-01784,08-01-2025,15:23,B,Los Angeles,Normal,Female,Sports and Travel,52.63,1,2.6315,55.2615,Credit Card,36.841,15.789,8.2
INV-2025-03106,09-09-2025,17:36,C,Chicago,Normal,Male,Food and Beverages,4.51,1,0.2255,4.7355,E-wallet,3.157,1.353,8.8
INV-2025-00447,01-01-2025,15:48,C,Chicago,Member,Female,Food and Beverages,2.19,8,0.876,18.396,E-wallet,12.264,5.256,6.9
INV-2025-00881,26-06-2025,15:49,B,Los Angeles,Member,Female,Sports and Travel,83.59,1,4.1795,87.7695,Unknown,58.513,25.077,5.7
INV-2025-04460,26-04-2025,11:26,B,Los Angeles,Member,Male,Home and Lifestyle,80.79,4,16.158,339.318,Credit Card,226.212,96.948,6.1
INV-2025-00782,01-07-2025,13:26,B,Los Angeles,Normal,Female,Home and Lifestyle,61.09,10,30.545,641.445,E-wallet,427.63,183.27,9.5
INV-2025-01750,06-01-2025,11:26,C,Chicago,Normal,Male,Health and Beauty,25.98,6,7.794,163.674,Cash,109.116,46.764,8.3
INV-2025-03389,15-08-2025,16:43,B,Los Angeles,Normal,Female,Food and Beverages,13.75,6,4.125,86.625,Credit Card,57.75,24.75,6.7
INV-2025-04882,04-08-2025,19:47,C,Chicago,Member,Male,Food and Beverages,6.83,7,2.3905,50.2005,Cash,33.467,14.343,8.5
INV-2025-00884,30-10-2025,17:09,A,New York,Member,Male,Home and Lifestyle,89.33,3,13.3995,281.3895,Credit Card,187.593,80.397,7.7
INV-2025-02945,05-10-2025,18:49,A,New York,Member,Female,Fashion Accessories,34.62,1,1.731,36.351,Credit Card,24.234,10.386,4.9
INV-2025-01092,13-01-2025,14:14,B,Los Angeles,Member,Male,Fashion Accessories,30.19,3,4.5285,95.0985,E-wallet,63.399,27.171,9.9
INV-2025-04784,24-05-2025,19:49,C,Chicago,Normal,Male,Food and Beverages,14.04,9,6.318,132.678,Credit Card,88.452,37.908,8.1
INV-2025-00532,26-11-2025,18:29,B,Los Angeles,Normal,Male,Food and Beverages,7.94,6,2.382,50.022,Credit Card,33.348,14.292,8.2
INV-2025-04023,14-10-2025,16:09,B,Los Angeles,Normal,Male,Health and Beauty,52.5,3,7.875,165.375,Unknown,110.25,47.25,8.4
INV-2025-04422,15-02-2025,13:40,C,Chicago,Member,Female,Health and Beauty,33.74,4,6.748,141.708,Credit Card,94.472,40.488,9.5
INV-2025-04099,23-11-2025,11:04,A,New York,Member,Male,Health and Beauty,58.61,9,26.3745,553.8645,Cash,369.243,158.247,5.5
INV-2025-01728,17-05-2025,12:09,B,Los Angeles,Member,Male,Sports and Travel,28.2,5,7.05,148.05,Credit Card,98.7,42.3,6.2
INV-2025-00611,15-08-2025,13:51,C,Chicago,Normal,Female,Electronic Accessories,86.02,10,43.01,903.21,Cash,602.14,258.06,5.2
INV-2025-00571,23-06-2025,10:50,C,Chicago,Member,Male,Fashion Accessories,53.38,8,21.352,448.392,E-wallet,298.928,128.112,9.2
INV-2025-02672,20-06-2025,19:55,A,New York,Normal,Female,Sports and Travel,82.83,5,20.7075,434.8575,Credit Card,289.905,124.245,6.2
INV-2025-03719,28-11-2025,18:46,C,Chicago,Normal,Female,Food and Beverages,4.53,10,2.265,47.565,Cash,31.71,13.59,8.4
INV-2025-00344,22-06-2025,14:43,C,Chicago,Member,Female,Home and Lifestyle,72.51,3,10.8765,228.4065,E-wallet,152.271,65.259,9.5
INV-2025-03001,04-01-2025,19:05,B,Los Angeles,Member,Male,Electronic Accessories,57.21,3,8.5815,180.2115,E-wallet,120.141,51.489,9.8
INV-2025-03140,09-05-2025,19:45,B,Los Angeles,Member,Male,Home and Lifestyle,88.69,8,35.476,744.996,Cash,496.664,212.856,8
INV-2025-00435,11-04-2025,11:47,A,New York,Normal,Male,Sports and Travel,54.98,9,24.741,519.561,Credit Card,346.374,148.446,5.9
INV-2025-01904,18-02-2025,11:28,A,New York,Normal,Male,Home and Lifestyle,42.83,10,21.415,449.715,Cash,299.81,128.49,6.6
INV-2025-03805,26-09-2025,15:31,C,Chicago,Member,Female,Food and Beverages,16.99,9,7.6455,160.5555,Cash,107.037,45.873,8.2
INV-2025-04777,21-03-2025,10:38,A,New York,Normal,Female,Home and Lifestyle,38.24,4,7.648,160.608,Credit Card,107.072,45.888,6.9
INV-2025-02070,10-11-2025,19:35,A,New York,Normal,Male,Fashion Accessories,49.31,3,7.3965,155.3265,Credit Card,103.551,44.379,4.9
INV-2025-01538,27-01-2025,19:32,B,Los Angeles,Member,Male,Sports and Travel,62.58,8,25.032,525.672,Credit Card,350.448,150.192,7.4
INV-2025-02253,24-05-2025,12:26,C,Chicago,Member,Male,Health and Beauty,52.47,8,20.988,440.748,Cash,293.832,125.928,4
INV-2025-02347,17-09-2025,16:38,A,New York,Member,Female,Health and Beauty,39.54,6,11.862,249.102,Credit Card,166.068,71.172,6.1
INV-2025-01518,07-06-2025,14:10,A,New York,Normal,Male,Home and Lifestyle,70.56,9,31.752,666.792,Credit Card,444.528,190.512,4.6
INV-2025-00966,24-05-2025,20:06,B,Los Angeles,Normal,Female,Electronic Accessories,82.5,8,33,693,Credit Card,462,198,6.7
INV-2025-04407,25-08-2025,18:05,B,Los Angeles,Normal,Female,Sports and Travel,66.83,8,26.732,561.372,Cash,374.248,160.392,8.9
INV-2025-00529,21-10-2025,12:04,A,New York,Normal,Female,Health and Beauty,16.5,8,6.6,138.6,E-wallet,92.4,39.6,4.3
INV-2025-00177,03-06-2025,15:01,B,Los Angeles,Normal,Female,Food and Beverages,9.08,1,0.454,9.534,Credit Card,6.356,2.724,5.6
INV-2025-03483,29-05-2025,12:57,C,Chicago,Member,Female,Sports and Travel,65.78,2,6.578,138.138,Credit Card,92.092,39.468,4.5
INV-2025-02544,16-01-2025,11:17,A,New York,Normal,Female,Health and Beauty,44.89,5,11.2225,235.6725,Credit Card,157.115,67.335,6.1
INV-2025-04936,23-12-2025,13:45,A,New York,Member,Male,Fashion Accessories,47.78,3,7.167,150.507,Credit Card,100.338,43.002,9.2
INV-2025-00573,05-05-2025,18:08,A,New York,Normal,Female,Health and Beauty,32.81,3,4.9215,103.3515,E-wallet,68.901,29.529,4.4
INV-2025-02300,23-12-2025,16:15,A,New York,Member,Male,Home and Lifestyle,26.45,2,2.645,55.545,Cash,37.03,15.87,6.6
INV-2025-03509,25-07-2025,12:55,B,Los Angeles,Member,Male,Electronic Accessories,45.98,1,2.299,48.279,Cash,32.186,13.794,5.6
INV-2025-02460,23-11-2025,12:28,B,Los Angeles,Normal,Female,Fashion Accessories,40.1,1,2.005,42.105,Credit Card,28.07,12.03,7.9
INV-2025-03610,12-06-2025,20:24,B,Los Angeles,Member,Male,Health and Beauty,20.06,1,1.003,21.063,Credit Card,14.042,6.018,4.8
INV-2025-04555,21-04-2025,13:23,B,Los Angeles,Normal,Male,Sports and Travel,77.49,10,38.745,813.645,Credit Card,542.43,232.47,8.1
INV-2025-02209,15-02-2025,16:15,C,Chicago,Normal,Male,Food and Beverages,6.27,1,0.3135,6.5835,Credit Card,4.389,1.881,6.6
INV-2025-04721,04-04-2025,09:00,B,Los Angeles,Member,Female,Fashion Accessories,30.16,5,7.54,158.34,Credit Card,105.56,45.24,5.9
INV-2025-02756,14-02-2025,11:14,B,Los Angeles,Normal,Female,Food and Beverages,3.73,2,0.373,7.833,E-wallet,5.222,2.238,8.9
INV-2025-00384,23-02-2025,12:53,C,Chicago,Normal,Female,Fashion Accessories,63.09,2,6.309,132.489,Credit Card,88.326,37.854,4.9
INV-2025-00853,02-06-2025,16:06,A,New York,Normal,Male,Sports and Travel,73.77,1,3.6885,77.4585,Credit Card,51.639,22.131,8.9
INV-2025-01881,03-04-2025,10:24,A,New York,Normal,Male,Fashion Accessories,53.47,6,16.041,336.861,Cash,224.574,96.246,5.2
INV-2025-00371,15-06-2025,18:48,B,Los Angeles,Member,Female,Fashion Accessories,58.61,9,26.3745,553.8645,Cash,369.243,158.247,9.1
INV-2025-02379,27-11-2025,09:45,B,Los Angeles,Member,Male,Sports and Travel,33.77,6,10.131,212.751,Credit Card,141.834,60.786,8.3
INV-2025-04324,05-09-2025,10:34,B,Los Angeles,Normal,Male,Health and Beauty,13.38,1,0.669,14.049,E-wallet,9.366,4.014,8.5
INV-2025-01106,29-04-2025,21:05,C,Chicago,Normal,Male,Electronic Accessories,55.41,1,2.7705,58.1805,Credit Card,38.787,16.623,9.4
INV-2025-03414,28-08-2025,13:47,A,New York,Member,Female,Health and Beauty,44.35,9,19.9575,419.1075,Credit Card,279.405,119.745,4.2
INV-2025-03947,20-05-2025,20:22,A,New York,Member,Male,Health and Beauty,12.01,5,3.0025,63.0525,Cash,42.035,18.015,5.8
INV-2025-01337,17-02-2025,18:22,A,New York,Member,Male,Sports and Travel,49.03,1,2.4515,51.4815,Credit Card,34.321,14.709,7.9
INV-2025-02190,23-10-2025,14:00,B,Los Angeles,Normal,Male,Fashion Accessories,34.98,9,15.741,330.561,Unknown,220.374,94.446,4.8
INV-2025-04595,29-06-2025,18:57,C,Chicago,Member,Male,Home and Lifestyle,43.77,2,4.377,91.917,Credit Card,61.278,26.262,7.6
INV-2025-02320,19-04-2025,20:18,B,Los Angeles,Member,Female,Electronic Accessories,71.84,1,3.592,75.432,Credit Card,50.288,21.552,4.6
INV-2025-04706,06-05-2025,19:54,B,Los Angeles,Member,Female,Fashion Accessories,66.32,6,19.896,417.816,Cash,278.544,119.376,9.5
INV-2025-03711,24-12-2025,16:27,B,Los Angeles,Normal,Female,Food and Beverages,11.13,3,1.6695,35.0595,E-wallet,23.373,10.017,5.5
INV-2025-04849,09-03-2025,19:33,B,Los Angeles,Normal,Female,Home and Lifestyle,73.93,6,22.179,465.759,Credit Card,310.506,133.074,9.4
INV-2025-01172,16-07-2025,12:14,A,New York,Member,Female,Electronic Accessories,64.66,5,16.165,339.465,Credit Card,226.31,96.99,7.1
INV-2025-04326,12-02-2025,21:49,C,Chicago,Member,Female,Home and Lifestyle,53.84,1,2.692,56.532,Credit Card,37.688,16.152,7.4
INV-2025-02695,17-07-2025,16:07,C,Chicago,Member,Female,Sports and Travel,52.89,7,18.5115,388.7415,E-wallet,259.161,111.069,4.1
INV-2025-01423,07-09-2025,14:32,A,New York,Normal,Male,Electronic Accessories,94.3,7,33.005,693.105,Credit Card,462.07,198.03,8.3
INV-2025-02342,11-10-2025,19:05,A,New York,Normal,Female,Food and Beverages,24.32,7,8.512,178.752,Cash,119.168,51.072,7.5
INV-2025-02652,28-08-2025,20:21,B,Los Angeles,Member,Female,Home and Lifestyle,65.37,8,26.148,549.108,Credit Card,366.072,156.888,6.4
INV-2025-04156,25-04-2025,14:00,B,Los Angeles,Member,Female,Home and Lifestyle,70.43,1,3.5215,73.9515,E-wallet,49.301,21.129,5.8
INV-2025-01465,29-01-2025,20:42,C,Chicago,Member,Female,Sports and Travel,84.96,5,21.24,446.04,Credit Card,297.36,127.44,6.5
INV-2025-00875,07-09-2025,10:00,B,Los Angeles,Member,Female,Health and Beauty,10.26,3,1.539,32.319,Credit Card,21.546,9.234,4.1
INV-2025-03340,17-10-2025,21:55,B,Los Angeles,Normal,Male,Electronic Accessories,69.32,1,3.466,72.786,Cash,48.524,20.796,9.8
INV-2025-04341,31-03-2025,21:14,B,Los Angeles,Normal,Male,Fashion Accessories,69.67,9,31.3515,658.3815,E-wallet,438.921,188.109,9.1
INV-2025-01252,26-12-2025,17:35,C,Chicago,Member,Female,Food and Beverages,21.24,8,8.496,178.416,Credit Card,118.944,50.976,7
INV-2025-02349,22-08-2025,11:25,A,New York,Normal,Female,Home and Lifestyle,21.81,7,7.6335,160.3035,E-wallet,106.869,45.801,6.9
INV-2025-00841,03-10-2025,19:20,A,New York,Normal,Male,Sports and Travel,65.8,3,9.87,207.27,Credit Card,138.18,59.22,4.9
INV-2025-04569,24-06-2025,20:52,B,Los Angeles,Normal,Female,Health and Beauty,41.2,5,10.3,216.3,Cash,144.2,61.8,5.8
INV-2025-00582,03-10-2025,12:50,A,New York,Member,Male,Electronic Accessories,76.32,10,38.16,801.36,Credit Card,534.24,228.96,6.5
INV-2025-00205,22-10-2025,13:38,C,Chicago,Normal,Male,Home and Lifestyle,81.34,9,36.603,768.663,Cash,512.442,219.618,5.8
INV-2025-01642,24-07-2025,13:05,B,Los Angeles,Member,Male,Food and Beverages,2.3,2,0.23,4.83,E-wallet,3.22,1.38,8
INV-2025-02015,04-08-2025,10:26,B,Los Angeles,Member,Female,Health and Beauty,47.47,3,7.1205,149.5305,E-wallet,99.687,42.723,8
INV-2025-00906,21-12-2025,13:34,A,New York,Normal,Male,Food and Beverages,8.82,9,3.969,83.349,E-wallet,55.566,23.814,6.5
INV-2025-00632,14-12-2025,14:00,C,Chicago,Member,Male,Sports and Travel,51.28,2,5.128,107.688,Cash,71.792,30.768,6.4
INV-2025-03365,30-03-2025,14:12,C,Chicago,Member,Female,Fashion Accessories,57.31,3,8.5965,180.5265,Credit Card,120.351,51.579,4.6
INV-2025-01975,19-01-2025,12:24,B,Los Angeles,Unknown,Female,Electronic Accessories,19.27,1,0.9635,20.2335,Cash,13.489,5.781,6.4
INV-2025-00163,15-09-2025,20:03,C,Chicago,Member,Female,Electronic Accessories,28.77,4,5.754,120.834,Credit Card,80.556,34.524,9.6
INV-2025-03173,11-06-2025,21:37,A,New York,Member,Male,Fashion Accessories,12.19,6,3.657,76.797,Credit Card,51.198,21.942,9.1
INV-2025-03613,10-06-2025,16:39,B,Los Angeles,Normal,Male,Fashion Accessories,54.41,3,8.1615,171.3915,Cash,114.261,48.969,7.3
INV-2025-04676,04-06-2025,11:51,B,Los Angeles,Normal,Male,Fashion Accessories,53.81,1,2.6905,56.5005,Credit Card,37.667,16.143,7.2
INV-2025-00618,02-07-2025,10:18,B,Los Angeles,Normal,Male,Fashion Accessories,21.91,2,2.191,46.011,Credit Card,30.674,13.146,5
INV-2025-04069,01-03-2025,17:44,B,Los Angeles,Normal,Female,Home and Lifestyle,64.18,6,19.254,404.334,E-wallet,269.556,115.524,8
INV-2025-01432,30-01-2025,14:52,B,Los Angeles,Member,Male,Home and Lifestyle,85.63,2,8.563,179.823,Credit Card,119.882,51.378,6.9
INV-2025-00548,24-05-2025,15:05,B,Los Angeles,Normal,Male,Sports and Travel,62.84,2,6.284,131.964,Credit Card,87.976,37.704,7.2
INV-2025-03335,04-02-2025,21:50,A,New York,Member,Female,Home and Lifestyle,66.81,9,30.0645,631.3545,Credit Card,420.903,180.387,9.4
INV-2025-04547,11-06-2025,21:38,B,Los Angeles,Normal,Male,Food and Beverages,6.35,2,0.635,13.335,Cash,8.89,3.81,6.6
INV-2025-04224,12-11-2025,10:42,C,Chicago,Member,Female,Home and Lifestyle,67.83,2,6.783,142.443,E-wallet,94.962,40.698,5.6
INV-2025-02388,26-05-2025,17:23,B,Los Angeles,Normal,Male,Health and Beauty,24.3,3,3.645,76.545,Credit Card,51.03,21.87,5.2
INV-2025-04244,04-09-2025,16:11,B,Los Angeles,Normal,Female,Food and Beverages,16.58,10,8.29,174.09,Credit Card,116.06,49.74,6
INV-2025-03996,09-07-2025,14:53,A,New York,Normal,Male,Sports and Travel,28.45,1,1.4225,29.8725,Credit Card,19.915,8.535,8.3
INV-2025-04066,01-11-2025,17:46,A,New York,Member,Male,Sports and Travel,83.56,3,12.534,263.214,Credit Card,175.476,75.204,8.3
INV-2025-01862,09-03-2025,10:34,A,New York,Member,Male,Health and Beauty,32.71,3,4.9065,103.0365,E-wallet,68.691,29.439,8
INV-2025-00641,11-09-2025,16:24,B,Los Angeles,Member,Female,Home and Lifestyle,24.3,10,12.15,255.15,Cash,170.1,72.9,9
INV-2025-03903,17-12-2025,10:30,B,Los Angeles,Normal,Female,Sports and Travel,69.86,1,3.493,73.353,Cash,48.902,20.958,8.8
INV-2025-00638,25-06-2025,19:34,B,Los Angeles,Normal,Male,Sports and Travel,77.81,2,7.781,163.401,Credit Card,108.934,46.686,5.9
INV-2025-04263,26-07-2025,14:23,B,Los Angeles,Member,Female,Electronic Accessories,68.94,9,31.023,651.483,Cash,434.322,186.138,4.1
INV-2025-03911,22-11-2025,19:50,B,Los Angeles,Normal,Male,Food and Beverages,24.47,1,1.2235,25.6935,Credit Card,17.129,7.341,8.8
INV-2025-02987,03-02-2025,13:03,B,Los Angeles,Member,Male,Electronic Accessories,40.35,1,2.0175,42.3675,E-wallet,28.245,12.105,6.4
INV-2025-02097,04-04-2025,13:50,B,Los Angeles,Normal,Male,Home and Lifestyle,51.31,9,23.0895,484.8795,Credit Card,323.253,138.537,7.5
INV-2025-04612,04-06-2025,13:32,B,Los Angeles,Normal,Female,Fashion Accessories,47.75,4,9.55,200.55,Credit Card,133.7,57.3,8.9
INV-2025-03076,05-12-2025,15:30,A,New York,Member,Female,Food and Beverages,23.8,10,11.9,249.9,E-wallet,166.6,71.4,8.2
INV-2025-03675,03-07-2025,12:23,A,New York,Normal,Female,Health and Beauty,36.1,9,16.245,341.145,E-wallet,227.43,97.47,5.1
INV-2025-02842,02-02-2025,17:54,A,New York,Member,Female,Home and Lifestyle,78.07,2,7.807,163.947,Credit Card,109.298,46.842,8.3
INV-2025-00922,13-07-2025,21:08,C,Chicago,Member,Male,Electronic Accessories,48.34,9,21.753,456.813,Credit Card,304.542,130.518,4.5
INV-2025-00547,18-10-2025,15:23,A,New York,Member,Male,Electronic Accessories,77.07,9,34.6815,728.3115,E-wallet,485.541,208.089,9.9
INV-2025-03667,24-02-2025,18:30,A,New York,Normal,Male,Health and Beauty,20.02,5,5.005,105.105,Credit Card,70.07,30.03,7.2
INV-2025-01901,17-05-2025,12:04,B,Los Angeles,Member,Female,Sports and Travel,32.01,9,14.4045,302.4945,Credit Card,201.663,86.427,6.1
INV-2025-02029,01-03-2025,12:48,B,Los Angeles,Normal,Female,Fashion Accessories,46.06,1,2.303,48.363,E-wallet,32.242,13.818,4.6
INV-2025-02302,27-07-2025,17:20,B,Los Angeles,Member,Female,Health and Beauty,30.33,9,13.6485,286.6185,Credit Card,191.079,81.891,4
INV-2025-01886,22-01-2025,19:11,B,Los Angeles,Unknown,Female,Sports and Travel,63.3,8,25.32,531.72,Cash,354.48,151.92,5.9
INV-2025-01643,18-08-2025,11:37,A,New York,Normal,Female,Fashion Accessories,13.95,2,1.395,29.295,Cash,19.53,8.37,4.3
INV-2025-03510,05-07-2025,19:07,C,Chicago,Normal,Female,Electronic Accessories,38.03,5,9.5075,199.6575,E-wallet,133.105,57.045,4.5
INV-2025-04810,13-12-2025,18:13,C,Chicago,Member,Male,Fashion Accessories,44.1,9,19.845,416.745,Cash,277.83,119.07,8.8
INV-2025-02098,09-05-2025,19:41,A,New York,Normal,Male,Electronic Accessories,35.88,5,8.97,188.37,Cash,125.58,53.82,7.4
INV-2025-04358,04-06-2025,11:40,A,New York,Member,Male,Fashion Accessories,29.62,8,11.848,248.808,Cash,165.872,71.088,8.3
INV-2025-03789,19-06-2025,12:14,A,New York,Normal,Female,Home and Lifestyle,72.06,7,25.221,529.641,E-wallet,353.094,151.326,5.2
INV-2025-04495,17-02-2025,14:17,B,Los Angeles,Normal,Male,Health and Beauty,48.34,7,16.919,355.299,Credit Card,236.866,101.514,6.2
INV-2025-04968,22-10-2025,14:05,C,Chicago,Member,Male,Electronic Accessories,94.71,4,18.942,397.782,Credit Card,265.188,113.652,5.9
INV-2025-00837,04-11-2025,10:21,B,Los Angeles,Normal,Female,Fashion Accessories,51.74,9,23.283,488.943,E-wallet,325.962,139.698,6.6
INV-2025-00602,25-01-2025,11:18,B,Los Angeles,Member,Male,Fashion Accessories,44.8,3,6.72,141.12,E-wallet,94.08,40.32,9
INV-2025-02185,19-02-2025,13:17,B,Los Angeles,Normal,Female,Electronic Accessories,83.03,4,16.606,348.726,Cash,232.484,99.636,4.7
INV-2025-03866,03-08-2025,16:48,B,Los Angeles,Normal,Male,Health and Beauty,24.55,8,9.82,206.22,E-wallet,137.48,58.92,6.8
INV-2025-02482,10-02-2025,15:57,C,Chicago,Member,Female,Home and Lifestyle,72.91,4,14.582,306.222,Credit Card,204.148,87.492,8.2
INV-2025-04308,02-10-2025,19:08,B,Los Angeles,Member,Female,Fashion Accessories,70.7,5,17.675,371.175,Credit Card,247.45,106.05,6.1
INV-2025-01583,04-07-2025,18:24,B,Los Angeles,Normal,Female,Food and Beverages,2.88,2,0.288,6.048,Cash,4.032,1.728,9.4
INV-2025-04267,21-12-2025,11:18,B,Los Angeles,Member,Female,Fashion Accessories,48.34,9,21.753,456.813,Cash,304.542,130.518,5.3
INV-2025-02534,05-04-2025,13:56,C,Chicago,Normal,Female,Sports and Travel,77.06,3,11.559,242.739,E-wallet,161.826,69.354,4.6
INV-2025-02726,01-11-2025,11:08,B,Los Angeles,Member,Female,Food and Beverages,18.18,10,9.09,190.89,Credit Card,127.26,54.54,4
INV-2025-01071,21-01-2025,20:34,B,Los Angeles,Member,Female,Health and Beauty,28.48,5,7.12,149.52,E-wallet,99.68,42.72,7.4
INV-2025-01776,31-01-2025,12:17,A,New York,Normal,Male,Fashion Accessories,18.56,9,8.352,175.392,Credit Card,116.928,50.112,4.4
INV-2025-04809,17-10-2025,17:11,C,Chicago,Member,Female,Home and Lifestyle,76.82,5,19.205,403.305,Cash,268.87,115.23,6.1
INV-2025-01284,12-06-2025,10:43,A,New York,Member,Male,Food and Beverages,18.57,6,5.571,116.991,Credit Card,77.994,33.426,4.9
INV-2025-03051,25-07-2025,12:43,B,Los Angeles,Unknown,Female,Electronic Accessories,65.71,5,16.4275,344.9775,Credit Card,229.985,98.565,9.5
INV-2025-04754,28-03-2025,18:22,C,Chicago,Normal,Male,Food and Beverages,19.54,5,4.885,102.585,Credit Card,68.39,29.31,7.5
INV-2025-01837,17-07-2025,21:36,B,Los Angeles,Member,Female,Sports and Travel,29.74,10,14.87,312.27,Credit Card,208.18,89.22,4.8
INV-2025-04243,08-01-2025,15:26,C,Chicago,Normal,Male,Health and Beauty,26.93,1,1.3465,28.2765,Cash,18.851,8.079,4.5
INV-2025-01020,13-11-2025,19:04,A,New York,Normal,Male,Electronic Accessories,23.21,2,2.321,48.741,Credit Card,32.494,13.926,8.1
INV-2025-04134,16-06-2025,12:52,A,New York,Normal,Male,Health and Beauty,50.62,4,10.124,212.604,E-wallet,141.736,60.744,8.8
INV-2025-01327,31-10-2025,17:52,C,Chicago,Member,Female,Health and Beauty,25.67,2,2.567,53.907,Credit Card,35.938,15.402,4.9
INV-2025-00476,30-03-2025,15:57,B,Los Angeles,Normal,Male,Food and Beverages,16.77,1,0.8385,17.6085,Credit Card,11.739,5.031,7.5
INV-2025-04272,23-02-2025,11:47,B,Los Angeles,Normal,Male,Sports and Travel,61.75,3,9.2625,194.5125,Cash,129.675,55.575,8.5
INV-2025-01652,03-11-2025,19:59,C,Chicago,Normal,Female,Fashion Accessories,24.54,2,2.454,51.534,Cash,34.356,14.724,7.5
INV-2025-03999,21-11-2025,17:05,C,Chicago,Normal,Male,Fashion Accessories,67.27,5,16.8175,353.1675,Credit Card,235.445,100.905,6.5
INV-2025-04468,09-01-2025,18:26,A,New York,Normal,Male,Electronic Accessories,21.24,8,8.496,178.416,Cash,118.944,50.976,9.1
INV-2025-02611,19-10-2025,12:42,C,Chicago,Normal,Female,Sports and Travel,32.77,3,4.9155,103.2255,Credit Card,68.817,29.493,6.7
INV-2025-02477,03-12-2025,12:35,A,New York,Member,Male,Health and Beauty,16.96,8,6.784,142.464,Credit Card,94.976,40.704,8.6
INV-2025-02584,07-06-2025,16:48,B,Los Angeles,Unknown,Male,Health and Beauty,40,10,20,420,Credit Card,280,120,7.5
INV-2025-01374,10-09-2025,12:28,C,Chicago,Normal,Male,Health and Beauty,18.22,3,2.733,57.393,Credit Card,38.262,16.398,9.7
INV-2025-00740,24-01-2025,11:34,B,Los Angeles,Member,Female,Fashion Accessories,17.99,3,2.6985,56.6685,Credit Card,37.779,16.191,10
INV-2025-03619,01-08-2025,10:28,C,Chicago,Member,Female,Sports and Travel,29.29,3,4.3935,92.2635,E-wallet,61.509,26.361,8.7
INV-2025-02441,30-11-2025,12:03,C,Chicago,Normal,Male,Electronic Accessories,42.22,7,14.777,310.317,E-wallet,206.878,88.662,9.5
INV-2025-00868,15-09-2025,13:27,B,Los Angeles,Normal,Male,Home and Lifestyle,64.49,2,6.449,135.429,E-wallet,90.286,38.694,6.4
INV-2025-01141,06-07-2025,11:11,C,Chicago,Member,Female,Fashion Accessories,15.2,1,0.76,15.96,Credit Card,10.64,4.56,9.6
INV-2025-00998,02-08-2025,20:17,A,New York,Member,Female,Food and Beverages,4.83,8,1.932,40.572,Credit Card,27.048,11.592,8.8
INV-2025-01338,22-07-2025,18:35,C,Chicago,Normal,Female,Electronic Accessories,24.8,5,6.2,130.2,Cash,86.8,37.2,4.3
INV-2025-00542,03-07-2025,11:18,C,Chicago,Member,Female,Fashion Accessories,30.68,7,10.738,225.498,Credit Card,150.332,64.428,6.6
INV-2025-01100,10-07-2025,15:16,B,Los Angeles,Member,Female,Fashion Accessories,56.81,3,8.5215,178.9515,Cash,119.301,51.129,8.3
INV-2025-01133,11-07-2025,08:10,A,New York,Member,Female,Fashion Accessories,23.81,8,9.524,200.004,Credit Card,133.336,57.144,9
INV-2025-04065,13-04-2025,18:18,C,Chicago,Normal,Male,Sports and Travel,65.12,7,22.792,478.632,E-wallet,319.088,136.752,5.6
INV-2025-02716,28-03-2025,11:56,A,New York,Member,Male,Food and Beverages,24.28,6,7.284,152.964,Credit Card,101.976,43.704,9.8
INV-2025-02259,17-08-2025,16:45,A,New York,Normal,Female,Sports and Travel,54.78,6,16.434,345.114,Cash,230.076,98.604,7.1
INV-2025-04751,15-04-2025,14:38,A,New York,Normal,Female,Food and Beverages,21.08,9,9.486,199.206,E-wallet,132.804,56.916,6.9
INV-2025-00060,31-10-2025,13:54,A,New York,Normal,Female,Sports and Travel,39.63,8,15.852,332.892,Credit Card,221.928,95.112,8
INV-2025-02884,13-08-2025,18:06,C,Chicago,Member,Male,Food and Beverages,16.93,1,0.8465,17.7765,Credit Card,11.851,5.079,5.8
INV-2025-01939,25-09-2025,13:18,A,New York,Member,Female,Fashion Accessories,70.96,9,31.932,670.572,Unknown,447.048,191.592,8.5
INV-2025-02577,15-09-2025,18:08,B,Los Angeles,Normal,Female,Fashion Accessories,39.88,5,9.97,209.37,E-wallet,139.58,59.82,9.2
INV-2025-04937,26-07-2025,15:01,B,Los Angeles,Member,Female,Home and Lifestyle,87.91,8,35.164,738.444,Credit Card,492.296,210.984,8.7
INV-2025-01079,03-11-2025,13:30,A,New York,Member,Female,Sports and Travel,83.16,6,24.948,523.908,Cash,349.272,149.688,6.5
INV-2025-03250,29-11-2025,10:17,C,Chicago,Member,Male,Fashion Accessories,40.38,1,2.019,42.399,E-wallet,28.266,12.114,10
INV-2025-03128,09-08-2025,16:42,C,Chicago,Normal,Female,Fashion Accessories,72.83,1,3.6415,76.4715,E-wallet,50.981,21.849,7.3
INV-2025-02489,29-09-2025,20:33,C,Chicago,Member,Female,Health and Beauty,42.88,3,6.432,135.072,Unknown,90.048,38.592,6.2
INV-2025-00941,08-08-2025,13:48,A,New York,Member,Female,Sports and Travel,53.53,3,8.0295,168.6195,E-wallet,112.413,48.177,6.6
INV-2025-01081,04-11-2025,14:15,A,New York,Member,Male,Sports and Travel,28.65,6,8.595,180.495,Cash,120.33,51.57,5.9
INV-2025-00188,01-04-2025,20:02,C,Chicago,Member,Female,Electronic Accessories,94.61,5,23.6525,496.7025,E-wallet,331.135,141.915,4.1
INV-2025-02635,06-12-2025,17:30,B,Los Angeles,Normal,Female,Sports and Travel,64.29,1,3.2145,67.5045,E-wallet,45.003,19.287,8.8
INV-2025-02086,06-08-2025,11:51,C,Chicago,Unknown,Male,Fashion Accessories,58.22,9,26.199,550.179,E-wallet,366.786,157.194,5.9
INV-2025-02250,09-11-2025,13:07,B,Los Angeles,Member,Female,Fashion Accessories,27.37,9,12.3165,258.6465,Credit Card,172.431,73.899,5.2
INV-2025-04891,02-01-2025,11:33,C,Chicago,Member,Female,Sports and Travel,50.26,1,2.513,52.773,Cash,35.182,15.078,4.2
INV-2025-02024,28-09-2025,15:37,C,Chicago,Member,Female,Sports and Travel,40.58,1,2.029,42.609,Credit Card,28.406,12.174,4.6
INV-2025-03540,11-05-2025,18:37,C,Chicago,Normal,Male,Electronic Accessories,20.12,4,4.024,84.504,Credit Card,56.336,24.144,6
INV-2025-04049,05-12-2025,16:00,C,Chicago,Member,Male,Sports and Travel,25.97,1,1.2985,27.2685,Cash,18.179,7.791,5.9
INV-2025-03607,16-02-2025,19:24,A,New York,Member,Female,Fashion Accessories,10.84,1,0.542,11.382,Cash,7.588,3.252,7.5
INV-2025-00227,27-04-2025,13:24,B,Los Angeles,Normal,Female,Health and Beauty,48.61,5,12.1525,255.2025,E-wallet,170.135,72.915,8.3
INV-2025-04848,21-04-2025,11:15,A,New York,Normal,Male,Electronic Accessories,44.67,7,15.6345,328.3245,Credit Card,218.883,93.807,5
INV-2025-01930,26-12-2025,19:36,B,Los Angeles,Member,Male,Health and Beauty,26.67,8,10.668,224.028,Credit Card,149.352,64.008,4.2
INV-2025-03056,19-02-2025,16:02,B,Los Angeles,Member,Female,Sports and Travel,68.2,1,3.41,71.61,Credit Card,47.74,20.46,5.2
INV-2025-01405,20-10-2025,13:24,A,New York,Member,Female,Sports and Travel,30.37,5,7.5925,159.4425,Credit Card,106.295,45.555,5.6
INV-2025-02180,11-01-2025,17:34,B,Los Angeles,Member,Female,Electronic Accessories,66.69,6,20.007,420.147,Cash,280.098,120.042,9.4
INV-2025-00698,27-10-2025,12:18,B,Los Angeles,Normal,Male,Home and Lifestyle,20.55,7,7.1925,151.0425,E-wallet,100.695,43.155,9.1
INV-2025-01125,16-02-2025,15:13,A,New York,Member,Male,Health and Beauty,35.85,3,5.3775,112.9275,Credit Card,75.285,32.265,6.8
INV-2025-03362,30-01-2025,12:23,A,New York,Normal,Female,Electronic Accessories,72.29,10,36.145,759.045,Credit Card,506.03,216.87,7.2
INV-2025-04136,02-10-2025,11:34,A,New York,Member,Female,Home and Lifestyle,85.67,2,8.567,179.907,Credit Card,119.938,51.402,6.7
INV-2025-01779,23-12-2025,19:15,B,Los Angeles,Member,Male,Food and Beverages,4.15,6,1.245,26.145,E-wallet,17.43,7.47,6.4
INV-2025-02859,04-02-2025,19:54,C,Chicago,Normal,Male,Electronic Accessories,66.78,4,13.356,280.476,Credit Card,186.984,80.136,8.2
INV-2025-01038,16-04-2025,15:47,C,Chicago,Normal,Male,Sports and Travel,67.79,6,20.337,427.077,E-wallet,284.718,122.022,5.8
INV-2025-04457,26-02-2025,18:03,C,Chicago,Normal,Female,Fashion Accessories,36.68,5,9.17,192.57,E-wallet,128.38,55.02,4.9
INV-2025-02257,16-11-2025,15:37,A,New York,Member,Male,Electronic Accessories,55.08,10,27.54,578.34,Cash,385.56,165.24,8.3
INV-2025-00314,15-07-2025,14:28,A,New York,Member,Female,Electronic Accessories,86.15,10,43.075,904.575,Cash,603.05,258.45,8.5
INV-2025-02282,02-01-2025,13:10,C,Chicago,Member,Male,Sports and Travel,58.87,2,5.887,123.627,Credit Card,82.418,35.322,9.7
INV-2025-01417,23-11-2025,18:28,C,Chicago,Normal,Male,Fashion Accessories,61.59,7,21.5565,452.6865,Cash,301.791,129.339,4.1
INV-2025-01037,29-06-2025,17:56,A,New York,Member,Female,Sports and Travel,64.45,2,6.445,135.345,Cash,90.23,38.67,9.6
INV-2025-02160,06-06-2025,18:42,A,New York,Member,Female,Fashion Accessories,70.83,2,7.083,148.743,Cash,99.162,42.498,4.7
INV-2025-04164,08-02-2025,19:45,A,New York,Normal,Male,Fashion Accessories,66.48,7,23.268,488.628,E-wallet,325.752,139.608,6
INV-2025-01755,08-08-2025,10:39,B,Los Angeles,Normal,Male,Health and Beauty,37.14,10,18.57,389.97,E-wallet,259.98,111.42,9.7
INV-2025-03113,08-03-2025,10:30,A,New York,Member,Male,Fashion Accessories,69.23,9,31.1535,654.2235,Credit Card,436.149,186.921,5.1
INV-2025-02814,25-08-2025,17:07,C,Chicago,Member,Male,Home and Lifestyle,21.71,10,10.855,227.955,Credit Card,151.97,65.13,5.1
INV-2025-02699,25-12-2025,19:28,C,Chicago,Member,Male,Food and Beverages,4.13,6,1.239,26.019,Credit Card,17.346,7.434,9.1
INV-2025-03208,17-08-2025,17:19,C,Chicago,Member,Male,Food and Beverages,16.18,6,4.854,101.934,Cash,67.956,29.124,8.9
INV-2025-04351,19-02-2025,17:24,C,Chicago,Normal,Male,Electronic Accessories,34.01,5,8.5025,178.5525,Credit Card,119.035,51.015,6.9
INV-2025-03432,28-09-2025,13:48,C,Chicago,Member,Female,Home and Lifestyle,21.01,10,10.505,220.605,Cash,147.07,63.03,9.2
INV-2025-01507,12-02-2025,13:48,C,Chicago,Normal,Male,Health and Beauty,44.4,8,17.76,372.96,E-wallet,248.64,106.56,4.6
INV-2025-01924,02-11-2025,10:47,A,New York,Member,Male,Health and Beauty,56.53,2,5.653,118.713,E-wallet,79.142,33.918,8.7
INV-2025-00449,08-05-2025,11:47,B,Los Angeles,Normal,Male,Home and Lifestyle,25.54,4,5.108,107.268,Credit Card,71.512,30.648,8.8
INV-2025-04129,19-06-2025,16:17,A,New York,Member,Female,Sports and Travel,61.53,4,12.306,258.426,Cash,172.284,73.836,7.5
INV-2025-02529,09-02-2025,14:31,A,New York,Normal,Male,Health and Beauty,29.45,4,5.89,123.69,Credit Card,82.46,35.34,4.7
INV-2025-04970,17-04-2025,14:07,B,Los Angeles,Member,Male,Food and Beverages,21.59,5,5.3975,113.3475,Cash,75.565,32.385,8.8
INV-2025-02790,21-08-2025,20:50,A,New York,Member,Male,Health and Beauty,50.73,10,25.365,532.665,Cash,355.11,152.19,5.9
INV-2025-00362,06-11-2025,21:40,A,New York,Member,Male,Fashion Accessories,53.65,6,16.095,337.995,Credit Card,225.33,96.57,4.3
INV-2025-02184,21-12-2025,17:18,C,Chicago,Member,Male,Fashion Accessories,65.65,3,9.8475,206.7975,E-wallet,137.865,59.085,6.3
INV-2025-01135,06-08-2025,17:34,A,New York,Member,Male,Electronic Accessories,90.27,3,13.5405,284.3505,E-wallet,189.567,81.243,6.2
INV-2025-03881,09-05-2025,10:48,A,New York,Normal,Female,Health and Beauty,37.7,10,18.85,395.85,E-wallet,263.9,113.1,4.1
INV-2025-02156,07-05-2025,12:48,B,Los Angeles,Member,Female,Food and Beverages,13.84,8,5.536,116.256,Credit Card,77.504,33.216,5.1
INV-2025-01831,06-10-2025,14:15,C,Chicago,Normal,Female,Electronic Accessories,24.8,2,2.48,52.08,Credit Card,34.72,14.88,6.3
INV-2025-01054,17-06-2025,17:23,A,New York,Member,Female,Sports and Travel,81.55,5,20.3875,428.1375,Credit Card,285.425,122.325,5
INV-2025-00023,31-01-2025,12:00,C,Chicago,Member,Female,Home and Lifestyle,49.61,9,22.3245,468.8145,Credit Card,312.543,133.947,6.9
INV-2025-02067,21-01-2025,20:43,A,New York,Member,Male,Electronic Accessories,30.7,8,12.28,257.88,Cash,171.92,73.68,9.5
INV-2025-01654,06-09-2025,13:03,B,Los Angeles,Normal,Male,Electronic Accessories,85.63,6,25.689,539.469,Credit Card,359.646,154.134,5.3
INV-2025-02588,10-03-2025,14:21,C,Chicago,Normal,Male,Food and Beverages,16.76,2,1.676,35.196,Cash,23.464,10.056,5
INV-2025-03211,05-12-2025,21:11,C,Chicago,Normal,Male,Electronic Accessories,71.52,3,10.728,225.288,Cash,150.192,64.368,7.4
INV-2025-04303,01-02-2025,12:48,B,Los Angeles,Normal,Female,Sports and Travel,65.53,7,22.9355,481.6455,Cash,321.097,137.613,8
INV-2025-04037,02-10-2025,13:20,C,Chicago,Normal,Male,Electronic Accessories,43.01,5,10.7525,225.8025,Credit Card,150.535,64.515,4.6
INV-2025-02326,21-11-2025,11:53,C,Chicago,Member,Female,Electronic Accessories,92.96,4,18.592,390.432,Credit Card,260.288,111.552,6.8
INV-2025-00461,13-08-2025,16:34,B,Los Angeles,Member,Male,Food and Beverages,10,8,4,84,Cash,56,24,9
INV-2025-01068,18-09-2025,19:27,A,New York,Member,Male,Electronic Accessories,18.56,4,3.712,77.952,Credit Card,51.968,22.272,5.7
INV-2025-00088,07-09-2025,19:02,B,Los Angeles,Member,Female,Electronic Accessories,78.48,7,27.468,576.828,E-wallet,384.552,164.808,8.6
INV-2025-01431,31-07-2025,18:26,B,Los Angeles,Member,Male,Electronic Accessories,67.96,2,6.796,142.716,E-wallet,95.144,40.776,9.6
INV-2025-02648,10-08-2025,16:42,B,Los Angeles,Member,Female,Food and Beverages,6.02,3,0.903,18.963,Credit Card,12.642,5.418,9
INV-2025-00283,04-01-2025,20:01,A,New York,Member,Male,Home and Lifestyle,20.1,7,7.035,147.735,E-wallet,98.49,42.21,8.4
INV-2025-00463,05-04-2025,19:39,C,Chicago,Normal,Male,Home and Lifestyle,70.47,9,31.7115,665.9415,E-wallet,443.961,190.269,5.1
INV-2025-00213,29-08-2025,18:20,C,Chicago,Member,Female,Health and Beauty,38.13,4,7.626,160.146,Credit Card,106.764,45.756,4.1
INV-2025-02500,29-03-2025,16:32,B,Los Angeles,Normal,Male,Electronic Accessories,70.13,1,3.5065,73.6365,Cash,49.091,21.039,7.6
INV-2025-01369,20-11-2025,20:29,B,Los Angeles,Member,Female,Health and Beauty,26.14,9,11.763,247.023,E-wallet,164.682,70.578,9.1
INV-2025-00235,16-06-2025,14:52,C,Chicago,Member,Male,Food and Beverages,24.94,3,3.741,78.561,Credit Card,52.374,22.446,7.3
INV-2025-02771,16-10-2025,09:27,B,Los Angeles,Member,Female,Sports and Travel,47.35,9,21.3075,447.4575,Credit Card,298.305,127.845,6.9
INV-2025-00598,02-04-2025,13:04,A,New York,Member,Male,Sports and Travel,34.03,4,6.806,142.926,Credit Card,95.284,40.836,7.8
INV-2025-04421,26-07-2025,17:37,C,Chicago,Normal,Female,Health and Beauty,50.58,6,15.174,318.654,Cash,212.436,91.044,6.2
INV-2025-02251,14-09-2025,15:46,A,New York,Normal,Female,Fashion Accessories,43.43,5,10.8575,228.0075,Cash,152.005,65.145,6.5
INV-2025-04032,29-08-2025,14:50,A,New York,Member,Male,Fashion Accessories,63.97,6,19.191,403.011,Credit Card,268.674,115.146,8.9
INV-2025-02284,15-10-2025,12:31,C,Chicago,Member,Male,Food and Beverages,20.64,3,3.096,65.016,Credit Card,43.344,18.576,5.7
INV-2025-00663,09-09-2025,15:26,C,Chicago,Member,Female,Health and Beauty,51.22,5,12.805,268.905,Credit Card,179.27,76.83,6.1
INV-2025-04964,11-10-2025,14:38,B,Los Angeles,Member,Female,Food and Beverages,22.49,2,2.249,47.229,Cash,31.486,13.494,9.7
INV-2025-02286,22-10-2025,18:37,B,Los Angeles,Normal,Male,Food and Beverages,22.49,7,7.8715,165.3015,Credit Card,110.201,47.229,6.8
INV-2025-04717,01-09-2025,17:39,A,New York,Member,Male,Food and Beverages,16.78,4,3.356,70.476,Credit Card,46.984,20.136,6.2
INV-2025-03194,02-02-2025,20:52,B,Los Angeles,Member,Male,Home and Lifestyle,27.23,1,1.3615,28.5915,Cash,19.061,8.169,5.7
INV-2025-02504,05-07-2025,19:11,A,New York,Normal,Male,Fashion Accessories,57.53,7,20.1355,422.8455,Credit Card,281.897,120.813,8.3
INV-2025-04044,02-06-2025,17:08,B,Los Angeles,Member,Male,Food and Beverages,7.1,7,2.485,52.185,Credit Card,34.79,14.91,5.7
INV-2025-00780,10-10-2025,18:46,C,Chicago,Member,Male,Home and Lifestyle,79.21,7,27.7235,582.1935,E-wallet,388.129,166.341,8.2
INV-2025-04020,15-11-2025,15:14,A,New York,Normal,Female,Home and Lifestyle,74.96,1,3.748,78.708,E-wallet,52.472,22.488,8.1
INV-2025-03427,13-12-2025,19:53,A,New York,Member,Female,Electronic Accessories,23.57,3,3.5355,74.2455,Cash,49.497,21.213,9.2
INV-2025-04307,06-05-2025,18:16,C,Chicago,Member,Female,Food and Beverages,4.03,6,1.209,25.389,Cash,16.926,7.254,8.2
INV-2025-03197,10-11-2025,13:00,A,New York,Normal,Male,Health and Beauty,35.14,1,1.757,36.897,Cash,24.598,10.542,4.5
INV-2025-04836,31-05-2025,11:16,B,Los Angeles,Member,Male,Electronic Accessories,97.01,3,14.5515,305.5815,Cash,203.721,87.309,8
INV-2025-00686,28-11-2025,18:41,A,New York,Member,Female,Fashion Accessories,62.41,5,15.6025,327.6525,E-wallet,218.435,93.615,7.6
INV-2025-03170,18-06-2025,17:44,B,Los Angeles,Normal,Female,Food and Beverages,4.97,3,0.7455,15.6555,Credit Card,10.437,4.473,7.7
INV-2025-03927,07-05-2025,16:12,B,Los Angeles,Member,Female,Fashion Accessories,62.26,9,28.017,588.357,Cash,392.238,168.102,5.3
INV-2025-03435,04-05-2025,20:08,C,Chicago,Member,Male,Sports and Travel,51.17,6,15.351,322.371,Cash,214.914,92.106,6.4
INV-2025-02172,01-08-2025,19:49,A,New York,Normal,Male,Fashion Accessories,64.4,7,22.54,473.34,Credit Card,315.56,135.24,8.7
INV-2025-03690,27-01-2025,18:19,C,Chicago,Member,Female,Electronic Accessories,64.67,9,29.1015,611.1315,Credit Card,407.421,174.609,5.1
INV-2025-01851,17-06-2025,14:14,A,New York,Member,Female,Health and Beauty,54.25,5,13.5625,284.8125,E-wallet,189.875,81.375,5.1
INV-2025-00488,04-07-2025,19:01,A,New York,Normal,Female,Electronic Accessories,98.28,9,44.226,928.746,E-wallet,619.164,265.356,4.6
INV-2025-01689,21-06-2025,17:22,A,New York,Member,Female,Electronic Accessories,87.72,2,8.772,184.212,Cash,122.808,52.632,5.8
INV-2025-02231,02-02-2025,19:49,B,Los Angeles,Member,Male,Electronic Accessories,53.27,9,23.9715,503.4015,Credit Card,335.601,143.829,4.3
INV-2025-03265,22-05-2025,18:51,C,Chicago,Member,Male,Home and Lifestyle,42.8,8,17.12,359.52,Credit Card,239.68,102.72,7
INV-2025-02321,03-10-2025,11:36,B,Los Angeles,Normal,Male,Sports and Travel,30.77,4,6.154,129.234,Credit Card,86.156,36.924,7
INV-2025-00783,20-03-2025,21:21,B,Los Angeles,Normal,Female,Sports and Travel,37.25,7,13.0375,273.7875,Cash,182.525,78.225,6.3
INV-2025-00522,01-11-2025,11:50,C,Chicago,Normal,Female,Fashion Accessories,12.06,7,4.221,88.641,Cash,59.094,25.326,9.3
INV-2025-00523,10-07-2025,14:19,A,New York,Member,Male,Home and Lifestyle,74.95,4,14.99,314.79,E-wallet,209.86,89.94,6.7
INV-2025-02838,01-12-2025,15:27,A,New York,Member,Female,Fashion Accessories,65.26,4,13.052,274.092,Cash,182.728,78.312,8.8
INV-2025-04540,11-05-2025,20:11,B,Los Angeles,Member,Female,Health and Beauty,15.57,8,6.228,130.788,Credit Card,87.192,37.368,5.2
INV-2025-02399,21-04-2025,12:56,A,New York,Member,Male,Food and Beverages,4.54,7,1.589,33.369,E-wallet,22.246,9.534,7.9
INV-2025-02208,24-08-2025,14:00,B,Los Angeles,Member,Male,Electronic Accessories,99.47,8,39.788,835.548,E-wallet,557.032,238.728,8.8
INV-2025-03478,05-06-2025,14:07,A,New York,Normal,Male,Fashion Accessories,54.85,8,21.94,460.74,Cash,307.16,131.64,6.9
INV-2025-03553,11-03-2025,12:15,A,New York,Normal,Male,Electronic Accessories,46.04,2,4.604,96.684,Credit Card,64.456,27.624,7.9
INV-2025-04088,26-03-2025,18:03,C,Chicago,Member,Female,Fashion Accessories,25.01,4,5.002,105.042,Credit Card,70.028,30.012,10
INV-2025-02823,31-07-2025,19:23,C,Chicago,Normal,Male,Food and Beverages,5.19,2,0.519,10.899,E-wallet,7.266,3.114,7.2
INV-2025-01512,29-09-2025,11:24,B,Los Angeles,Member,Male,Home and Lifestyle,55.82,6,16.746,351.666,Credit Card,234.444,100.476,4.3
INV-2025-01883,25-11-2025,10:54,A,New York,Normal,Male,Health and Beauty,28.61,5,7.1525,150.2025,Credit Card,100.135,42.915,9.5
INV-2025-00652,11-08-2025,14:55,C,Chicago,Member,Male,Sports and Travel,41.02,5,10.255,215.355,Credit Card,143.57,61.53,5.5
INV-2025-04931,18-08-2025,15:43,C,Chicago,Member,Male,Health and Beauty,38.76,10,19.38,406.98,E-wallet,271.32,116.28,9.1
INV-2025-03090,18-01-2025,14:08,B,Los Angeles,Member,Female,Sports and Travel,50.93,9,22.9185,481.2885,Cash,320.859,137.511,7.7
INV-2025-00370,20-11-2025,12:13,B,Los Angeles,Member,Female,Fashion Accessories,18.62,3,2.793,58.653,Credit Card,39.102,16.758,8.2
INV-2025-00119,26-01-2025,18:17,B,Los Angeles,Member,Female,Sports and Travel,41.39,9,18.6255,391.1355,Cash,260.757,111.753,6.6
INV-2025-03321,26-02-2025,12:15,A,New York,Member,Female,Food and Beverages,8.98,1,0.449,9.429,Credit Card,6.286,2.694,8.6
INV-2025-03035,29-12-2025,16:30,C,Chicago,Normal,Male,Health and Beauty,46.01,6,13.803,289.863,E-wallet,193.242,82.818,9.3
INV-2025-02217,24-04-2025,11:00,C,Chicago,Member,Female,Electronic Accessories,33.14,3,4.971,104.391,Cash,69.594,29.826,8.6
INV-2025-03543,04-09-2025,14:15,A,New York,Normal,Female,Health and Beauty,25.61,7,8.9635,188.2335,Credit Card,125.489,53.781,4.1
INV-2025-01614,13-06-2025,16:19,A,New York,Member,Female,Fashion Accessories,58.34,8,23.336,490.056,Cash,326.704,140.016,8.8
INV-2025-03152,26-09-2025,17:20,C,Chicago,Normal,Female,Home and Lifestyle,81.43,4,16.286,342.006,Credit Card,228.004,97.716,8.9
INV-2025-00963,11-05-2025,20:12,B,Los Angeles,Member,Male,Electronic Accessories,88.68,2,8.868,186.228,E-wallet,124.152,53.208,4.2
INV-2025-02511,17-12-2025,19:44,C,Chicago,Member,Female,Electronic Accessories,86.95,4,17.39,365.19,Credit Card,243.46,104.34,6.4
INV-2025-03832,18-01-2025,12:13,B,Los Angeles,Normal,Male,Home and Lifestyle,69.1,9,31.095,652.995,E-wallet,435.33,186.57,7.3
INV-2025-02824,11-03-2025,19:01,B,Los Angeles,Normal,Female,Home and Lifestyle,28.51,7,9.9785,209.5485,Cash,139.699,59.871,7.8
INV-2025-04344,21-02-2025,11:06,C,Chicago,Member,Male,Food and Beverages,14.21,2,1.421,29.841,E-wallet,19.894,8.526,9.1
INV-2025-03033,10-07-2025,20:14,A,New York,Normal,Male,Sports and Travel,70.21,5,17.5525,368.6025,E-wallet,245.735,105.315,4.2
INV-2025-02416,19-07-2025,14:51,B,Los Angeles,Member,Male,Food and Beverages,15.14,7,5.299,111.279,Credit Card,74.186,31.794,7.5
INV-2025-04655,17-12-2025,14:46,C,Chicago,Normal,Female,Home and Lifestyle,31.05,7,10.8675,228.2175,Credit Card,152.145,65.205,4.8
INV-2025-04237,10-03-2025,18:37,C,Chicago,Member,Male,Home and Lifestyle,43.76,4,8.752,183.792,Cash,122.528,52.512,9.4
INV-2025-02186,01-11-2025,17:02,A,New York,Member,Male,Electronic Accessories,16.54,4,3.308,69.468,Credit Card,46.312,19.848,6.8
INV-2025-03670,01-01-2025,12:33,B,Los Angeles,Member,Male,Home and Lifestyle,78.81,3,11.8215,248.2515,E-wallet,165.501,70.929,8.1
INV-2025-02038,27-10-2025,10:24,B,Los Angeles,Normal,Female,Sports and Travel,40.57,8,16.228,340.788,Cash,227.192,97.368,8.8
INV-2025-04363,28-02-2025,14:11,A,New York,Member,Female,Health and Beauty,22.38,3,3.357,70.497,Credit Card,46.998,20.142,5.8
INV-2025-00773,22-04-2025,13:56,B,Los Angeles,Member,Female,Home and Lifestyle,58.54,3,8.781,184.401,E-wallet,122.934,52.686,5.8
INV-2025-01285,23-02-2025,18:00,B,Los Angeles,Normal,Female,Food and Beverages,4.75,4,0.95,19.95,E-wallet,13.3,5.7,4.2
INV-2025-04604,06-06-2025,10:13,A,New York,Normal,Female,Home and Lifestyle,63.27,7,22.1445,465.0345,Credit Card,310.023,132.867,8.2
INV-2025-04795,25-01-2025,10:17,A,New York,Member,Male,Sports and Travel,51.25,1,2.5625,53.8125,Cash,35.875,15.375,9.2
INV-2025-01415,27-07-2025,18:33,C,Chicago,Member,Female,Electronic Accessories,83.41,4,16.682,350.322,Cash,233.548,100.092,10
INV-2025-01235,04-08-2025,10:06,C,Chicago,Member,Female,Home and Lifestyle,64.82,6,19.446,408.366,Credit Card,272.244,116.676,9
INV-2025-02700,29-05-2025,11:03,B,Los Angeles,Normal,Female,Food and Beverages,18.52,5,4.63,97.23,E-wallet,64.82,27.78,6.5
INV-2025-00436,07-09-2025,13:35,C,Chicago,Member,Male,Fashion Accessories,20.62,4,4.124,86.604,E-wallet,57.736,24.744,6.9
INV-2025-01675,23-05-2025,18:31,A,New York,Member,Male,Sports and Travel,44.07,1,2.2035,46.2735,E-wallet,30.849,13.221,8.2
INV-2025-00366,08-04-2025,18:06,C,Chicago,Member,Male,Sports and Travel,52.44,10,26.22,550.62,E-wallet,367.08,157.32,4.8
INV-2025-02650,27-08-2025,11:03,B,Los Angeles,Member,Female,Fashion Accessories,26.4,8,10.56,221.76,E-wallet,147.84,63.36,8.6
INV-2025-00232,04-08-2025,13:50,A,New York,Member,Male,Fashion Accessories,50.63,10,25.315,531.615,Credit Card,354.41,151.89,6.7
INV-2025-04268,20-12-2025,20:52,B,Los Angeles,Normal,Female,Home and Lifestyle,52.07,6,15.621,328.041,Cash,218.694,93.726,8.7
INV-2025-04042,27-08-2025,19:12,A,New York,Normal,Female,Electronic Accessories,87.32,10,43.66,916.86,Cash,611.24,261.96,9.9
INV-2025-04400,13-07-2025,13:28,B,Los Angeles,Member,Male,Home and Lifestyle,55.62,9,25.029,525.609,Unknown,350.406,150.174,6.3
INV-2025-00408,07-11-2025,21:55,B,Los Angeles,Member,Female,Food and Beverages,5.28,10,2.64,55.44,E-wallet,36.96,15.84,5.1
INV-2025-02091,04-01-2025,13:34,B,Los Angeles,Member,Female,Fashion Accessories,34.84,10,17.42,365.82,Cash,243.88,104.52,5.3
INV-2025-00087,16-05-2025,13:44,B,Los Angeles,Member,Female,Fashion Accessories,65.86,7,23.051,484.071,E-wallet,322.714,138.306,7.8
INV-2025-00845,22-06-2025,14:30,C,Chicago,Normal,Female,Health and Beauty,36.39,5,9.0975,191.0475,Cash,127.365,54.585,9.5
INV-2025-01032,11-02-2025,20:30,C,Chicago,Member,Male,Health and Beauty,11.78,9,5.301,111.321,Cash,74.214,31.806,6.1
INV-2025-02856,24-02-2025,10:58,A,New York,Member,Female,Home and Lifestyle,55.46,7,19.411,407.631,E-wallet,271.754,116.466,6.8
INV-2025-04110,11-01-2025,19:10,B,Los Angeles,Member,Female,Food and Beverages,17.42,8,6.968,146.328,Cash,97.552,41.808,4
INV-2025-04397,20-06-2025,14:42,B,Los Angeles,Member,Male,Fashion Accessories,13.69,7,4.7915,100.6215,Cash,67.081,28.749,7.8
INV-2025-03894,14-07-2025,13:53,B,Los Angeles,Member,Male,Food and Beverages,3.47,6,1.041,21.861,Cash,14.574,6.246,4.8
INV-2025-02659,04-03-2025,15:12,B,Los Angeles,Member,Male,Health and Beauty,33.01,10,16.505,346.605,Credit Card,231.07,99.03,8
INV-2025-00856,18-01-2025,10:07,B,Los Angeles,Member,Male,Sports and Travel,83.63,1,4.1815,87.8115,Cash,58.541,25.089,4.3
INV-2025-00079,17-11-2025,14:03,A,New York,Member,Female,Sports and Travel,77.85,8,31.14,653.94,Cash,435.96,186.84,9.8
INV-2025-02248,23-01-2025,19:05,B,Los Angeles,Member,Male,Home and Lifestyle,56.44,10,28.22,592.62,E-wallet,395.08,169.32,4.1
INV-2025-04571,01-03-2025,14:21,A,New York,Normal,Male,Home and Lifestyle,35.43,6,10.629,223.209,E-wallet,148.806,63.774,8.5
INV-2025-03657,03-02-2025,12:58,C,Chicago,Normal,Male,Home and Lifestyle,72.76,10,36.38,763.98,Cash,509.32,218.28,4
INV-2025-04152,23-06-2025,15:38,A,New York,Member,Female,Health and Beauty,20.54,9,9.243,194.103,E-wallet,129.402,55.458,6.2
INV-2025-03379,18-11-2025,15:55,A,New York,Normal,Female,Home and Lifestyle,32.6,10,16.3,342.3,E-wallet,228.2,97.8,8.2
INV-2025-02280,19-07-2025,09:29,C,Chicago,Member,Female,Sports and Travel,67.54,7,23.639,496.419,Cash,330.946,141.834,4.7
INV-2025-02599,20-10-2025,11:57,C,Chicago,Member,Male,Electronic Accessories,96.64,2,9.664,202.944,E-wallet,135.296,57.984,9.2
INV-2025-04160,07-12-2025,10:26,C,Chicago,Member,Male,Health and Beauty,14.22,4,2.844,59.724,E-wallet,39.816,17.064,7.8
INV-2025-03871,10-12-2025,18:49,A,New York,Member,Female,Food and Beverages,17.43,4,3.486,73.206,Credit Card,48.804,20.916,9.7
INV-2025-03429,19-05-2025,14:11,A,New York,Member,Female,Sports and Travel,49.48,4,9.896,207.816,Credit Card,138.544,59.376,9.9
INV-2025-02177,28-10-2025,12:53,C,Chicago,Normal,Female,Home and Lifestyle,28.21,5,7.0525,148.1025,E-wallet,98.735,42.315,10
INV-2025-00425,23-06-2025,20:29,B,Los Angeles,Normal,Male,Sports and Travel,31.98,2,3.198,67.158,Credit Card,44.772,19.188,8.7
INV-2025-00393,07-03-2025,18:15,A,New York,Normal,Male,Home and Lifestyle,54.01,6,16.203,340.263,Credit Card,226.842,97.218,5.8
INV-2025-04727,03-04-2025,11:06,B,Los Angeles,Member,Male,Health and Beauty,55.31,8,22.124,464.604,Cash,309.736,132.744,5
INV-2025-03694,14-10-2025,18:42,C,Chicago,Member,Female,Health and Beauty,55.51,6,16.653,349.713,Cash,233.142,99.918,7.5
INV-2025-00105,16-04-2025,10:48,B,Los Angeles,Normal,Male,Home and Lifestyle,74.21,10,37.105,779.205,Cash,519.47,222.63,9.2
INV-2025-03995,03-07-2025,13:05,B,Los Angeles,Member,Male,Fashion Accessories,15.16,2,1.516,31.836,Credit Card,21.224,9.096,7.1
INV-2025-04413,08-09-2025,13:08,C,Chicago,Normal,Female,Home and Lifestyle,63.48,9,28.566,599.886,E-wallet,399.924,171.396,9.7
INV-2025-01949,04-03-2025,16:50,B,Los Angeles,Member,Male,Food and Beverages,24.65,5,6.1625,129.4125,Cash,86.275,36.975,9.2
INV-2025-01460,10-08-2025,11:32,C,Chicago,Member,Male,Electronic Accessories,67.79,8,27.116,569.436,E-wallet,379.624,162.696,8.5
INV-2025-03258,20-06-2025,17:19,A,New York,Member,Female,Food and Beverages,15.31,8,6.124,128.604,E-wallet,85.736,36.744,5.1
INV-2025-02804,08-06-2025,17:51,A,New York,Normal,Male,Sports and Travel,56.67,2,5.667,119.007,E-wallet,79.338,34.002,4.4
INV-2025-02707,16-08-2025,10:50,A,New York,Normal,Male,Home and Lifestyle,28.62,9,12.879,270.459,Credit Card,180.306,77.274,5
INV-2025-04790,27-04-2025,08:33,B,Los Angeles,Normal,Male,Home and Lifestyle,37.81,9,17.0145,357.3045,Cash,238.203,102.087,7.4
INV-2025-01588,29-09-2025,17:43,B,Los Angeles,Member,Male,Food and Beverages,18.34,6,5.502,115.542,Credit Card,77.028,33.012,9.7
INV-2025-03660,02-09-2025,18:45,A,New York,Normal,Male,Electronic Accessories,90.43,5,22.6075,474.7575,Cash,316.505,135.645,5.5
INV-2025-01732,14-10-2025,17:56,C,Chicago,Normal,Male,Health and Beauty,14.45,9,6.5025,136.5525,Credit Card,91.035,39.015,9.5
INV-2025-04765,18-04-2025,12:14,C,Chicago,Normal,Female,Fashion Accessories,53.39,10,26.695,560.595,Cash,373.73,160.17,8.2
INV-2025-04225,17-12-2025,12:12,A,New York,Member,Male,Electronic Accessories,95.69,9,43.0605,904.2705,Credit Card,602.847,258.363,8.9
INV-2025-03682,05-12-2025,14:04,B,Los Angeles,Member,Male,Sports and Travel,44.22,8,17.688,371.448,Cash,247.632,106.128,6.5
INV-2025-01792,06-07-2025,15:14,A,New York,Normal,Male,Fashion Accessories,25.66,2,2.566,53.886,Credit Card,35.924,15.396,6.2
INV-2025-02356,27-12-2025,11:15,A,New York,Member,Female,Electronic Accessories,42.09,8,16.836,353.556,E-wallet,235.704,101.016,5
INV-2025-01941,23-09-2025,18:53,B,Los Angeles,Member,Male,Sports and Travel,69.71,8,27.884,585.564,Credit Card,390.376,167.304,7.7
INV-2025-00703,11-12-2025,17:23,C,Chicago,Normal,Male,Food and Beverages,6.77,2,0.677,14.217,Credit Card,9.478,4.062,4.8
INV-2025-02443,27-09-2025,19:37,A,New York,Normal,Male,Fashion Accessories,10.23,5,2.5575,53.7075,E-wallet,35.805,15.345,7.2
INV-2025-04376,13-06-2025,14:26,A,New York,Member,Male,Home and Lifestyle,60.57,1,3.0285,63.5985,Credit Card,42.399,18.171,4.7
INV-2025-00497,10-03-2025,15:38,B,Los Angeles,Normal,Male,Sports and Travel,54.49,3,8.1735,171.6435,Cash,114.429,49.041,5.4
INV-2025-00465,08-03-2025,12:02,A,New York,Member,Male,Health and Beauty,38.55,7,13.4925,283.3425,Credit Card,188.895,80.955,7.2
INV-2025-04072,23-02-2025,12:10,B,Los Angeles,Normal,Male,Food and Beverages,11.36,9,5.112,107.352,Credit Card,71.568,30.672,9.9
INV-2025-04334,20-07-2025,13:40,C,Chicago,Member,Female,Food and Beverages,16.49,8,6.596,138.516,E-wallet,92.344,39.576,6.7
INV-2025-00173,25-07-2025,10:35,A,New York,Normal,Male,Sports and Travel,55.26,9,24.867,522.207,Cash,348.138,149.202,9.9
INV-2025-04944,05-11-2025,19:39,B,Los Angeles,Member,Male,Food and Beverages,19.61,4,3.922,82.362,Credit Card,54.908,23.532,8.3
INV-2025-04797,03-10-2025,13:55,A,New York,Normal,Female,Fashion Accessories,25.39,5,6.3475,133.2975,E-wallet,88.865,38.085,6.7
INV-2025-02541,28-12-2025,20:19,A,New York,Member,Male,Fashion Accessories,65.31,5,16.3275,342.8775,Cash,228.585,97.965,7.7
INV-2025-03263,06-04-2025,16:25,B,Los Angeles,Normal,Male,Home and Lifestyle,72.22,2,7.222,151.662,Credit Card,101.108,43.332,7.4
INV-2025-04681,20-08-2025,18:30,C,Chicago,Normal,Male,Sports and Travel,53.18,3,7.977,167.517,Credit Card,111.678,47.862,5.6
INV-2025-02261,05-11-2025,10:37,A,New York,Member,Female,Electronic Accessories,49.42,9,22.239,467.019,Cash,311.346,133.434,5.6
INV-2025-02113,26-04-2025,14:48,A,New York,Normal,Male,Home and Lifestyle,68.18,3,10.227,214.767,Cash,143.178,61.362,6.6
INV-2025-00901,11-08-2025,14:57,B,Los Angeles,Member,Female,Electronic Accessories,84.33,3,12.6495,265.6395,Cash,177.093,75.897,6.9
INV-2025-01447,02-01-2025,11:49,C,Chicago,Member,Male,Electronic Accessories,43.26,9,19.467,408.807,Cash,272.538,116.802,6.3
INV-2025-03574,18-07-2025,16:35,A,New York,Member,Female,Fashion Accessories,22.88,10,11.44,240.24,Credit Card,160.16,68.64,5.3
INV-2025-00742,14-06-2025,13:29,C,Chicago,Member,Male,Fashion Accessories,69.95,10,34.975,734.475,Credit Card,489.65,209.85,9.4
INV-2025-02294,24-01-2025,09:59,C,Chicago,Normal,Female,Health and Beauty,58.64,6,17.592,369.432,Credit Card,246.288,105.552,8.4
INV-2025-02453,10-08-2025,14:32,C,Chicago,Member,Male,Sports and Travel,63.61,2,6.361,133.581,E-wallet,89.054,38.166,9.9
INV-2025-02623,03-07-2025,19:47,B,Los Angeles,Member,Male,Food and Beverages,9.62,4,1.924,40.404,Cash,26.936,11.544,8.4
INV-2025-04079,23-09-2025,19:54,B,Los Angeles,Normal,Female,Fashion Accessories,29.38,3,4.407,92.547,E-wallet,61.698,26.442,4
INV-2025-01207,24-10-2025,18:07,A,New York,Member,Female,Fashion Accessories,49.32,6,14.796,310.716,Credit Card,207.144,88.776,5.3
INV-2025-00510,17-01-2025,17:53,B,Los Angeles,Member,Male,Health and Beauty,15.44,3,2.316,48.636,Cash,32.424,13.896,5.7
INV-2025-02621,12-05-2025,19:33,B,Los Angeles,Normal,Female,Fashion Accessories,25.98,3,3.897,81.837,E-wallet,54.558,23.382,7.4
INV-2025-02803,28-01-2025,20:29,C,Chicago,Member,Male,Sports and Travel,54.18,4,10.836,227.556,Credit Card,151.704,65.016,5.9
INV-2025-03314,12-09-2025,20:13,A,New York,Member,Male,Electronic Accessories,99.2,2,9.92,208.32,E-wallet,138.88,59.52,10
INV-2025-01550,14-03-2025,20:36,B,Los Angeles,Member,Male,Sports and Travel,60.43,6,18.129,380.709,Credit Card,253.806,108.774,4.9
INV-2025-04564,04-08-2025,15:05,C,Chicago,Normal,Male,Home and Lifestyle,34.79,4,6.958,146.118,Credit Card,97.412,41.748,9.5
INV-2025-02203,28-04-2025,18:40,C,Chicago,Member,Male,Home and Lifestyle,49.63,6,14.889,312.669,Credit Card,208.446,89.334,7.4
INV-2025-02567,04-05-2025,16:55,C,Chicago,Member,Male,Sports and Travel,77.47,5,19.3675,406.7175,Unknown,271.145,116.205,8.7
INV-2025-03893,16-02-2025,17:33,B,Los Angeles,Normal,Female,Electronic Accessories,17.52,4,3.504,73.584,E-wallet,49.056,21.024,6.8
INV-2025-02045,09-10-2025,11:00,A,New York,Normal,Female,Sports and Travel,50.24,3,7.536,158.256,Credit Card,105.504,45.216,8.9
INV-2025-00768,16-11-2025,19:56,C,Chicago,Member,Male,Electronic Accessories,31.29,7,10.9515,229.9815,Credit Card,153.321,65.709,5.9
INV-2025-04873,20-03-2025,08:38,B,Los Angeles,Normal,Female,Fashion Accessories,44.68,8,17.872,375.312,Credit Card,250.208,107.232,4.9
INV-2025-03739,06-07-2025,17:17,A,New York,Normal,Female,Fashion Accessories,26.04,2,2.604,54.684,Cash,36.456,15.624,5.3
INV-2025-00422,16-02-2025,16:46,C,Chicago,Normal,Female,Home and Lifestyle,87.43,5,21.8575,459.0075,Cash,306.005,131.145,9.8
INV-2025-00124,24-08-2025,19:58,B,Los Angeles,Member,Male,Electronic Accessories,52.03,7,18.2105,382.4205,Credit Card,254.947,109.263,6.4
INV-2025-04163,28-10-2025,16:00,B,Los Angeles,Normal,Female,Electronic Accessories,58,9,26.1,548.1,E-wallet,365.4,156.6,7.3
INV-2025-02629,26-06-2025,18:45,A,New York,Normal,Female,Home and Lifestyle,57.62,8,23.048,484.008,E-wallet,322.672,138.288,4.5
INV-2025-00820,07-01-2025,11:05,B,Los Angeles,Normal,Female,Fashion Accessories,48.1,2,4.81,101.01,Credit Card,67.34,28.86,5.1
INV-2025-01404,14-07-2025,17:30,C,Chicago,Normal,Male,Fashion Accessories,55.34,8,22.136,464.856,Credit Card,309.904,132.816,4.1
INV-2025-01383,14-06-2025,19:01,A,New York,Normal,Female,Sports and Travel,51.99,4,10.398,218.358,Credit Card,145.572,62.388,4.8
INV-2025-02149,14-09-2025,18:44,B,Los Angeles,Member,Female,Home and Lifestyle,67.58,4,13.516,283.836,E-wallet,189.224,81.096,9
INV-2025-01576,09-01-2025,20:08,C,Chicago,Member,Female,Health and Beauty,57.57,4,11.514,241.794,Credit Card,161.196,69.084,7.3
INV-2025-01639,12-09-2025,16:49,B,Los Angeles,Member,Female,Food and Beverages,3.49,8,1.396,29.316,Credit Card,19.544,8.376,8.7
INV-2025-01796,02-02-2025,14:57,A,New York,Member,Female,Home and Lifestyle,45.9,9,20.655,433.755,Credit Card,289.17,123.93,4
INV-2025-04816,01-11-2025,12:06,A,New York,Normal,Male,Fashion Accessories,68.86,3,10.329,216.909,E-wallet,144.606,61.974,6.5
INV-2025-00400,04-12-2025,19:09,C,Chicago,Member,Female,Health and Beauty,20.94,8,8.376,175.896,Cash,117.264,50.256,5.6
INV-2025-02311,02-06-2025,17:27,C,Chicago,Member,Female,Sports and Travel,36.6,3,5.49,115.29,Credit Card,76.86,32.94,8.4
INV-2025-00883,07-05-2025,17:27,A,New York,Normal,Male,Fashion Accessories,57.48,10,28.74,603.54,Cash,402.36,172.44,10
INV-2025-04974,24-02-2025,16:09,B,Los Angeles,Member,Female,Fashion Accessories,74.92,10,37.46,786.66,Credit Card,524.44,224.76,5.6
INV-2025-02898,18-10-2025,14:44,C,Chicago,Normal,Female,Sports and Travel,34.34,5,8.585,180.285,E-wallet,120.19,51.51,10
INV-2025-01353,16-01-2025,09:27,C,Chicago,Member,Male,Food and Beverages,22.64,2,2.264,47.544,Unknown,31.696,13.584,9.3
INV-2025-02743,22-03-2025,16:40,A,New York,Normal,Female,Food and Beverages,11.6,7,4.06,85.26,E-wallet,56.84,24.36,6.9
INV-2025-04551,05-05-2025,16:12,B,Los Angeles,Member,Female,Home and Lifestyle,89.14,4,17.828,374.388,E-wallet,249.592,106.968,5.5
INV-2025-02131,15-04-2025,19:14,B,Los Angeles,Member,Male,Food and Beverages,11.73,5,2.9325,61.5825,Credit Card,41.055,17.595,5
INV-2025-00983,08-03-2025,12:23,B,Los Angeles,Member,Male,Sports and Travel,36.28,5,9.07,190.47,Credit Card,126.98,54.42,8.1
INV-2025-00457,27-02-2025,12:27,A,New York,Member,Female,Food and Beverages,4.75,4,0.95,19.95,Cash,13.3,5.7,4.3
INV-2025-04120,23-05-2025,19:23,B,Los Angeles,Normal,Male,Food and Beverages,11.39,7,3.9865,83.7165,Credit Card,55.811,23.919,8.1
INV-2025-01080,01-04-2025,15:20,B,Los Angeles,Member,Female,Fashion Accessories,18.32,8,7.328,153.888,E-wallet,102.592,43.968,9.2
INV-2025-01951,17-06-2025,10:08,A,New York,Normal,Male,Sports and Travel,29.18,6,8.754,183.834,E-wallet,122.556,52.524,8.8
INV-2025-04315,26-06-2025,18:28,B,Los Angeles,Member,Male,Food and Beverages,7.59,10,3.795,79.695,E-wallet,53.13,22.77,5.2
INV-2025-00690,17-12-2025,20:53,A,New York,Member,Male,Food and Beverages,3.76,1,0.188,3.948,Credit Card,2.632,1.128,7.1
INV-2025-02430,09-01-2025,17:23,A,New York,Normal,Female,Electronic Accessories,98.85,7,34.5975,726.5475,Credit Card,484.365,207.585,6.2
INV-2025-00642,28-06-2025,19:37,A,New York,Normal,Female,Sports and Travel,30.84,6,9.252,194.292,E-wallet,129.528,55.512,6.5
INV-2025-02393,16-01-2025,19:51,B,Los Angeles,Normal,Female,Home and Lifestyle,32.88,8,13.152,276.192,E-wallet,184.128,78.912,9.3
INV-2025-01954,09-08-2025,11:40,C,Chicago,Member,Male,Health and Beauty,42.53,7,14.8855,312.5955,E-wallet,208.397,89.313,5.4
INV-2025-02749,10-01-2025,13:54,A,New York,Normal,Male,Fashion Accessories,32.54,9,14.643,307.503,Credit Card,205.002,87.858,8.2
INV-2025-04314,19-06-2025,18:49,C,Chicago,Normal,Female,Electronic Accessories,90.49,5,22.6225,475.0725,Credit Card,316.715,135.735,6.2
INV-2025-03436,13-08-2025,11:22,B,Los Angeles,Member,Female,Home and Lifestyle,59.02,2,5.902,123.942,Cash,82.628,35.412,9.6
INV-2025-03337,20-05-2025,11:27,A,New York,Member,Female,Health and Beauty,44.79,10,22.395,470.295,Credit Card,313.53,134.37,6.8
INV-2025-04767,18-11-2025,19:54,A,New York,Normal,Female,Food and Beverages,11.62,6,3.486,73.206,E-wallet,48.804,20.916,6.4
INV-2025-03371,04-04-2025,12:13,A,New York,Member,Male,Fashion Accessories,74.66,8,29.864,627.144,Cash,418.096,179.184,8.7
INV-2025-01885,26-10-2025,11:20,A,New York,Member,Female,Home and Lifestyle,89.22,3,13.383,281.043,E-wallet,187.362,80.298,8
INV-2025-00390,21-10-2025,17:34,B,Los Angeles,Member,Male,Fashion Accessories,58.19,6,17.457,366.597,Cash,244.398,104.742,9.4
INV-2025-02495,27-02-2025,19:09,B,Los Angeles,Member,Male,Fashion Accessories,42.72,4,8.544,179.424,E-wallet,119.616,51.264,4.9
INV-2025-03879,22-05-2025,11:24,B,Los Angeles,Normal,Male,Health and Beauty,28.96,5,7.24,152.04,Cash,101.36,43.44,7.3
INV-2025-03857,01-10-2025,12:12,A,New York,Member,Male,Food and Beverages,2.36,7,0.826,17.346,Credit Card,11.564,4.956,7.2
INV-2025-00846,25-12-2025,19:25,A,New York,Member,Male,Fashion Accessories,29.76,3,4.464,93.744,Credit Card,62.496,26.784,6.7
INV-2025-00543,19-04-2025,17:30,A,New York,Normal,Female,Sports and Travel,34.26,3,5.139,107.919,Cash,71.946,30.834,4.4
INV-2025-00092,26-06-2025,21:19,B,Los Angeles,Member,Female,Sports and Travel,75.72,4,15.144,318.024,E-wallet,212.016,90.864,9.1
INV-2025-03890,16-05-2025,11:57,C,Chicago,Normal,Female,Food and Beverages,9.39,6,2.817,59.157,Credit Card,39.438,16.902,7.3
INV-2025-01980,19-07-2025,15:11,A,New York,Normal,Female,Home and Lifestyle,80.91,5,20.2275,424.7775,Credit Card,283.185,121.365,8.8
INV-2025-02813,08-11-2025,14:59,A,New York,Member,Female,Food and Beverages,16.74,8,6.696,140.616,E-wallet,93.744,40.176,8.9
INV-2025-04083,18-01-2025,20:26,A,New York,Member,Female,Sports and Travel,79.49,5,19.8725,417.3225,Cash,278.215,119.235,9
INV-2025-02903,10-09-2025,10:33,C,Chicago,Member,Female,Fashion Accessories,56.62,9,25.479,535.059,Credit Card,356.706,152.874,8.8
INV-2025-02530,04-05-2025,10:39,C,Chicago,Member,Male,Health and Beauty,25.52,10,12.76,267.96,E-wallet,178.64,76.56,5.5
INV-2025-01677,13-05-2025,16:36,C,Chicago,Normal,Male,Sports and Travel,52.7,9,23.715,498.015,Cash,332.01,142.29,5.6
INV-2025-01049,27-08-2025,09:22,B,Los Angeles,Normal,Male,Sports and Travel,28.52,2,2.852,59.892,Cash,39.928,17.112,7.7
INV-2025-01961,21-08-2025,11:48,B,Los Angeles,Normal,Male,Health and Beauty,38.77,10,19.385,407.085,E-wallet,271.39,116.31,6.5
INV-2025-02531,11-12-2025,11:22,C,Chicago,Member,Female,Food and Beverages,7.17,7,2.5095,52.6995,E-wallet,35.133,15.057,8.9
INV-2025-03993,11-01-2025,12:45,C,Chicago,Member,Male,Food and Beverages,3.59,10,1.795,37.695,E-wallet,25.13,10.77,5.7
INV-2025-00238,03-08-2025,16:50,C,Chicago,Normal,Male,Health and Beauty,48.45,6,14.535,305.235,Cash,203.49,87.21,7.7
INV-2025-03098,17-12-2025,13:10,A,New York,Member,Female,Electronic Accessories,32.53,3,4.8795,102.4695,Credit Card,68.313,29.277,5.6
INV-2025-03489,12-08-2025,14:31,A,New York,Member,Male,Health and Beauty,42.52,7,14.882,312.522,Cash,208.348,89.292,5.8
INV-2025-01134,28-12-2025,12:58,A,New York,Member,Male,Sports and Travel,71.4,5,17.85,374.85,E-wallet,249.9,107.1,8.4
INV-2025-01806,07-04-2025,12:00,A,New York,Normal,Male,Fashion Accessories,55.52,3,8.328,174.888,E-wallet,116.592,49.968,9.6
INV-2025-04318,12-04-2025,08:54,A,New York,Normal,Female,Home and Lifestyle,64.18,10,32.09,673.89,E-wallet,449.26,192.54,8.1
INV-2025-00164,26-05-2025,19:16,A,New York,Normal,Female,Electronic Accessories,68.13,10,34.065,715.365,Credit Card,476.91,204.39,7
INV-2025-03493,07-02-2025,19:38,A,New York,Member,Female,Health and Beauty,30.06,2,3.006,63.126,Cash,42.084,18.036,6.8
INV-2025-04710,22-01-2025,20:45,C,Chicago,Normal,Male,Food and Beverages,18.55,3,2.7825,58.4325,E-wallet,38.955,16.695,4.6
INV-2025-04631,02-06-2025,10:50,B,Los Angeles,Member,Male,Health and Beauty,51.83,2,5.183,108.843,Credit Card,72.562,31.098,9
INV-2025-03454,07-03-2025,13:46,A,New York,Member,Female,Fashion Accessories,22.87,3,3.4305,72.0405,Cash,48.027,20.583,6.4
INV-2025-03200,23-09-2025,21:34,B,Los Angeles,Normal,Male,Health and Beauty,28.43,9,12.7935,268.6635,Cash,179.109,76.761,4.5
INV-2025-03635,31-07-2025,15:36,C,Chicago,Member,Male,Food and Beverages,5.57,10,2.785,58.485,E-wallet,38.99,16.71,4.5
INV-2025-03940,14-08-2025,17:07,A,New York,Normal,Male,Fashion Accessories,57.34,10,28.67,602.07,Credit Card,401.38,172.02,7.3
INV-2025-01812,21-12-2025,18:28,A,New York,Normal,Male,Health and Beauty,24.37,8,9.748,204.708,Credit Card,136.472,58.488,9
INV-2025-03650,31-01-2025,12:24,C,Chicago,Member,Male,Fashion Accessories,16.75,5,4.1875,87.9375,Credit Card,58.625,25.125,6
INV-2025-04050,07-10-2025,20:59,B,Los Angeles,Member,Female,Health and Beauty,50.59,3,7.5885,159.3585,Unknown,106.239,45.531,8.4
INV-2025-01429,05-09-2025,13:32,A,New York,Normal,Female,Health and Beauty,57.61,5,14.4025,302.4525,E-wallet,201.635,86.415,5.5
INV-2025-03614,18-08-2025,18:29,B,Los Angeles,Member,Female,Electronic Accessories,86.53,9,38.9385,817.7085,Credit Card,545.139,233.631,5.9
INV-2025-03132,28-09-2025,11:44,B,Los Angeles,Member,Female,Home and Lifestyle,71.67,9,32.2515,677.2815,E-wallet,451.521,193.509,8.3
INV-2025-03397,08-07-2025,12:45,A,New York,Member,Female,Sports and Travel,26.18,10,13.09,274.89,Credit Card,183.26,78.54,8.3
INV-2025-04461,31-12-2025,13:50,A,New York,Normal,Female,Fashion Accessories,64.82,7,22.687,476.427,Credit Card,317.618,136.122,7.9
INV-2025-04650,06-12-2025,13:32,A,New York,Unknown,Male,Sports and Travel,55.67,7,19.4845,409.1745,E-wallet,272.783,116.907,4.7
INV-2025-02821,09-04-2025,15:19,B,Los Angeles,Member,Male,Fashion Accessories,54.63,9,24.5835,516.2535,E-wallet,344.169,147.501,6.9
INV-2025-01453,05-12-2025,16:49,A,New York,Member,Female,Food and Beverages,18.69,3,2.8035,58.8735,Credit Card,39.249,16.821,5.2
INV-2025-00594,27-01-2025,11:23,B,Los Angeles,Member,Female,Electronic Accessories,70.09,2,7.009,147.189,Credit Card,98.126,42.054,8.6
INV-2025-00042,24-10-2025,17:20,B,Los Angeles,Member,Male,Food and Beverages,12.88,3,1.932,40.572,Credit Card,27.048,11.592,5.7
INV-2025-00561,12-07-2025,17:57,B,Los Angeles,Normal,Male,Health and Beauty,44.78,5,11.195,235.095,Cash,156.73,67.17,8
INV-2025-03274,15-09-2025,20:04,A,New York,Member,Female,Health and Beauty,52.75,5,13.1875,276.9375,Credit Card,184.625,79.125,6.4
INV-2025-03245,23-09-2025,17:52,A,New York,Member,Female,Home and Lifestyle,69.29,5,17.3225,363.7725,E-wallet,242.515,103.935,9.2
INV-2025-00244,25-08-2025,12:25,B,Los Angeles,Member,Female,Sports and Travel,26.75,10,13.375,280.875,E-wallet,187.25,80.25,6.7
INV-2025-01340,12-03-2025,15:20,B,Los Angeles,Normal,Female,Health and Beauty,35.51,5,8.8775,186.4275,Credit Card,124.285,53.265,8
INV-2025-02781,10-06-2025,21:26,C,Chicago,Member,Female,Fashion Accessories,22.65,2,2.265,47.565,Credit Card,31.71,13.59,8.8
INV-2025-03188,06-12-2025,11:28,C,Chicago,Member,Female,Fashion Accessories,42.28,8,16.912,355.152,Cash,236.768,101.472,7.4
INV-2025-03800,06-04-2025,19:02,B,Los Angeles,Member,Male,Home and Lifestyle,61.24,6,18.372,385.812,Cash,257.208,110.232,8.4
INV-2025-01443,20-07-2025,12:04,A,New York,Normal,Female,Sports and Travel,36.19,8,14.476,303.996,Credit Card,202.664,86.856,9.8
INV-2025-00262,08-08-2025,12:44,C,Chicago,Normal,Female,Electronic Accessories,89.33,5,22.3325,468.9825,Cash,312.655,133.995,6.2
INV-2025-02765,05-05-2025,16:07,B,Los Angeles,Member,Female,Health and Beauty,36.37,6,10.911,229.131,E-wallet,152.754,65.466,9.6
INV-2025-01690,20-08-2025,14:56,B,Los Angeles,Normal,Female,Sports and Travel,33.06,6,9.918,208.278,Credit Card,138.852,59.508,6.3
INV-2025-01726,04-07-2025,13:20,C,Chicago,Member,Female,Sports and Travel,42.45,2,4.245,89.145,Credit Card,59.43,25.47,4.8
INV-2025-04793,01-04-2025,21:28,B,Los Angeles,Normal,Male,Home and Lifestyle,30.03,9,13.5135,283.7835,Cash,189.189,81.081,4.5
INV-2025-00835,04-12-2025,18:06,B,Los Angeles,Normal,Male,Home and Lifestyle,83.19,5,20.7975,436.7475,Cash,291.165,124.785,5.5
INV-2025-01867,21-07-2025,18:18,C,Chicago,Normal,Male,Electronic Accessories,56.26,4,11.252,236.292,Credit Card,157.528,67.512,8.6
INV-2025-02497,14-01-2025,13:36,B,Los Angeles,Member,Male,Sports and Travel,63.61,6,19.083,400.743,E-wallet,267.162,114.498,8.4
INV-2025-02011,31-03-2025,12:57,A,New York,Normal,Female,Health and Beauty,27.54,3,4.131,86.751,Cash,57.834,24.786,9.4
INV-2025-00341,15-02-2025,11:27,B,Los Angeles,Member,Female,Sports and Travel,25.28,9,11.376,238.896,Cash,159.264,68.256,6.2
INV-2025-02989,03-01-2025,19:31,A,New York,Member,Female,Food and Beverages,21.28,3,3.192,67.032,Credit Card,44.688,19.152,7.3
INV-2025-01602,25-09-2025,12:40,B,Los Angeles,Normal,Male,Home and Lifestyle,41.23,9,18.5535,389.6235,Credit Card,259.749,111.321,6.3
INV-2025-03876,18-02-2025,17:04,C,Chicago,Normal,Male,Home and Lifestyle,33.51,4,6.702,140.742,Cash,93.828,40.212,8.5
INV-2025-04695,01-05-2025,19:03,B,Los Angeles,Normal,Male,Food and Beverages,9.67,5,2.4175,50.7675,Cash,33.845,14.505,7.5
INV-2025-00481,24-12-2025,11:08,B,Los Angeles,Member,Female,Fashion Accessories,47.14,9,21.213,445.473,Credit Card,296.982,127.278,8.4
INV-2025-02826,12-06-2025,20:39,B,Los Angeles,Member,Female,Sports and Travel,41.43,4,8.286,174.006,Cash,116.004,49.716,8.7
INV-2025-04330,17-03-2025,16:42,A,New York,Member,Male,Electronic Accessories,26.11,5,6.5275,137.0775,Credit Card,91.385,39.165,8.4
INV-2025-03541,20-01-2025,14:03,B,Los Angeles,Normal,Female,Food and Beverages,18.43,3,2.7645,58.0545,Cash,38.703,16.587,6.5
INV-2025-04639,18-01-2025,13:07,C,Chicago,Normal,Female,Health and Beauty,29.8,6,8.94,187.74,Credit Card,125.16,53.64,5.9
INV-2025-03047,10-07-2025,09:10,A,New York,Member,Female,Home and Lifestyle,75.85,2,7.585,159.285,Credit Card,106.19,45.51,8.4
INV-2025-03991,16-07-2025,20:05,A,New York,Member,Female,Fashion Accessories,66.68,3,10.002,210.042,Credit Card,140.028,60.012,9.2
INV-2025-01767,31-10-2025,18:19,A,New York,Member,Male,Sports and Travel,65.26,3,9.789,205.569,E-wallet,137.046,58.734,9.3
INV-2025-04474,06-04-2025,20:22,A,New York,Normal,Male,Sports and Travel,37,2,3.7,77.7,Cash,51.8,22.2,4
INV-2025-02454,16-06-2025,12:35,C,Chicago,Normal,Male,Sports and Travel,42.49,10,21.245,446.145,Cash,297.43,127.47,5.9
INV-2025-02878,24-06-2025,11:35,A,New York,Normal,Male,Electronic Accessories,22.39,3,3.3585,70.5285,E-wallet,47.019,20.151,8.1
INV-2025-03816,15-01-2025,19:11,B,Los Angeles,Normal,Female,Electronic Accessories,53.23,9,23.9535,503.0235,Unknown,335.349,143.721,4.7
INV-2025-04017,18-08-2025,20:35,A,New York,Member,Female,Home and Lifestyle,51.96,2,5.196,109.116,Credit Card,72.744,31.176,6.6
INV-2025-04678,13-10-2025,14:43,C,Chicago,Normal,Male,Sports and Travel,69.61,6,20.883,438.543,E-wallet,292.362,125.298,7.6
INV-2025-03680,25-10-2025,11:03,B,Los Angeles,Normal,Female,Health and Beauty,45.29,8,18.116,380.436,E-wallet,253.624,108.696,5.9
INV-2025-01272,23-01-2025,20:06,B,Los Angeles,Member,Male,Fashion Accessories,30.82,4,6.164,129.444,Credit Card,86.296,36.984,7.4
INV-2025-03078,30-10-2025,12:52,A,New York,Normal,Female,Food and Beverages,10.12,3,1.518,31.878,Cash,21.252,9.108,9.2
INV-2025-04502,02-11-2025,18:01,B,Los Angeles,Member,Female,Health and Beauty,54.33,7,19.0155,399.3255,Cash,266.217,114.093,4.1
INV-2025-03095,10-03-2025,21:43,B,Los Angeles,Normal,Female,Sports and Travel,30.09,7,10.5315,221.1615,Credit Card,147.441,63.189,8.6
INV-2025-04654,14-03-2025,18:13,C,Chicago,Member,Male,Sports and Travel,74.67,4,14.934,313.614,Credit Card,209.076,89.604,7.8
INV-2025-00348,06-12-2025,15:39,B,Los Angeles,Member,Male,Food and Beverages,18.53,2,1.853,38.913,Cash,25.942,11.118,8.7
INV-2025-03882,20-06-2025,14:28,C,Chicago,Member,Female,Electronic Accessories,83.22,4,16.644,349.524,Credit Card,233.016,99.864,6.2
INV-2025-04624,26-07-2025,13:09,C,Chicago,Normal,Male,Sports and Travel,43.47,9,19.5615,410.7915,Credit Card,273.861,117.369,8.7
INV-2025-02563,16-10-2025,20:43,A,New York,Member,Male,Home and Lifestyle,62.75,7,21.9625,461.2125,Credit Card,307.475,131.775,6
INV-2025-04591,21-07-2025,20:11,C,Chicago,Member,Female,Home and Lifestyle,66.37,1,3.3185,69.6885,Credit Card,46.459,19.911,5.2
INV-2025-01424,22-11-2025,13:09,C,Chicago,Member,Female,Home and Lifestyle,47.61,1,2.3805,49.9905,Cash,33.327,14.283,4.1
INV-2025-00657,10-06-2025,13:37,C,Chicago,Normal,Male,Sports and Travel,38.08,2,3.808,79.968,Cash,53.312,22.848,9.8
INV-2025-02103,22-12-2025,10:01,C,Chicago,Member,Female,Fashion Accessories,12.42,7,4.347,91.287,Cash,60.858,26.082,4.7
INV-2025-00633,22-12-2025,16:06,C,Chicago,Normal,Male,Health and Beauty,28.19,4,5.638,118.398,Credit Card,78.932,33.828,7.6
INV-2025-02893,09-11-2025,11:00,C,Chicago,Member,Female,Health and Beauty,17.98,7,6.293,132.153,Cash,88.102,37.758,4.3
INV-2025-02494,16-12-2025,16:43,C,Chicago,Normal,Female,Home and Lifestyle,76.62,8,30.648,643.608,Cash,429.072,183.888,5
INV-2025-02666,27-07-2025,19:59,A,New York,Member,Female,Sports and Travel,71.12,2,7.112,149.352,E-wallet,99.568,42.672,5.6
INV-2025-04016,11-09-2025,14:05,B,Los Angeles,Normal,Female,Health and Beauty,45.52,9,20.484,430.164,E-wallet,286.776,122.904,4
INV-2025-03663,31-10-2025,13:53,C,Chicago,Normal,Male,Electronic Accessories,34.1,1,1.705,35.805,Credit Card,23.87,10.23,7.8
INV-2025-03308,19-02-2025,16:13,B,Los Angeles,Member,Male,Health and Beauty,39.83,8,15.932,334.572,Credit Card,223.048,95.592,4.6
INV-2025-03097,20-11-2025,21:43,B,Los Angeles,Normal,Male,Sports and Travel,47.17,3,7.0755,148.5855,E-wallet,99.057,42.453,8.5
INV-2025-03920,17-11-2025,11:43,C,Chicago,Member,Male,Health and Beauty,21.97,2,2.197,46.137,Cash,30.758,13.182,9.3
INV-2025-02501,16-04-2025,13:43,B,Los Angeles,Normal,Female,Fashion Accessories,14.47,3,2.1705,45.5805,Cash,30.387,13.023,6.5
INV-2025-01466,08-02-2025,21:23,A,New York,Member,Female,Sports and Travel,26.36,5,6.59,138.39,Credit Card,92.26,39.54,8.3
INV-2025-02834,23-07-2025,14:01,A,New York,Member,Female,Health and Beauty,36.76,1,1.838,38.598,Cash,25.732,11.028,5.9
INV-2025-00116,15-10-2025,21:52,B,Los Angeles,Normal,Male,Food and Beverages,23.37,5,5.8425,122.6925,Cash,81.795,35.055,5.6
INV-2025-01822,28-04-2025,19:19,C,Chicago,Normal,Female,Electronic Accessories,16.15,2,1.615,33.915,Cash,22.61,9.69,6.3
INV-2025-01495,20-10-2025,09:17,A,New York,Normal,Male,Fashion Accessories,12.94,3,1.941,40.761,Cash,27.174,11.646,5.3
INV-2025-02402,29-11-2025,17:08,A,New York,Member,Male,Electronic Accessories,31.41,3,4.7115,98.9415,Credit Card,65.961,28.269,9.6
INV-2025-01233,24-06-2025,19:02,B,Los Angeles,Normal,Male,Fashion Accessories,40.32,10,20.16,423.36,Cash,282.24,120.96,8.3
INV-2025-02662,24-10-2025,19:15,B,Los Angeles,Normal,Female,Sports and Travel,49.11,4,9.822,206.262,Credit Card,137.508,58.932,5.2
INV-2025-04101,15-11-2025,14:41,C,Chicago,Normal,Male,Sports and Travel,65.12,3,9.768,205.128,Credit Card,136.752,58.608,5.1
INV-2025-04574,20-06-2025,20:40,C,Chicago,Normal,Female,Health and Beauty,14.03,10,7.015,147.315,Cash,98.21,42.09,5.2
INV-2025-01154,10-02-2025,17:35,C,Chicago,Member,Female,Home and Lifestyle,40.43,6,12.129,254.709,Credit Card,169.806,72.774,6.8
INV-2025-03849,08-07-2025,14:34,B,Los Angeles,Member,Female,Fashion Accessories,66.99,3,10.0485,211.0185,Unknown,140.679,60.291,6.6
INV-2025-00058,22-01-2025,13:27,B,Los Angeles,Member,Female,Health and Beauty,52.48,8,20.992,440.832,Cash,293.888,125.952,9.8
INV-2025-04105,22-05-2025,13:55,B,Los Angeles,Normal,Male,Food and Beverages,23.03,8,9.212,193.452,E-wallet,128.968,55.272,9.3
INV-2025-04289,02-09-2025,18:19,C,Chicago,Normal,Male,Health and Beauty,48.15,8,19.26,404.46,E-wallet,269.64,115.56,4.4
INV-2025-04946,18-08-2025,12:55,C,Chicago,Normal,Male,Sports and Travel,45.92,3,6.888,144.648,Cash,96.432,41.328,4.2
INV-2025-01736,14-08-2025,10:36,A,New York,Member,Female,Health and Beauty,50.48,10,25.24,530.04,Credit Card,353.36,151.44,4.1
INV-2025-02197,12-05-2025,19:40,B,Los Angeles,Member,Female,Home and Lifestyle,72.3,10,36.15,759.15,Cash,506.1,216.9,5.7
INV-2025-03554,11-06-2025,13:50,A,New York,Member,Female,Home and Lifestyle,21.22,3,3.183,66.843,E-wallet,44.562,19.098,6.5
INV-2025-02476,02-02-2025,14:21,B,Los Angeles,Member,Female,Health and Beauty,43.83,1,2.1915,46.0215,Cash,30.681,13.149,6.1
INV-2025-02565,25-06-2025,13:08,C,Chicago,Normal,Female,Electronic Accessories,82.61,7,28.9135,607.1835,Cash,404.789,173.481,9
INV-2025-03159,21-06-2025,16:50,A,New York,Normal,Female,Health and Beauty,12.67,2,1.267,26.607,Cash,17.738,7.602,7.8
INV-2025-04035,09-09-2025,13:30,A,New York,Member,Male,Food and Beverages,8.5,8,3.4,71.4,Credit Card,47.6,20.4,6.3
INV-2025-03656,24-04-2025,17:49,A,New York,Normal,Female,Sports and Travel,59.49,6,17.847,374.787,Credit Card,249.858,107.082,8.4
INV-2025-00708,15-10-2025,10:06,A,New York,Member,Male,Home and Lifestyle,30.99,5,7.7475,162.6975,Credit Card,108.465,46.485,8.6
INV-2025-04281,03-03-2025,12:24,B,Los Angeles,Member,Female,Food and Beverages,15.9,10,7.95,166.95,Credit Card,111.3,47.7,9.2
INV-2025-01094,18-10-2025,18:03,C,Chicago,Member,Female,Fashion Accessories,31.96,3,4.794,100.674,Cash,67.116,28.764,8.1
INV-2025-04840,24-12-2025,16:24,B,Los Angeles,Normal,Female,Electronic Accessories,63.25,1,3.1625,66.4125,Credit Card,44.275,18.975,9.7
INV-2025-01377,05-05-2025,20:56,A,New York,Member,Male,Food and Beverages,6.3,4,1.26,26.46,Credit Card,17.64,7.56,10
INV-2025-04914,03-10-2025,19:54,C,Chicago,Normal,Male,Electronic Accessories,79.76,9,35.892,753.732,E-wallet,502.488,215.352,6.4
INV-2025-00073,14-03-2025,10:10,C,Chicago,Normal,Female,Sports and Travel,32.46,5,8.115,170.415,Credit Card,113.61,48.69,9.7
INV-2025-01923,29-04-2025,16:20,A,New York,Normal,Male,Home and Lifestyle,43.31,6,12.993,272.853,Cash,181.902,77.958,5
INV-2025-03174,25-06-2025,11:39,B,Los Angeles,Member,Female,Electronic Accessories,32.57,1,1.6285,34.1985,E-wallet,22.799,9.771,7.6
INV-2025-01765,15-02-2025,14:28,A,New York,Member,Male,Home and Lifestyle,82.75,6,24.825,521.325,E-wallet,347.55,148.95,9.5
INV-2025-00744,10-12-2025,14:07,B,Los Angeles,Normal,Female,Sports and Travel,35.63,1,1.7815,37.4115,Cash,24.941,10.689,6.2
INV-2025-04319,30-05-2025,14:50,B,Los Angeles,Normal,Female,Home and Lifestyle,43.9,7,15.365,322.665,Cash,215.11,92.19,5.9
INV-2025-01006,17-12-2025,18:29,B,Los Angeles,Member,Female,Sports and Travel,26.66,9,11.997,251.937,Cash,167.958,71.982,8.6
INV-2025-02669,03-04-2025,20:42,B,Los Angeles,Normal,Female,Food and Beverages,23.76,2,2.376,49.896,Cash,33.264,14.256,7
INV-2025-01191,14-08-2025,19:06,A,New York,Member,Female,Fashion Accessories,48.54,1,2.427,50.967,E-wallet,33.978,14.562,6.3
INV-2025-04632,11-06-2025,11:24,B,Los Angeles,Normal,Female,Health and Beauty,26.87,7,9.4045,197.4945,Credit Card,131.663,56.427,4.5
INV-2025-02602,01-06-2025,11:05,A,New York,Member,Male,Electronic Accessories,22.13,6,6.639,139.419,Credit Card,92.946,39.834,9.1
INV-2025-01126,15-06-2025,14:24,B,Los Angeles,Normal,Female,Fashion Accessories,16.8,6,5.04,105.84,E-wallet,70.56,30.24,4
INV-2025-01242,28-06-2025,19:11,C,Chicago,Normal,Female,Home and Lifestyle,63.15,4,12.63,265.23,Credit Card,176.82,75.78,5.8
INV-2025-04607,25-05-2025,11:44,B,Los Angeles,Normal,Male,Electronic Accessories,70.16,3,10.524,221.004,Cash,147.336,63.144,7.3
INV-2025-04131,18-03-2025,11:55,C,Chicago,Member,Female,Food and Beverages,13.89,8,5.556,116.676,Credit Card,77.784,33.336,7.4
INV-2025-03443,16-06-2025,17:02,A,New York,Member,Female,Electronic Accessories,48.48,4,9.696,203.616,Credit Card,135.744,58.176,5.7
INV-2025-00999,27-06-2025,13:00,B,Los Angeles,Normal,Female,Fashion Accessories,19.76,5,4.94,103.74,Credit Card,69.16,29.64,8
INV-2025-03387,24-01-2025,18:44,A,New York,Member,Male,Sports and Travel,77.6,5,19.4,407.4,Credit Card,271.6,116.4,9.6
INV-2025-02685,05-02-2025,18:23,B,Los Angeles,Member,Female,Food and Beverages,5.27,7,1.8445,38.7345,Credit Card,25.823,11.067,4.1
INV-2025-01578,11-10-2025,17:41,A,New York,Member,Female,Health and Beauty,44.76,8,17.904,375.984,Cash,250.656,107.424,9.5
INV-2025-04791,15-01-2025,20:07,C,Chicago,Member,Male,Home and Lifestyle,54.7,9,24.615,516.915,E-wallet,344.61,147.69,6.6
INV-2025-01827,12-03-2025,09:10,B,Los Angeles,Member,Male,Health and Beauty,41.14,8,16.456,345.576,Cash,230.384,98.736,8.4
INV-2025-03293,02-09-2025,19:40,A,New York,Normal,Male,Electronic Accessories,41.62,5,10.405,218.505,Cash,145.67,62.43,7.2
INV-2025-03537,14-10-2025,19:51,C,Chicago,Normal,Male,Home and Lifestyle,25.32,3,3.798,79.758,E-wallet,53.172,22.788,9.6
INV-2025-00441,16-08-2025,19:23,C,Chicago,Member,Female,Sports and Travel,35.04,1,1.752,36.792,Cash,24.528,10.512,5.4
INV-2025-04952,19-10-2025,12:02,B,Los Angeles,Normal,Female,Health and Beauty,43.43,3,6.5145,136.8045,E-wallet,91.203,39.087,4.8
INV-2025-01101,31-08-2025,08:26,A,New York,Member,Male,Home and Lifestyle,69.1,4,13.82,290.22,Credit Card,193.48,82.92,7.2
INV-2025-04011,27-06-2025,19:04,A,New York,Member,Female,Fashion Accessories,43.27,7,15.1445,318.0345,E-wallet,212.023,90.867,9.3
INV-2025-03059,29-12-2025,17:23,B,Los Angeles,Unknown,Male,Home and Lifestyle,44.5,8,17.8,373.8,E-wallet,249.2,106.8,8.3
INV-2025-00650,27-12-2025,15:11,B,Los Angeles,Member,Female,Home and Lifestyle,85.6,9,38.52,808.92,E-wallet,539.28,231.12,9.1
INV-2025-01547,15-11-2025,18:35,B,Los Angeles,Member,Male,Sports and Travel,70.83,1,3.5415,74.3715,Credit Card,49.581,21.249,5
INV-2025-04757,28-12-2025,15:55,A,New York,Normal,Male,Fashion Accessories,60.92,2,6.092,127.932,Cash,85.288,36.552,5.4
INV-2025-03561,21-07-2025,17:18,C,Chicago,Member,Female,Electronic Accessories,35.25,10,17.625,370.125,Cash,246.75,105.75,5.5
INV-2025-03887,11-06-2025,15:58,B,Los Angeles,Normal,Male,Sports and Travel,73.94,9,33.273,698.733,E-wallet,465.822,199.638,4.6
INV-2025-03742,01-06-2025,08:14,B,Los Angeles,Member,Female,Food and Beverages,5.99,1,0.2995,6.2895,E-wallet,4.193,1.797,7.9
INV-2025-00631,09-06-2025,18:53,B,Los Angeles,Normal,Female,Sports and Travel,36.33,2,3.633,76.293,E-wallet,50.862,21.798,8.8
INV-2025-00673,23-07-2025,18:45,B,Los Angeles,Member,Female,Health and Beauty,14.76,1,0.738,15.498,Cash,10.332,4.428,9.6
INV-2025-01250,09-07-2025,13:59,C,Chicago,Member,Female,Health and Beauty,57.9,3,8.685,182.385,Credit Card,121.59,52.11,9
INV-2025-00483,26-06-2025,16:01,C,Chicago,Member,Female,Food and Beverages,20.9,8,8.36,175.56,Credit Card,117.04,50.16,6.6
INV-2025-01585,10-11-2025,13:40,A,New York,Normal,Female,Sports and Travel,74.82,4,14.964,314.244,E-wallet,209.496,89.784,5.2
INV-2025-03075,03-03-2025,16:42,C,Chicago,Normal,Male,Food and Beverages,11.47,8,4.588,96.348,Cash,64.232,27.528,6.6
INV-2025-04628,10-04-2025,19:03,B,Los Angeles,Member,Female,Health and Beauty,29.85,10,14.925,313.425,Credit Card,208.95,89.55,7.8
INV-2025-03039,09-06-2025,11:13,A,New York,Normal,Male,Fashion Accessories,38.98,5,9.745,204.645,Cash,136.43,58.47,5.4
INV-2025-01463,13-02-2025,11:06,B,Los Angeles,Normal,Male,Food and Beverages,5.12,8,2.048,43.008,Credit Card,28.672,12.288,7.3
INV-2025-03930,16-05-2025,16:06,B,Los Angeles,Normal,Male,Fashion Accessories,46.1,3,6.915,145.215,Credit Card,96.81,41.49,8.5
INV-2025-03622,13-08-2025,15:30,A,New York,Normal,Male,Home and Lifestyle,73.17,8,29.268,614.628,Credit Card,409.752,175.608,5
INV-2025-02579,28-08-2025,13:19,B,Los Angeles,Member,Female,Health and Beauty,13.8,8,5.52,115.92,E-wallet,77.28,33.12,7.9
INV-2025-03802,05-04-2025,13:08,C,Chicago,Unknown,Female,Health and Beauty,59.03,4,11.806,247.926,Credit Card,165.284,70.836,5.5
INV-2025-00050,22-10-2025,14:00,C,Chicago,Member,Female,Sports and Travel,57.29,9,25.7805,541.3905,E-wallet,360.927,154.683,9.4
INV-2025-04290,26-07-2025,12:26,C,Chicago,Normal,Female,Health and Beauty,30.19,4,6.038,126.798,E-wallet,84.532,36.228,8.6
INV-2025-03345,16-12-2025,15:01,C,Chicago,Normal,Female,Electronic Accessories,47.3,6,14.19,297.99,Cash,198.66,85.14,7.9
INV-2025-00859,21-04-2025,16:17,A,New York,Normal,Male,Food and Beverages,7.86,7,2.751,57.771,Credit Card,38.514,16.506,5
INV-2025-01073,23-05-2025,18:07,C,Chicago,Normal,Male,Fashion Accessories,14.83,3,2.2245,46.7145,Credit Card,31.143,13.347,5.7
INV-2025-00720,24-09-2025,18:06,A,New York,Normal,Female,Sports and Travel,30.88,7,10.808,226.968,E-wallet,151.312,64.848,4.5
INV-2025-03718,07-02-2025,17:34,A,New York,Normal,Female,Electronic Accessories,53.03,5,13.2575,278.4075,Credit Card,185.605,79.545,8.6
INV-2025-02632,12-08-2025,13:07,B,Los Angeles,Member,Female,Electronic Accessories,94.51,1,4.7255,99.2355,E-wallet,66.157,28.353,4.3
INV-2025-04874,22-12-2025,15:21,A,New York,Member,Female,Electronic Accessories,19.01,10,9.505,199.605,Credit Card,133.07,57.03,9.7
INV-2025-01661,03-03-2025,14:56,C,Chicago,Member,Male,Food and Beverages,24.61,9,11.0745,232.5645,Credit Card,155.043,66.447,9.6
INV-2025-01657,04-10-2025,19:06,A,New York,Member,Male,Fashion Accessories,53.25,1,2.6625,55.9125,Credit Card,37.275,15.975,8
INV-2025-02426,05-11-2025,10:28,C,Chicago,Member,Male,Electronic Accessories,75.89,5,18.9725,398.4225,Cash,265.615,113.835,5.8
INV-2025-03525,06-11-2025,19:48,C,Chicago,Member,Female,Electronic Accessories,17.76,1,0.888,18.648,Credit Card,12.432,5.328,5.7
INV-2025-04230,25-08-2025,16:56,C,Chicago,Member,Female,Home and Lifestyle,28.47,6,8.541,179.361,E-wallet,119.574,51.246,8.8
INV-2025-04975,10-10-2025,10:17,A,New York,Member,Male,Food and Beverages,23.71,7,8.2985,174.2685,Credit Card,116.179,49.791,5.8
INV-2025-03310,09-09-2025,12:56,C,Chicago,Member,Male,Home and Lifestyle,29.4,8,11.76,246.96,E-wallet,164.64,70.56,8.7
INV-2025-04477,20-02-2025,18:59,C,Chicago,Normal,Male,Health and Beauty,51.66,10,25.83,542.43,E-wallet,361.62,154.98,9.7
INV-2025-03306,16-06-2025,20:22,A,New York,Normal,Female,Food and Beverages,8.43,6,2.529,53.109,Cash,35.406,15.174,5
INV-2025-04752,01-02-2025,18:37,B,Los Angeles,Member,Male,Sports and Travel,60.94,2,6.094,127.974,E-wallet,85.316,36.564,6.3
INV-2025-04127,05-02-2025,17:53,B,Los Angeles,Normal,Male,Food and Beverages,20.47,7,7.1645,150.4545,Cash,100.303,42.987,9.2
INV-2025-02607,22-02-2025,09:06,C,Chicago,Normal,Female,Fashion Accessories,50.03,1,2.5015,52.5315,Cash,35.021,15.009,8.5
INV-2025-01386,24-06-2025,13:34,B,Los Angeles,Normal,Female,Food and Beverages,13.22,10,6.61,138.81,Credit Card,92.54,39.66,9.5
INV-2025-03836,21-02-2025,14:20,A,New York,Member,Male,Home and Lifestyle,50.74,2,5.074,106.554,Cash,71.036,30.444,6.1
INV-2025-01400,24-05-2025,11:15,B,Los Angeles,Member,Female,Sports and Travel,37.8,2,3.78,79.38,E-wallet,52.92,22.68,6.5
INV-2025-01196,24-08-2025,13:12,B,Los Angeles,Normal,Female,Food and Beverages,19.2,1,0.96,20.16,Cash,13.44,5.76,7.9
INV-2025-01409,01-04-2025,13:30,C,Chicago,Normal,Male,Health and Beauty,50.39,4,10.078,211.638,Credit Card,141.092,60.468,4.5
INV-2025-03825,02-03-2025,14:43,C,Chicago,Member,Female,Fashion Accessories,34.86,7,12.201,256.221,Cash,170.814,73.206,7.9
INV-2025-01799,29-10-2025,21:17,A,New York,Member,Female,Health and Beauty,59.88,5,14.97,314.37,Credit Card,209.58,89.82,7.5
INV-2025-01476,25-11-2025,16:42,A,New York,Normal,Male,Electronic Accessories,78.31,2,7.831,164.451,Credit Card,109.634,46.986,4.8
INV-2025-04966,27-10-2025,20:10,C,Chicago,Normal,Female,Home and Lifestyle,44.91,7,15.7185,330.0885,Credit Card,220.059,94.311,5.3
INV-2025-00036,29-08-2025,12:52,C,Chicago,Unknown,Male,Electronic Accessories,17.01,4,3.402,71.442,Credit Card,47.628,20.412,5.7
INV-2025-03542,13-06-2025,15:20,A,New York,Normal,Female,Health and Beauty,45.36,4,9.072,190.512,Credit Card,127.008,54.432,7.6
INV-2025-02346,03-02-2025,20:29,B,Los Angeles,Normal,Female,Food and Beverages,14.09,6,4.227,88.767,Credit Card,59.178,25.362,7.6
INV-2025-04679,11-04-2025,11:19,A,New York,Normal,Female,Health and Beauty,20.02,9,9.009,189.189,E-wallet,126.126,54.054,4.7
INV-2025-02360,29-08-2025,16:51,B,Los Angeles,Normal,Male,Food and Beverages,2.84,2,0.284,5.964,Credit Card,3.976,1.704,8
INV-2025-02207,20-04-2025,14:24,C,Chicago,Normal,Male,Home and Lifestyle,69.94,8,27.976,587.496,Cash,391.664,167.856,8
INV-2025-03768,14-07-2025,15:20,C,Chicago,Member,Male,Fashion Accessories,13.6,8,5.44,114.24,Cash,76.16,32.64,8.1
INV-2025-01287,16-12-2025,15:16,A,New York,Normal,Female,Sports and Travel,80.17,3,12.0255,252.5355,Credit Card,168.357,72.153,9.3
INV-2025-00350,17-04-2025,18:30,A,New York,Member,Male,Health and Beauty,51.76,8,20.704,434.784,Cash,289.856,124.224,4.5
INV-2025-02138,24-01-2025,11:03,C,Chicago,Normal,Female,Fashion Accessories,29.39,8,11.756,246.876,E-wallet,164.584,70.536,5.2
INV-2025-02692,07-01-2025,20:21,C,Chicago,Normal,Female,Health and Beauty,34.64,8,13.856,290.976,Cash,193.984,83.136,6.9
INV-2025-04561,31-10-2025,17:12,B,Los Angeles,Normal,Male,Health and Beauty,28.45,1,1.4225,29.8725,E-wallet,19.915,8.535,No Rating Given
INV-2025-03968,12-05-2025,17:02,B,Los Angeles,Normal,Female,Sports and Travel,73.73,3,11.0595,232.2495,Credit Card,154.833,66.357,10
INV-2025-01682,15-07-2025,20:02,B,Los Angeles,Member,Male,Sports and Travel,65.97,1,3.2985,69.2685,Cash,46.179,19.791,7.6
INV-2025-04835,15-05-2025,17:03,A,New York,Member,Female,Food and Beverages,21.25,6,6.375,133.875,Cash,89.25,38.25,9.3
INV-2025-01444,30-12-2025,19:28,A,New York,Member,Female,Fashion Accessories,30.46,10,15.23,319.83,E-wallet,213.22,91.38,5.1
INV-2025-03244,13-07-2025,17:35,A,New York,Normal,Male,Sports and Travel,60.33,7,21.1155,443.4255,Cash,295.617,126.693,7
INV-2025-01672,06-08-2025,09:53,A,New York,Member,Male,Health and Beauty,39.32,4,7.864,165.144,Credit Card,110.096,47.184,8.5
INV-2025-03837,04-08-2025,11:28,B,Los Angeles,Member,Female,Electronic Accessories,80.47,3,12.0705,253.4805,E-wallet,168.987,72.423,9.7
INV-2025-01180,26-08-2025,11:56,C,Chicago,Member,Male,Electronic Accessories,55.66,8,22.264,467.544,Cash,311.696,133.584,5.2
INV-2025-02799,19-08-2025,13:04,C,Chicago,Normal,Female,Sports and Travel,80.53,7,28.1855,591.8955,Cash,394.597,169.113,8.1
INV-2025-01693,11-09-2025,21:08,A,New York,Member,Female,Sports and Travel,80.84,1,4.042,84.882,E-wallet,56.588,24.252,5.6
INV-2025-03957,23-05-2025,18:59,C,Chicago,Normal,Male,Food and Beverages,12.52,6,3.756,78.876,E-wallet,52.584,22.536,4.6
INV-2025-00373,16-03-2025,19:44,C,Chicago,Member,Male,Home and Lifestyle,76.98,2,7.698,161.658,Credit Card,107.772,46.188,8.1
INV-2025-03611,05-12-2025,16:16,B,Los Angeles,Normal,Female,Fashion Accessories,14.4,2,1.44,30.24,E-wallet,20.16,8.64,7.5
INV-2025-01917,10-01-2025,17:33,B,Los Angeles,Member,Male,Health and Beauty,15.65,4,3.13,65.73,Credit Card,43.82,18.78,9.3
INV-2025-01358,10-08-2025,10:16,C,Chicago,Member,Female,Fashion Accessories,40.33,9,18.1485,381.1185,E-wallet,254.079,108.891,5
INV-2025-01826,23-10-2025,18:37,C,Chicago,Normal,Female,Food and Beverages,13.42,3,2.013,42.273,Cash,28.182,12.078,8.8
INV-2025-00787,05-02-2025,14:57,C,Chicago,Member,Male,Home and Lifestyle,50.25,8,20.1,422.1,Cash,281.4,120.6,7.5
INV-2025-00470,07-12-2025,14:06,A,New York,Member,Female,Food and Beverages,9.76,3,1.464,30.744,Credit Card,20.496,8.784,7.6
INV-2025-00141,20-05-2025,14:32,A,New York,Member,Male,Sports and Travel,78.08,1,3.904,81.984,Credit Card,54.656,23.424,6.4
INV-2025-00789,07-05-2025,15:58,B,Los Angeles,Member,Female,Food and Beverages,2.9,2,0.29,6.09,Cash,4.06,1.74,9.3
INV-2025-00324,02-08-2025,17:05,A,New York,Member,Female,Fashion Accessories,41.49,9,18.6705,392.0805,E-wallet,261.387,112.023,8.9
INV-2025-00051,07-09-2025,12:27,B,Los Angeles,Member,Female,Fashion Accessories,20.73,8,8.292,174.132,E-wallet,116.088,49.752,9.9
INV-2025-00715,26-07-2025,14:13,C,Chicago,Normal,Female,Fashion Accessories,32.44,7,11.354,238.434,E-wallet,158.956,68.124,9.3
INV-2025-04890,17-09-2025,16:51,A,New York,Normal,Male,Food and Beverages,14.29,10,7.145,150.045,Cash,100.03,42.87,6.5
INV-2025-02841,22-11-2025,14:45,B,Los Angeles,Member,Female,Food and Beverages,10.03,3,1.5045,31.5945,Cash,21.063,9.027,4.8
INV-2025-02447,20-10-2025,13:29,C,Chicago,Normal,Female,Health and Beauty,53.59,4,10.718,225.078,Cash,150.052,64.308,9
INV-2025-04814,27-10-2025,21:56,B,Los Angeles,Member,Female,Food and Beverages,21.82,7,7.637,160.377,E-wallet,106.918,45.822,6.9
INV-2025-04420,17-04-2025,12:43,B,Los Angeles,Member,Female,Electronic Accessories,35.88,6,10.764,226.044,Credit Card,150.696,64.584,4.4
INV-2025-04597,16-05-2025,19:30,C,Chicago,Normal,Male,Fashion Accessories,20.54,3,3.081,64.701,Credit Card,43.134,18.486,7.9
INV-2025-03016,21-05-2025,17:45,B,Los Angeles,Normal,Female,Food and Beverages,14.89,2,1.489,31.269,E-wallet,20.846,8.934,9.2
INV-2025-02667,12-01-2025,12:49,C,Chicago,Normal,Male,Fashion Accessories,13.35,8,5.34,112.14,Credit Card,74.76,32.04,5.4
INV-2025-00407,27-03-2025,12:11,B,Los Angeles,Member,Male,Fashion Accessories,57.32,5,14.33,300.93,E-wallet,200.62,85.98,5.3
INV-2025-03725,23-07-2025,19:03,B,Los Angeles,Normal,Female,Food and Beverages,22.73,6,6.819,143.199,Credit Card,95.466,40.914,9.1
INV-2025-01005,02-06-2025,16:40,B,Los Angeles,Member,Female,Health and Beauty,16.93,8,6.772,142.212,Credit Card,94.808,40.632,7
INV-2025-03788,29-10-2025,12:34,C,Chicago,Normal,Female,Sports and Travel,36.63,7,12.8205,269.2305,E-wallet,179.487,76.923,5.8
INV-2025-00891,14-04-2025,16:09,A,New York,Member,Female,Food and Beverages,24.43,6,7.329,153.909,Credit Card,102.606,43.974,8.3
INV-2025-02412,17-07-2025,20:21,A,New York,Member,Female,Electronic Accessories,59.41,2,5.941,124.761,Cash,83.174,35.646,7.9
INV-2025-02546,22-02-2025,13:22,A,New York,Member,Male,Electronic Accessories,54.73,6,16.419,344.799,Credit Card,229.866,98.514,7.8
INV-2025-04834,22-03-2025,18:59,C,Chicago,Normal,Male,Food and Beverages,17.26,3,2.589,54.369,E-wallet,36.246,15.534,9
INV-2025-02391,17-04-2025,11:30,C,Chicago,Member,Female,Health and Beauty,34.54,9,15.543,326.403,Cash,217.602,93.258,8.1
INV-2025-03941,05-12-2025,21:01,C,Chicago,Member,Female,Health and Beauty,56.02,9,25.209,529.389,Cash,352.926,151.254,7.6
INV-2025-00043,06-12-2025,17:21,A,New York,Normal,Male,Fashion Accessories,30.18,4,6.036,126.756,Cash,84.504,36.216,4.3
INV-2025-02831,13-01-2025,17:33,A,New York,Normal,Female,Health and Beauty,52.05,6,15.615,327.915,Credit Card,218.61,93.69,7.6
INV-2025-03966,01-08-2025,15:42,A,New York,Member,Female,Sports and Travel,82.96,2,8.296,174.216,Cash,116.144,49.776,6.1
INV-2025-00304,31-05-2025,11:46,A,New York,Normal,Female,Food and Beverages,2.74,10,1.37,28.77,Credit Card,19.18,8.22,8.9
INV-2025-04514,23-10-2025,12:52,A,New York,Normal,Male,Fashion Accessories,52.84,5,13.21,277.41,Credit Card,184.94,79.26,4.1
INV-2025-03748,06-12-2025,15:38,A,New York,Normal,Male,Sports and Travel,59.57,4,11.914,250.194,Credit Card,166.796,71.484,5.1
INV-2025-00665,11-03-2025,08:12,B,Los Angeles,Member,Male,Health and Beauty,17.89,9,8.0505,169.0605,Credit Card,112.707,48.303,8.6
INV-2025-01178,04-04-2025,18:41,C,Chicago,Member,Female,Electronic Accessories,18.42,10,9.21,193.41,Cash,128.94,55.26,5.7
INV-2025-02677,17-05-2025,21:57,A,New York,Member,Male,Food and Beverages,6.76,7,2.366,49.686,Cash,33.124,14.196,4
INV-2025-01948,11-01-2025,18:29,C,Chicago,Member,Female,Electronic Accessories,25.76,7,9.016,189.336,Cash,126.224,54.096,8.5
INV-2025-02502,16-09-2025,11:04,C,Chicago,Normal,Male,Sports and Travel,35.35,1,1.7675,37.1175,E-wallet,24.745,10.605,5.9
INV-2025-01474,18-07-2025,12:33,A,New York,Member,Female,Food and Beverages,8.62,4,1.724,36.204,Credit Card,24.136,10.344,9.3
INV-2025-03484,17-08-2025,15:07,C,Chicago,Normal,Female,Fashion Accessories,44.91,3,6.7365,141.4665,E-wallet,94.311,40.419,4
INV-2025-03521,19-01-2025,14:00,B,Los Angeles,Normal,Female,Sports and Travel,30.01,10,15.005,315.105,Cash,210.07,90.03,4.6
INV-2025-02133,24-11-2025,17:01,A,New York,Member,Female,Sports and Travel,26.61,7,9.3135,195.5835,Credit Card,130.389,55.881,4.4
INV-2025-01027,07-03-2025,19:19,A,New York,Member,Male,Food and Beverages,14.43,1,0.7215,15.1515,Cash,10.101,4.329,9.6
INV-2025-00962,20-11-2025,17:02,A,New York,Member,Female,Sports and Travel,84.69,10,42.345,889.245,Credit Card,592.83,254.07,5
INV-2025-02890,25-08-2025,09:46,A,New York,Unknown,Male,Electronic Accessories,18.29,4,3.658,76.818,Credit Card,51.212,21.948,5.3
INV-2025-03135,06-08-2025,10:53,C,Chicago,Member,Female,Food and Beverages,3.68,6,1.104,23.184,Cash,15.456,6.624,8.9
INV-2025-02010,29-01-2025,12:26,A,New York,Member,Male,Food and Beverages,5.3,2,0.53,11.13,Cash,7.42,3.18,8.3
INV-2025-02150,20-05-2025,19:57,B,Los Angeles,Member,Female,Fashion Accessories,47.05,8,18.82,395.22,Cash,263.48,112.92,6.2
INV-2025-03324,13-08-2025,20:55,A,New York,Member,Female,Fashion Accessories,14.97,4,2.994,62.874,Credit Card,41.916,17.964,4.5
INV-2025-02339,09-01-2025,21:19,C,Chicago,Normal,Male,Electronic Accessories,97.51,9,43.8795,921.4695,Credit Card,614.313,263.277,7.9
INV-2025-03889,06-06-2025,21:28,A,New York,Normal,Male,Sports and Travel,29.46,8,11.784,247.464,E-wallet,164.976,70.704,9.3
INV-2025-00305,10-11-2025,12:36,A,New York,Member,Female,Fashion Accessories,15.06,6,4.518,94.878,E-wallet,63.252,27.108,5
INV-2025-01441,19-01-2025,10:37,C,Chicago,Member,Female,Electronic Accessories,27.69,2,2.769,58.149,Cash,38.766,16.614,6
INV-2025-01497,03-06-2025,19:27,A,New York,Member,Male,Sports and Travel,47.69,3,7.1535,150.2235,Credit Card,100.149,42.921,7.2
INV-2025-02653,18-06-2025,19:23,B,Los Angeles,Normal,Female,Electronic Accessories,35.21,3,5.2815,110.9115,Credit Card,73.941,31.689,9.8
INV-2025-02876,18-12-2025,19:29,C,Chicago,Member,Male,Home and Lifestyle,66.03,1,3.3015,69.3315,Credit Card,46.221,19.809,7.2
INV-2025-00917,05-05-2025,12:14,A,New York,Member,Male,Sports and Travel,68.98,7,24.143,507.003,Credit Card,338.002,144.858,8.2
INV-2025-04183,26-04-2025,11:02,A,New York,Normal,Male,Sports and Travel,61.12,3,9.168,192.528,E-wallet,128.352,55.008,4.4
INV-2025-03722,23-06-2025,14:45,A,New York,Normal,Female,Food and Beverages,15.58,3,2.337,49.077,E-wallet,32.718,14.022,8.7
INV-2025-02773,15-09-2025,10:40,B,Los Angeles,Member,Male,Health and Beauty,45.99,3,6.8985,144.8685,Credit Card,96.579,41.391,9
INV-2025-01625,12-02-2025,12:37,B,Los Angeles,Normal,Male,Electronic Accessories,48.81,3,7.3215,153.7515,Credit Card,102.501,43.929,4.7
INV-2025-03838,27-10-2025,13:31,C,Chicago,Normal,Female,Sports and Travel,41.81,1,2.0905,43.9005,Credit Card,29.267,12.543,7.8
INV-2025-00822,15-02-2025,11:36,C,Chicago,Member,Male,Home and Lifestyle,72.41,7,25.3435,532.2135,Credit Card,354.809,152.061,4
INV-2025-03965,13-06-2025,16:01,B,Los Angeles,Normal,Female,Fashion Accessories,61.11,10,30.555,641.655,Credit Card,427.77,183.33,8.9
INV-2025-01355,23-01-2025,19:53,C,Chicago,Normal,Female,Electronic Accessories,75.82,1,3.791,79.611,Cash,53.074,22.746,4.5
INV-2025-04498,12-04-2025,20:03,A,New York,Member,Female,Sports and Travel,76.02,7,26.607,558.747,Credit Card,372.498,159.642,6.2
INV-2025-00851,29-11-2025,14:40,B,Los Angeles,Member,Male,Health and Beauty,14.13,8,5.652,118.692,Credit Card,79.128,33.912,9.5
INV-2025-01001,03-01-2025,14:42,C,Chicago,Member,Male,Home and Lifestyle,81.51,9,36.6795,770.2695,Credit Card,513.513,220.077,8.6
INV-2025-03378,23-12-2025,09:09,B,Los Angeles,Normal,Male,Food and Beverages,3.35,3,0.5025,10.5525,Cash,7.035,3.015,7.4
INV-2025-00019,04-10-2025,11:59,C,Chicago,Normal,Male,Sports and Travel,73.45,4,14.69,308.49,Cash,205.66,88.14,8
INV-2025-01638,25-11-2025,08:44,C,Chicago,Member,Male,Health and Beauty,16.23,10,8.115,170.415,Credit Card,113.61,48.69,9.4
INV-2025-01668,26-12-2025,17:53,B,Los Angeles,Member,Male,Fashion Accessories,27.21,10,13.605,285.705,Credit Card,190.47,81.63,5.6
INV-2025-00494,16-03-2025,17:36,C,Chicago,Member,Male,Electronic Accessories,42,3,6.3,132.3,Credit Card,88.2,37.8,8.6
INV-2025-01348,08-05-2025,10:06,C,Chicago,Normal,Male,Health and Beauty,57.34,1,2.867,60.207,Credit Card,40.138,17.202,6.3
INV-2025-03728,27-05-2025,21:39,A,New York,Unknown,Male,Food and Beverages,15.11,7,5.2885,111.0585,Cash,74.039,31.731,4.6
INV-2025-04826,01-11-2025,18:03,A,New York,Member,Female,Fashion Accessories,53.91,7,18.8685,396.2385,Credit Card,264.159,113.211,9.2
INV-2025-03615,06-02-2025,20:49,C,Chicago,Member,Male,Food and Beverages,16.07,8,6.428,134.988,Credit Card,89.992,38.568,7.2
INV-2025-03482,24-03-2025,13:41,C,Chicago,Normal,Male,Electronic Accessories,24.49,7,8.5715,180.0015,Credit Card,120.001,51.429,6.1
INV-2025-00688,05-08-2025,19:39,A,New York,Normal,Male,Health and Beauty,35.67,8,14.268,299.628,Credit Card,199.752,85.608,7.9
INV-2025-03732,07-01-2025,18:54,B,Los Angeles,Normal,Female,Health and Beauty,35.9,6,10.77,226.17,Cash,150.78,64.62,8.9
INV-2025-01609,16-06-2025,11:05,B,Los Angeles,Normal,Female,Sports and Travel,78.98,9,35.541,746.361,Cash,497.574,213.246,4.6
INV-2025-04085,09-04-2025,13:56,B,Los Angeles,Normal,Male,Health and Beauty,59.8,1,2.99,62.79,Cash,41.86,17.94,6.2
INV-2025-03403,23-11-2025,19:57,B,Los Angeles,Member,Female,Sports and Travel,36.19,2,3.619,75.999,E-wallet,50.666,21.714,9.4
INV-2025-01010,28-01-2025,18:33,A,New York,Normal,Female,Electronic Accessories,34,3,5.1,107.1,Credit Card,71.4,30.6,5.9
INV-2025-02409,14-05-2025,17:48,C,Chicago,Normal,Male,Home and Lifestyle,23.49,1,1.1745,24.6645,Cash,16.443,7.047,9.4
INV-2025-01093,18-02-2025,16:13,C,Chicago,Member,Male,Health and Beauty,17.07,10,8.535,179.235,E-wallet,119.49,51.21,7.1
INV-2025-01328,14-06-2025,10:31,B,Los Angeles,Normal,Female,Health and Beauty,32.47,4,6.494,136.374,E-wallet,90.916,38.964,5.7
INV-2025-01678,15-08-2025,13:33,C,Chicago,Member,Male,Home and Lifestyle,63.58,7,22.253,467.313,Credit Card,311.542,133.518,9.7
INV-2025-02000,08-05-2025,14:56,A,New York,Normal,Female,Health and Beauty,56.48,9,25.416,533.736,E-wallet,355.824,152.496,5.9
INV-2025-01311,30-04-2025,12:45,A,New York,Member,Male,Sports and Travel,74.05,8,29.62,622.02,Credit Card,414.68,177.72,5.1
INV-2025-03259,16-03-2025,19:53,A,New York,Member,Female,Home and Lifestyle,49.81,10,24.905,523.005,Cash,348.67,149.43,6.3
INV-2025-01988,26-12-2025,13:38,C,Chicago,Normal,Female,Sports and Travel,58.36,9,26.262,551.502,Credit Card,367.668,157.572,4.8
INV-2025-03649,23-02-2025,17:32,A,New York,Member,Male,Sports and Travel,68.87,7,24.1045,506.1945,Credit Card,337.463,144.627,8.4
INV-2025-00345,26-07-2025,09:14,C,Chicago,Member,Male,Food and Beverages,13.61,2,1.361,28.581,Credit Card,19.054,8.166,7.9
INV-2025-04483,07-08-2025,15:31,B,Los Angeles,Member,Female,Sports and Travel,52.53,2,5.253,110.313,Cash,73.542,31.518,4
INV-2025-00987,01-11-2025,13:38,B,Los Angeles,Member,Male,Fashion Accessories,26.18,2,2.618,54.978,Cash,36.652,15.708,4.3
INV-2025-04545,19-11-2025,17:08,A,New York,Member,Female,Sports and Travel,27.54,8,11.016,231.336,Cash,154.224,66.096,9.1
INV-2025-03808,16-06-2025,20:00,C,Chicago,Normal,Female,Home and Lifestyle,89.72,1,4.486,94.206,Credit Card,62.804,26.916,4.8
INV-2025-04524,20-07-2025,19:13,A,New York,Member,Female,Electronic Accessories,97.63,8,39.052,820.092,Cash,546.728,234.312,10
INV-2025-04003,17-01-2025,20:21,A,New York,Normal,Male,Health and Beauty,45.39,10,22.695,476.595,E-wallet,317.73,136.17,7.7
INV-2025-03092,13-11-2025,17:18,B,Los Angeles,Member,Female,Sports and Travel,35.75,4,7.15,150.15,Credit Card,100.1,42.9,7.8
INV-2025-03962,03-10-2025,14:27,A,New York,Member,Female,Home and Lifestyle,50.91,8,20.364,427.644,Credit Card,285.096,122.184,8.2
INV-2025-01143,24-08-2025,14:56,B,Los Angeles,Member,Female,Home and Lifestyle,67.25,1,3.3625,70.6125,Credit Card,47.075,20.175,5.1
INV-2025-02359,31-12-2025,20:15,A,New York,Normal,Male,Food and Beverages,19.5,2,1.95,40.95,E-wallet,27.3,11.7,5.6
INV-2025-01199,27-02-2025,16:51,B,Los Angeles,Normal,Female,Food and Beverages,16.95,4,3.39,71.19,E-wallet,47.46,20.34,8.6
INV-2025-00086,21-02-2025,19:28,A,New York,Normal,Male,Fashion Accessories,19.37,3,2.9055,61.0155,Cash,40.677,17.433,8.7
INV-2025-01519,09-05-2025,10:55,A,New York,Member,Female,Electronic Accessories,45.15,6,13.545,284.445,E-wallet,189.63,81.27,9.2
INV-2025-00517,06-01-2025,17:44,A,New York,Normal,Female,Home and Lifestyle,55.47,6,16.641,349.461,E-wallet,232.974,99.846,4.7
INV-2025-01382,07-02-2025,16:15,B,Los Angeles,Member,Female,Electronic Accessories,85.38,7,29.883,627.543,Cash,418.362,179.298,6.6
INV-2025-02717,17-04-2025,20:49,B,Los Angeles,Member,Female,Food and Beverages,14.06,8,5.624,118.104,Cash,78.736,33.744,9.3
INV-2025-03085,09-08-2025,16:44,B,Los Angeles,Normal,Male,Health and Beauty,54.07,7,18.9245,397.4145,Credit Card,264.943,113.547,7.4
INV-2025-01015,08-12-2025,13:24,B,Los Angeles,Member,Female,Sports and Travel,33.89,5,8.4725,177.9225,Credit Card,118.615,50.835,7.4
INV-2025-00129,27-11-2025,19:54,A,New York,Normal,Female,Sports and Travel,59.82,1,2.991,62.811,Credit Card,41.874,17.946,8.9
INV-2025-01365,15-12-2025,10:16,B,Los Angeles,Member,Female,Fashion Accessories,36.2,10,18.1,380.1,Credit Card,253.4,108.6,6.3
INV-2025-03624,06-07-2025,11:47,A,New York,Member,Female,Electronic Accessories,45.21,5,11.3025,237.3525,E-wallet,158.235,67.815,5.8
INV-2025-04971,28-11-2025,11:29,C,Chicago,Normal,Female,Food and Beverages,20.28,4,4.056,85.176,E-wallet,56.784,24.336,4.9
INV-2025-00892,12-08-2025,10:26,B,Los Angeles,Normal,Male,Electronic Accessories,65.93,3,9.8895,207.6795,Cash,138.453,59.337,9.7
INV-2025-02794,15-09-2025,13:00,B,Los Angeles,Member,Male,Sports and Travel,52.19,5,13.0475,273.9975,Credit Card,182.665,78.285,7
INV-2025-04239,02-09-2025,12:44,C,Chicago,Normal,Male,Electronic Accessories,89.61,8,35.844,752.724,Credit Card,501.816,215.064,9.3
INV-2025-01360,16-04-2025,19:25,A,New York,Member,Male,Food and Beverages,14.51,9,6.5295,137.1195,Cash,91.413,39.177,4
INV-2025-00308,03-09-2025,19:36,B,Los Angeles,Normal,Male,Sports and Travel,29.42,1,1.471,30.891,Cash,20.594,8.826,5.9
INV-2025-01662,04-10-2025,12:51,A,New York,Member,Female,Sports and Travel,44.21,2,4.421,92.841,E-wallet,61.894,26.526,5.1
INV-2025-02432,05-07-2025,18:30,B,Los Angeles,Member,Male,Home and Lifestyle,54.5,10,27.25,572.25,Cash,381.5,163.5,9.4
INV-2025-03935,30-10-2025,13:47,A,New York,Normal,Female,Electronic Accessories,76.74,4,15.348,322.308,Cash,214.872,92.088,4.3
INV-2025-01318,08-04-2025,12:10,A,New York,Member,Female,Sports and Travel,44.46,7,15.561,326.781,Credit Card,217.854,93.366,9.4
INV-2025-04304,08-02-2025,19:52,C,Chicago,Normal,Male,Home and Lifestyle,67.58,6,20.274,425.754,E-wallet,283.836,121.644,6
INV-2025-02475,08-09-2025,20:54,C,Chicago,Member,Female,Fashion Accessories,50.88,1,2.544,53.424,Cash,35.616,15.264,9.6
INV-2025-02543,06-10-2025,11:50,A,New York,Member,Female,Food and Beverages,22.07,5,5.5175,115.8675,Cash,77.245,33.105,9.9
INV-2025-01247,21-01-2025,12:09,B,Los Angeles,Member,Female,Electronic Accessories,85.83,4,17.166,360.486,Cash,240.324,102.996,5.4
INV-2025-01209,01-07-2025,13:19,C,Chicago,Member,Female,Electronic Accessories,99.98,2,9.998,209.958,Credit Card,139.972,59.988,8.9
INV-2025-00217,04-01-2025,14:53,B,Los Angeles,Member,Male,Health and Beauty,20.94,8,8.376,175.896,Credit Card,117.264,50.256,7.7
INV-2025-04293,10-06-2025,12:19,A,New York,Normal,Male,Home and Lifestyle,87.61,6,26.283,551.943,Cash,367.962,157.698,4.8
INV-2025-03063,04-10-2025,15:28,A,New York,Normal,Female,Health and Beauty,40.31,7,14.1085,296.2785,Credit Card,197.519,84.651,7.7
INV-2025-01240,18-06-2025,11:58,B,Los Angeles,Member,Female,Home and Lifestyle,45.1,6,13.53,284.13,Credit Card,189.42,81.18,9.8
INV-2025-02290,11-11-2025,10:09,B,Los Angeles,Member,Female,Health and Beauty,23.72,1,1.186,24.906,Credit Card,16.604,7.116,5.3
INV-2025-02741,09-06-2025,20:16,B,Los Angeles,Normal,Female,Food and Beverages,24.3,1,1.215,25.515,E-wallet,17.01,7.29,7.8
INV-2025-00276,27-06-2025,15:50,C,Chicago,Member,Female,Electronic Accessories,78.73,5,19.6825,413.3325,Credit Card,275.555,118.095,4.7
INV-2025-00490,06-06-2025,13:25,C,Chicago,Member,Female,Home and Lifestyle,63.77,4,12.754,267.834,E-wallet,178.556,76.524,9.9
INV-2025-01036,02-10-2025,16:51,A,New York,Normal,Male,Health and Beauty,12.83,8,5.132,107.772,Unknown,71.848,30.792,4.3
INV-2025-01230,03-08-2025,14:12,A,New York,Member,Male,Home and Lifestyle,29.83,7,10.4405,219.2505,Cash,146.167,62.643,8.4
INV-2025-04586,04-03-2025,13:37,A,New York,Member,Female,Health and Beauty,15.53,5,3.8825,81.5325,Credit Card,54.355,23.295,5.4
INV-2025-01009,20-06-2025,16:52,A,New York,Member,Female,Health and Beauty,16.07,10,8.035,168.735,Credit Card,112.49,48.21,8.4
INV-2025-04690,06-04-2025,12:13,A,New York,Normal,Female,Sports and Travel,55.7,5,13.925,292.425,Cash,194.95,83.55,6.2
INV-2025-04027,02-04-2025,13:17,B,Los Angeles,Normal,Male,Sports and Travel,61.87,1,3.0935,64.9635,Credit Card,43.309,18.561,7.4
INV-2025-03183,03-08-2025,19:50,B,Los Angeles,Normal,Female,Home and Lifestyle,61.42,4,12.284,257.964,Cash,171.976,73.704,7.1
INV-2025-02533,20-11-2025,11:58,A,New York,Normal,Female,Health and Beauty,31.9,5,7.975,167.475,Cash,111.65,47.85,7.6
INV-2025-04170,11-09-2025,19:06,C,Chicago,Member,Male,Fashion Accessories,10.81,7,3.7835,79.4535,Credit Card,52.969,22.701,7.9
INV-2025-01059,01-03-2025,18:28,C,Chicago,Normal,Female,Health and Beauty,27.6,9,12.42,260.82,Cash,173.88,74.52,6.2
INV-2025-02167,07-05-2025,19:19,B,Los Angeles,Member,Male,Home and Lifestyle,35.79,2,3.579,75.159,Unknown,50.106,21.474,6.9
INV-2025-04579,06-10-2025,10:30,A,New York,Member,Male,Health and Beauty,17.67,6,5.301,111.321,E-wallet,74.214,31.806,8.7
INV-2025-00282,05-06-2025,18:15,B,Los Angeles,Normal,Female,Electronic Accessories,77.26,9,34.767,730.107,E-wallet,486.738,208.602,5.5
INV-2025-03566,11-12-2025,12:26,A,New York,Normal,Male,Fashion Accessories,41.68,10,20.84,437.64,Cash,291.76,125.04,8.1
INV-2025-01317,03-02-2025,16:46,C,Chicago,Member,Female,Home and Lifestyle,54.98,8,21.992,461.832,Credit Card,307.888,131.952,10
INV-2025-00969,03-04-2025,19:27,C,Chicago,Member,Male,Electronic Accessories,70.84,6,21.252,446.292,Cash,297.528,127.512,5.9
INV-2025-03127,14-05-2025,18:13,B,Los Angeles,Member,Male,Home and Lifestyle,70.53,6,21.159,444.339,Credit Card,296.226,126.954,10
INV-2025-03921,07-02-2025,12:13,A,New York,Member,Female,Electronic Accessories,46.7,1,2.335,49.035,Cash,32.69,14.01,5.6
INV-2025-03167,22-12-2025,15:00,B,Los Angeles,Member,Male,Fashion Accessories,62.17,7,21.7595,456.9495,E-wallet,304.633,130.557,6.2
INV-2025-03520,31-07-2025,12:28,C,Chicago,Normal,Male,Health and Beauty,35.94,8,14.376,301.896,Credit Card,201.264,86.256,No Rating Given
INV-2025-00620,15-03-2025,09:33,A,New York,Normal,Female,Home and Lifestyle,84.46,3,12.669,266.049,Cash,177.366,76.014,4.9
INV-2025-03347,06-01-2025,15:15,C,Chicago,Normal,Male,Health and Beauty,49.2,6,14.76,309.96,E-wallet,206.64,88.56,5.1
INV-2025-01743,08-10-2025,13:11,A,New York,Member,Female,Sports and Travel,79.9,9,35.955,755.055,Cash,503.37,215.73,6
INV-2025-01391,25-08-2025,16:11,A,New York,Normal,Female,Fashion Accessories,26.06,10,13.03,273.63,E-wallet,182.42,78.18,9
INV-2025-04051,26-08-2025,13:46,B,Los Angeles,Member,Female,Electronic Accessories,50.13,1,2.5065,52.6365,Credit Card,35.091,15.039,9.8
INV-2025-01848,14-03-2025,20:55,B,Los Angeles,Member,Male,Electronic Accessories,77.38,8,30.952,649.992,Credit Card,433.328,185.712,6.4
INV-2025-01580,11-11-2025,10:40,B,Los Angeles,Member,Female,Sports and Travel,57.52,10,28.76,603.96,Credit Card,402.64,172.56,6.6
INV-2025-01656,16-05-2025,12:27,C,Chicago,Normal,Male,Health and Beauty,20.72,1,1.036,21.756,Unknown,14.504,6.216,8.9
INV-2025-02353,09-04-2025,15:07,A,New York,Normal,Male,Electronic Accessories,34.5,9,15.525,326.025,Cash,217.35,93.15,5
INV-2025-02213,25-04-2025,18:55,A,New York,Member,Male,Electronic Accessories,73.31,1,3.6655,76.9755,Credit Card,51.317,21.993,5.5
INV-2025-02021,10-05-2025,17:48,B,Los Angeles,Member,Male,Health and Beauty,58.49,5,14.6225,307.0725,E-wallet,204.715,87.735,7.9
INV-2025-04973,10-10-2025,13:23,A,New York,Member,Male,Home and Lifestyle,46.83,1,2.3415,49.1715,Credit Card,32.781,14.049,5.1
INV-2025-01957,29-11-2025,14:00,A,New York,Member,Male,Food and Beverages,3.89,5,0.9725,20.4225,Cash,13.615,5.835,8.9
INV-2025-01308,07-03-2025,19:06,A,New York,Member,Male,Electronic Accessories,63.61,4,12.722,267.162,E-wallet,178.108,76.332,9.2
INV-2025-02004,09-10-2025,11:56,B,Los Angeles,Member,Male,Fashion Accessories,60.05,2,6.005,126.105,Credit Card,84.07,36.03,4.9
INV-2025-04456,05-12-2025,08:11,A,New York,Member,Female,Fashion Accessories,53.42,5,13.355,280.455,E-wallet,186.97,80.13,4.6
INV-2025-00576,01-08-2025,12:23,B,Los Angeles,Unknown,Male,Electronic Accessories,23.5,10,11.75,246.75,Credit Card,164.5,70.5,4.9
INV-2025-04090,14-12-2025,15:27,C,Chicago,Normal,Female,Fashion Accessories,13.5,8,5.4,113.4,E-wallet,75.6,32.4,4.8
INV-2025-04320,13-07-2025,17:00,C,Chicago,Normal,Female,Health and Beauty,56.96,9,25.632,538.272,Credit Card,358.848,153.792,7.1
INV-2025-04437,28-05-2025,12:09,A,New York,Member,Male,Health and Beauty,11.36,4,2.272,47.712,Cash,31.808,13.632,7.2
INV-2025-01707,15-09-2025,15:16,C,Chicago,Normal,Female,Food and Beverages,14.14,3,2.121,44.541,E-wallet,29.694,12.726,8.6
INV-2025-03743,17-08-2025,15:30,C,Chicago,Unknown,Male,Electronic Accessories,88.65,5,22.1625,465.4125,Cash,310.275,132.975,5.9
INV-2025-03471,02-01-2025,11:43,C,Chicago,Member,Male,Health and Beauty,29.28,2,2.928,61.488,Credit Card,40.992,17.568,6.2
INV-2025-01281,15-09-2025,18:12,C,Chicago,Normal,Male,Food and Beverages,2.33,3,0.3495,7.3395,Credit Card,4.893,2.097,9.7
INV-2025-00862,14-01-2025,21:15,A,New York,Member,Male,Fashion Accessories,45.64,2,4.564,95.844,Credit Card,63.896,27.384,4.5
INV-2025-04146,05-09-2025,12:00,A,New York,Member,Male,Home and Lifestyle,24.52,9,11.034,231.714,Unknown,154.476,66.204,4.6
INV-2025-01802,02-07-2025,20:09,C,Chicago,Member,Female,Health and Beauty,55.81,9,25.1145,527.4045,Cash,351.603,150.687,4.9
INV-2025-01629,09-08-2025,14:13,B,Los Angeles,Normal,Female,Fashion Accessories,67,5,16.75,351.75,E-wallet,234.5,100.5,4.6
INV-2025-01994,17-03-2025,19:22,C,Chicago,Member,Male,Electronic Accessories,15.17,1,0.7585,15.9285,Cash,10.619,4.551,7.1
INV-2025-02640,29-09-2025,19:22,B,Los Angeles,Normal,Male,Food and Beverages,10.38,1,0.519,10.899,Cash,7.266,3.114,4.5
INV-2025-00270,03-05-2025,15:07,A,New York,Normal,Male,Food and Beverages,22.44,1,1.122,23.562,E-wallet,15.708,6.732,9.6
INV-2025-00630,11-03-2025,15:23,C,Chicago,Normal,Male,Health and Beauty,26.41,2,2.641,55.461,Unknown,36.974,15.846,6.7
INV-2025-03082,09-09-2025,18:10,A,New York,Normal,Male,Fashion Accessories,14.13,2,1.413,29.673,E-wallet,19.782,8.478,8
INV-2025-02335,02-08-2025,20:25,C,Chicago,Normal,Male,Food and Beverages,15.85,4,3.17,66.57,Cash,44.38,19.02,4.7
INV-2025-02967,14-01-2025,15:49,B,Los Angeles,Member,Male,Electronic Accessories,84.92,6,25.476,534.996,Credit Card,356.664,152.856,5.5
INV-2025-00301,01-04-2025,20:54,C,Chicago,Member,Male,Food and Beverages,18.21,3,2.7315,57.3615,E-wallet,38.241,16.389,9.1
INV-2025-00460,27-06-2025,19:28,C,Chicago,Member,Female,Home and Lifestyle,70.71,5,17.6775,371.2275,E-wallet,247.485,106.065,6.9
INV-2025-01448,28-09-2025,21:39,C,Chicago,Member,Male,Sports and Travel,82.85,10,41.425,869.925,Credit Card,579.95,248.55,7.2
INV-2025-01473,15-12-2025,15:17,B,Los Angeles,Normal,Male,Sports and Travel,57.85,1,2.8925,60.7425,Credit Card,40.495,17.355,7.7
INV-2025-02047,18-08-2025,20:21,C,Chicago,Member,Female,Food and Beverages,13.45,2,1.345,28.245,Credit Card,18.83,8.07,5.6
INV-2025-04229,15-10-2025,11:07,A,New York,Normal,Female,Sports and Travel,47.91,3,7.1865,150.9165,Cash,100.611,43.119,5.2
INV-2025-03765,16-05-2025,21:25,C,Chicago,Normal,Female,Fashion Accessories,27.74,3,4.161,87.381,E-wallet,58.254,24.966,No Rating Given
INV-2025-02114,28-12-2025,13:41,A,New York,Normal,Female,Electronic Accessories,57.57,6,17.271,362.691,Credit Card,241.794,103.626,5.9
INV-2025-00028,20-04-2025,15:08,C,Chicago,Normal,Male,Home and Lifestyle,39.95,8,15.98,335.58,E-wallet,223.72,95.88,8.2
INV-2025-03840,06-08-2025,09:17,A,New York,Normal,Male,Home and Lifestyle,78.4,5,19.6,411.6,Credit Card,274.4,117.6,9.4
INV-2025-04523,01-01-2025,09:20,A,New York,Normal,Female,Fashion Accessories,51.1,7,17.885,375.585,Credit Card,250.39,107.31,7.9
INV-2025-00838,30-04-2025,12:07,A,New York,Member,Female,Fashion Accessories,48.49,4,9.698,203.658,Credit Card,135.772,58.188,4.7
INV-2025-03827,25-11-2025,16:08,A,New York,Member,Female,Food and Beverages,16.33,1,0.8165,17.1465,E-wallet,11.431,4.899,6.3
INV-2025-02009,17-06-2025,13:01,A,New York,Normal,Female,Health and Beauty,54.17,1,2.7085,56.8785,Credit Card,37.919,16.251,5
INV-2025-04908,24-09-2025,12:45,A,New York,Member,Female,Health and Beauty,41.11,4,8.222,172.662,Credit Card,115.108,49.332,8.5
INV-2025-00504,31-12-2025,20:56,B,Los Angeles,Member,Male,Fashion Accessories,57.66,2,5.766,121.086,Cash,80.724,34.596,6.7
INV-2025-03207,30-11-2025,13:05,B,Los Angeles,Member,Female,Home and Lifestyle,39.08,10,19.54,410.34,Cash,273.56,117.24,6.3
INV-2025-04305,24-11-2025,12:11,A,New York,Normal,Female,Electronic Accessories,85.5,9,38.475,807.975,Credit Card,538.65,230.85,6.5
INV-2025-00381,29-11-2025,08:42,A,New York,Member,Male,Health and Beauty,44.13,6,13.239,278.019,Credit Card,185.346,79.434,8.8
INV-2025-01852,28-07-2025,11:42,C,Chicago,Member,Male,Electronic Accessories,41.35,5,10.3375,217.0875,Cash,144.725,62.025,6.4
INV-2025-01526,14-12-2025,12:13,A,New York,Normal,Male,Health and Beauty,54.12,1,2.706,56.826,Credit Card,37.884,16.236,9.7
INV-2025-02366,04-05-2025,12:48,A,New York,Member,Male,Health and Beauty,29.95,3,4.4925,94.3425,Credit Card,62.895,26.955,4.6
INV-2025-04148,21-02-2025,17:37,C,Chicago,Member,Male,Electronic Accessories,99.61,2,9.961,209.181,Credit Card,139.454,59.766,4.2
INV-2025-03053,20-09-2025,15:02,A,New York,Normal,Male,Health and Beauty,43.11,8,17.244,362.124,E-wallet,241.416,103.464,6.3
INV-2025-02885,03-08-2025,16:22,A,New York,Member,Female,Home and Lifestyle,45.88,6,13.764,289.044,Credit Card,192.696,82.584,4.3
INV-2025-02341,08-11-2025,12:27,B,Los Angeles,Member,Female,Sports and Travel,42.67,7,14.9345,313.6245,Cash,209.083,89.607,4.4
INV-2025-00375,17-12-2025,13:35,A,New York,Normal,Male,Food and Beverages,21.98,8,8.792,184.632,E-wallet,123.088,52.752,9.5
INV-2025-03261,12-10-2025,15:13,A,New York,Normal,Male,Food and Beverages,20.35,8,8.14,170.94,Credit Card,113.96,48.84,5.4
INV-2025-02382,28-08-2025,15:50,B,Los Angeles,Member,Female,Sports and Travel,42.38,5,10.595,222.495,E-wallet,148.33,63.57,6.7
INV-2025-04310,24-11-2025,14:21,A,New York,Member,Male,Home and Lifestyle,57.46,7,20.111,422.331,Credit Card,281.554,120.666,9.8
INV-2025-00940,27-07-2025,10:55,C,Chicago,Normal,Male,Fashion Accessories,68.05,3,10.2075,214.3575,E-wallet,142.905,61.245,4.6
INV-2025-04199,11-12-2025,17:32,B,Los Angeles,Member,Male,Fashion Accessories,49.27,7,17.2445,362.1345,Credit Card,241.423,103.467,7.2
INV-2025-04166,16-07-2025,11:10,A,New York,Member,Male,Home and Lifestyle,74.01,5,18.5025,388.5525,Credit Card,259.035,111.015,8.8
INV-2025-02800,19-01-2025,10:34,B,Los Angeles,Normal,Female,Sports and Travel,72.21,3,10.8315,227.4615,Credit Card,151.641,64.989,6.4
INV-2025-02148,31-05-2025,12:20,A,New York,Normal,Female,Health and Beauty,27.6,4,5.52,115.92,Credit Card,77.28,33.12,6.5
INV-2025-03818,28-09-2025,14:13,A,New York,Normal,Male,Sports and Travel,71.7,9,32.265,677.565,E-wallet,451.71,193.59,6.5
INV-2025-04541,02-10-2025,10:56,B,Los Angeles,Normal,Female,Electronic Accessories,20.52,8,8.208,172.368,Cash,114.912,49.248,9.6
INV-2025-04217,28-09-2025,09:22,A,New York,Normal,Male,Home and Lifestyle,33.63,7,11.7705,247.1805,Credit Card,164.787,70.623,9.3
INV-2025-02069,12-10-2025,08:14,C,Chicago,Member,Female,Home and Lifestyle,38.21,3,5.7315,120.3615,E-wallet,80.241,34.389,7.7
INV-2025-00530,16-07-2025,10:27,B,Los Angeles,Normal,Female,Food and Beverages,10.18,6,3.054,64.134,E-wallet,42.756,18.324,8.3
INV-2025-04605,28-12-2025,14:13,B,Los Angeles,Member,Male,Sports and Travel,31.79,2,3.179,66.759,Credit Card,44.506,19.074,5.7
INV-2025-00637,19-02-2025,18:42,C,Chicago,Normal,Female,Electronic Accessories,39.95,8,15.98,335.58,Credit Card,223.72,95.88,5.6
INV-2025-01270,15-02-2025,13:37,C,Chicago,Normal,Male,Fashion Accessories,30.39,1,1.5195,31.9095,Credit Card,21.273,9.117,4.3
INV-2025-00186,21-02-2025,18:08,A,New York,Normal,Male,Sports and Travel,64.17,8,25.668,539.028,Credit Card,359.352,154.008,5.2
INV-2025-04350,16-05-2025,18:01,C,Chicago,Member,Male,Fashion Accessories,38.59,2,3.859,81.039,Credit Card,54.026,23.154,10
INV-2025-03180,16-08-2025,18:31,B,Los Angeles,Normal,Male,Home and Lifestyle,78.17,6,23.451,492.471,Credit Card,328.314,140.706,6
INV-2025-03455,24-01-2025,13:18,A,New York,Member,Male,Health and Beauty,19.24,8,7.696,161.616,Cash,107.744,46.176,4.5
INV-2025-01798,10-07-2025,16:25,A,New York,Member,Male,Electronic Accessories,16.15,5,4.0375,84.7875,Cash,56.525,24.225,6.2
INV-2025-02980,23-03-2025,09:56,C,Chicago,Member,Female,Food and Beverages,10.46,1,0.523,10.983,E-wallet,7.322,3.138,4.5
INV-2025-01442,13-06-2025,16:45,B,Los Angeles,Unknown,Female,Fashion Accessories,23.64,8,9.456,198.576,Credit Card,132.384,56.736,6.2
INV-2025-03428,07-07-2025,17:36,A,New York,Member,Female,Fashion Accessories,61.77,3,9.2655,194.5755,E-wallet,129.717,55.593,8.9
INV-2025-04875,01-07-2025,09:24,B,Los Angeles,Normal,Male,Fashion Accessories,45.52,7,15.932,334.572,Credit Card,223.048,95.592,7.4
INV-2025-01536,22-01-2025,20:55,C,Chicago,Member,Male,Home and Lifestyle,47.34,10,23.67,497.07,Cash,331.38,142.02,9.2
INV-2025-03444,18-04-2025,19:47,C,Chicago,Normal,Female,Food and Beverages,4.14,3,0.621,13.041,Cash,8.694,3.726,8.6
INV-2025-01274,19-06-2025,21:24,C,Chicago,Member,Female,Health and Beauty,17.8,10,8.9,186.9,Cash,124.6,53.4,8
INV-2025-02468,02-12-2025,14:35,C,Chicago,Normal,Female,Home and Lifestyle,84.92,9,38.214,802.494,Cash,534.996,229.284,8.5
INV-2025-00608,29-01-2025,17:12,B,Los Angeles,Member,Female,Electronic Accessories,16.92,9,7.614,159.894,E-wallet,106.596,45.684,8.1
INV-2025-03514,14-09-2025,21:11,A,New York,Normal,Female,Electronic Accessories,70.4,10,35.2,739.2,Credit Card,492.8,211.2,9.3
INV-2025-01713,21-12-2025,15:29,B,Los Angeles,Member,Male,Food and Beverages,21.35,10,10.675,224.175,Credit Card,149.45,64.05,7.3
INV-2025-02200,18-03-2025,11:39,B,Los Angeles,Member,Female,Sports and Travel,25.72,7,9.002,189.042,Cash,126.028,54.012,6.5
INV-2025-00956,18-11-2025,20:53,B,Los Angeles,Normal,Male,Health and Beauty,14.66,7,5.131,107.751,Cash,71.834,30.786,8.6
INV-2025-02580,17-04-2025,10:37,A,New York,Member,Male,Food and Beverages,21.58,1,1.079,22.659,E-wallet,15.106,6.474,6.2
INV-2025-03898,31-05-2025,11:04,C,Chicago,Member,Female,Sports and Travel,28.29,9,12.7305,267.3405,E-wallet,178.227,76.383,9.6
INV-2025-04426,06-11-2025,11:23,C,Chicago,Member,Female,Health and Beauty,35.33,1,1.7665,37.0965,E-wallet,24.731,10.599,6.5
INV-2025-03381,29-06-2025,11:23,B,Los Angeles,Normal,Male,Electronic Accessories,31.71,9,14.2695,299.6595,Credit Card,199.773,85.617,4.3
INV-2025-03686,16-11-2025,19:01,B,Los Angeles,Member,Female,Fashion Accessories,74.96,6,22.488,472.248,E-wallet,314.832,134.928,5.2
INV-2025-00404,06-11-2025,08:56,A,New York,Member,Male,Food and Beverages,16.8,4,3.36,70.56,Unknown,47.04,20.16,4.9
INV-2025-02072,08-08-2025,10:53,B,Los Angeles,Member,Female,Fashion Accessories,31.52,3,4.728,99.288,Credit Card,66.192,28.368,5
INV-2025-04756,05-12-2025,14:13,B,Los Angeles,Normal,Female,Food and Beverages,17.93,4,3.586,75.306,Credit Card,50.204,21.516,8.4
INV-2025-01978,19-02-2025,15:08,A,New York,Normal,Male,Health and Beauty,49.93,4,9.986,209.706,Credit Card,139.804,59.916,4.5
INV-2025-00159,13-06-2025,17:45,A,New York,Member,Female,Electronic Accessories,75.5,3,11.325,237.825,E-wallet,158.55,67.95,7.1
INV-2025-01749,01-04-2025,21:57,A,New York,Member,Female,Home and Lifestyle,74.95,10,37.475,786.975,Credit Card,524.65,224.85,9.8
INV-2025-02910,18-01-2025,20:36,C,Chicago,Member,Female,Health and Beauty,50.76,8,20.304,426.384,Credit Card,284.256,121.824,6.2
INV-2025-03535,07-11-2025,17:20,B,Los Angeles,Member,Male,Home and Lifestyle,64.86,8,25.944,544.824,E-wallet,363.216,155.664,8.6
INV-2025-00903,21-08-2025,20:25,A,New York,Member,Male,Food and Beverages,4.29,7,1.5015,31.5315,Cash,21.021,9.009,9
INV-2025-00353,05-01-2025,19:42,B,Los Angeles,Member,Female,Food and Beverages,8.17,2,0.817,17.157,Credit Card,11.438,4.902,6.1
INV-2025-01231,11-12-2025,11:28,A,New York,Member,Female,Health and Beauty,41.84,9,18.828,395.388,Credit Card,263.592,112.968,4.6
INV-2025-04671,03-09-2025,12:32,A,New York,Normal,Male,Electronic Accessories,36.88,4,7.376,154.896,Cash,103.264,44.256,6
INV-2025-02141,17-03-2025,15:42,B,Los Angeles,Member,Male,Fashion Accessories,52.04,5,13.01,273.21,Cash,182.14,78.06,6.5
INV-2025-00445,04-10-2025,20:35,B,Los Angeles,Normal,Male,Food and Beverages,15.74,10,7.87,165.27,Credit Card,110.18,47.22,7.8
INV-2025-04949,12-11-2025,18:03,B,Los Angeles,Member,Male,Sports and Travel,64.76,7,22.666,475.986,Cash,317.324,135.996,4.5
INV-2025-00755,22-12-2025,10:08,A,New York,Normal,Male,Home and Lifestyle,62.75,7,21.9625,461.2125,Cash,307.475,131.775,8.1
INV-2025-01738,18-10-2025,15:26,B,Los Angeles,Normal,Female,Home and Lifestyle,29.21,5,7.3025,153.3525,Cash,102.235,43.815,6.8
INV-2025-02972,01-11-2025,10:50,A,New York,Normal,Male,Home and Lifestyle,76.07,6,22.821,479.241,Credit Card,319.494,136.926,5.2
INV-2025-02921,30-10-2025,11:57,A,New York,Normal,Male,Fashion Accessories,43.68,2,4.368,91.728,E-wallet,61.152,26.208,5.5
INV-2025-00312,09-09-2025,11:23,A,New York,Member,Female,Electronic Accessories,23.24,4,4.648,97.608,Cash,65.072,27.888,5.8
INV-2025-00549,24-10-2025,13:03,C,Chicago,Member,Male,Sports and Travel,52.24,8,20.896,438.816,Unknown,292.544,125.376,6
INV-2025-04053,08-11-2025,19:37,B,Los Angeles,Member,Female,Health and Beauty,41.55,8,16.62,349.02,Credit Card,232.68,99.72,7.1
INV-2025-04762,09-09-2025,15:56,C,Chicago,Member,Female,Food and Beverages,10.12,2,1.012,21.252,E-wallet,14.168,6.072,4.2
INV-2025-01990,03-12-2025,16:05,C,Chicago,Member,Male,Sports and Travel,42.49,10,21.245,446.145,Cash,297.43,127.47,6.6
INV-2025-00307,25-02-2025,18:03,B,Los Angeles,Normal,Male,Sports and Travel,54.58,7,19.103,401.163,Credit Card,267.442,114.618,6.3
INV-2025-02336,13-04-2025,12:57,C,Chicago,Member,Female,Electronic Accessories,99.7,4,19.94,418.74,Credit Card,279.16,119.64,4.4
INV-2025-00695,12-11-2025,13:43,C,Chicago,Normal,Female,Health and Beauty,16.25,1,0.8125,17.0625,Cash,11.375,4.875,8.9
INV-2025-02357,26-11-2025,15:08,C,Chicago,Member,Female,Home and Lifestyle,28.24,6,8.472,177.912,E-wallet,118.608,50.832,7.3
INV-2025-01928,27-01-2025,15:40,A,New York,Member,Male,Home and Lifestyle,51.38,5,12.845,269.745,Cash,179.83,77.07,5.4
INV-2025-00685,24-07-2025,12:15,C,Chicago,Normal,Male,Health and Beauty,52.62,3,7.893,165.753,Credit Card,110.502,47.358,6.4
INV-2025-00750,28-07-2025,13:43,B,Los Angeles,Member,Male,Fashion Accessories,24.6,5,6.15,129.15,E-wallet,86.1,36.9,7.2
INV-2025-04009,13-10-2025,12:31,C,Chicago,Member,Female,Health and Beauty,23.13,5,5.7825,121.4325,Cash,80.955,34.695,5.8
INV-2025-01267,29-12-2025,18:37,A,New York,Member,Female,Food and Beverages,14.95,9,6.7275,141.2775,Credit Card,94.185,40.365,8.5
INV-2025-03286,21-04-2025,19:23,B,Los Angeles,Member,Male,Food and Beverages,4.78,3,0.717,15.057,Credit Card,10.038,4.302,4.9
INV-2025-03530,21-02-2025,10:37,A,New York,Member,Male,Home and Lifestyle,20.31,5,5.0775,106.6275,E-wallet,71.085,30.465,5.4
INV-2025-04424,20-06-2025,13:30,A,New York,Member,Male,Home and Lifestyle,84.93,6,25.479,535.059,E-wallet,356.706,152.874,9.4
INV-2025-03985,17-04-2025,18:22,C,Chicago,Normal,Female,Electronic Accessories,60.04,5,15.01,315.21,Credit Card,210.14,90.06,6.8
INV-2025-03084,18-09-2025,18:37,C,Chicago,Member,Female,Electronic Accessories,33.8,5,8.45,177.45,E-wallet,118.3,50.7,6
INV-2025-03062,26-06-2025,20:05,B,Los Angeles,Member,Female,Fashion Accessories,39.21,2,3.921,82.341,Credit Card,54.894,23.526,9.5
INV-2025-03026,31-10-2025,19:01,B,Los Angeles,Normal,Female,Food and Beverages,19.86,9,8.937,187.677,Credit Card,125.118,53.622,8.5
INV-2025-00971,22-04-2025,11:17,C,Chicago,Normal,Male,Food and Beverages,22.53,7,7.8855,165.5955,Credit Card,110.397,47.313,6.6
INV-2025-00014,04-10-2025,20:59,B,Los Angeles,Member,Female,Sports and Travel,26.17,6,7.851,164.871,E-wallet,109.914,47.106,9
INV-2025-00874,16-05-2025,12:47,B,Los Angeles,Member,Female,Fashion Accessories,43.51,1,2.1755,45.6855,E-wallet,30.457,13.053,9.4
INV-2025-00809,28-01-2025,20:42,C,Chicago,Normal,Male,Food and Beverages,22.07,9,9.9315,208.5615,Credit Card,139.041,59.589,6.7
INV-2025-03199,20-07-2025,16:56,A,New York,Normal,Male,Health and Beauty,43.41,7,15.1935,319.0635,Cash,212.709,91.161,7.5
INV-2025-00515,16-10-2025,15:46,B,Los Angeles,Member,Male,Food and Beverages,7.35,5,1.8375,38.5875,E-wallet,25.725,11.025,4
INV-2025-04473,09-07-2025,17:16,A,New York,Member,Female,Home and Lifestyle,20.73,5,5.1825,108.8325,E-wallet,72.555,31.095,9.2
INV-2025-00410,09-01-2025,12:55,C,Chicago,Normal,Male,Food and Beverages,4.21,8,1.684,35.364,E-wallet,23.576,10.104,7.6
INV-2025-03409,05-09-2025,10:53,C,Chicago,Member,Female,Fashion Accessories,55.22,7,19.327,405.867,Cash,270.578,115.962,5.9
INV-2025-04343,04-06-2025,13:56,A,New York,Member,Female,Fashion Accessories,63.88,8,25.552,536.592,E-wallet,357.728,153.312,4.8
INV-2025-00208,26-08-2025,20:35,B,Los Angeles,Member,Male,Sports and Travel,39.57,4,7.914,166.194,Credit Card,110.796,47.484,4.5
INV-2025-03692,06-09-2025,16:47,B,Los Angeles,Normal,Female,Health and Beauty,49.85,10,24.925,523.425,Credit Card,348.95,149.55,5.2
INV-2025-00459,17-11-2025,10:22,B,Los Angeles,Normal,Male,Electronic Accessories,56.47,6,16.941,355.761,E-wallet,237.174,101.646,8.7
INV-2025-03472,16-01-2025,08:09,A,New York,Member,Male,Electronic Accessories,21.22,4,4.244,89.124,Cash,59.416,25.464,9
INV-2025-02431,23-08-2025,17:44,A,New York,Normal,Male,Home and Lifestyle,37.07,10,18.535,389.235,Credit Card,259.49,111.21,6.8
INV-2025-03658,03-04-2025,15:42,C,Chicago,Member,Male,Health and Beauty,35.45,6,10.635,223.335,Cash,148.89,63.81,9.1
INV-2025-00111,02-12-2025,17:49,B,Los Angeles,Normal,Female,Sports and Travel,78.29,7,27.4015,575.4315,Credit Card,383.621,164.409,6.7
INV-2025-04590,06-04-2025,12:46,B,Los Angeles,Normal,Male,Sports and Travel,55.3,2,5.53,116.13,Cash,77.42,33.18,5.8
INV-2025-04045,08-04-2025,14:13,C,Chicago,Member,Male,Health and Beauty,42.89,6,12.867,270.207,Credit Card,180.138,77.202,7.6
INV-2025-01884,27-02-2025,18:34,A,New York,Member,Female,Food and Beverages,13.49,7,4.7215,99.1515,Cash,66.101,28.329,4.1
INV-2025-01714,13-12-2025,15:24,A,New York,Member,Female,Electronic Accessories,46.68,2,4.668,98.028,Cash,65.352,28.008,9.5
INV-2025-03959,06-10-2025,12:25,A,New York,Normal,Male,Fashion Accessories,58.67,9,26.4015,554.4315,Credit Card,369.621,158.409,8.8
INV-2025-03400,11-08-2025,18:34,A,New York,Normal,Female,Fashion Accessories,62.18,1,3.109,65.289,Credit Card,43.526,18.654,8.8
INV-2025-00553,04-12-2025,14:51,A,New York,Normal,Male,Sports and Travel,35.85,9,16.1325,338.7825,E-wallet,225.855,96.795,6.1
INV-2025-01440,25-07-2025,14:59,A,New York,Normal,Female,Fashion Accessories,31.23,4,6.246,131.166,Credit Card,87.444,37.476,8.2
INV-2025-02271,22-09-2025,13:52,A,New York,Member,Female,Food and Beverages,14.36,2,1.436,30.156,E-wallet,20.104,8.616,5.9
INV-2025-03145,27-08-2025,18:13,B,Los Angeles,Member,Female,Health and Beauty,50.86,10,25.43,534.03,Credit Card,356.02,152.58,6
INV-2025-02822,11-04-2025,18:13,A,New York,Member,Female,Food and Beverages,4.87,8,1.948,40.908,E-wallet,27.272,11.688,5.5
INV-2025-04782,08-09-2025,20:13,A,New York,Member,Male,Health and Beauty,36.55,9,16.4475,345.3975,Cash,230.265,98.685,7.8
INV-2025-01926,07-05-2025,17:35,A,New York,Normal,Female,Electronic Accessories,30.38,5,7.595,159.495,Cash,106.33,45.57,9.1
INV-2025-00635,27-07-2025,21:32,A,New York,Normal,Male,Health and Beauty,22.53,8,9.012,189.252,Cash,126.168,54.072,9.7
INV-2025-04806,31-05-2025,18:10,B,Los Angeles,Member,Female,Home and Lifestyle,87.91,3,13.1865,276.9165,Credit Card,184.611,79.119,7.6
INV-2025-00317,20-10-2025,18:39,A,New York,Normal,Female,Electronic Accessories,95.67,3,14.3505,301.3605,E-wallet,200.907,86.103,8.9
INV-2025-04218,10-12-2025,16:51,A,New York,Normal,Female,Health and Beauty,15.23,7,5.3305,111.9405,Credit Card,74.627,31.983,6.8
INV-2025-04700,14-06-2025,10:41,A,New York,Member,Female,Health and Beauty,41.07,5,10.2675,215.6175,Cash,143.745,61.605,5
INV-2025-01329,15-03-2025,13:49,A,New York,Member,Male,Home and Lifestyle,44.93,10,22.465,471.765,Credit Card,314.51,134.79,4.9
INV-2025-00428,16-12-2025,20:12,B,Los Angeles,Member,Male,Home and Lifestyle,34.47,4,6.894,144.774,E-wallet,96.516,41.364,9
INV-2025-04375,14-06-2025,11:26,B,Los Angeles,Normal,Male,Food and Beverages,2.33,3,0.3495,7.3395,Cash,4.893,2.097,9.3
INV-2025-00106,16-03-2025,21:34,A,New York,Member,Male,Electronic Accessories,16.26,4,3.252,68.292,Credit Card,45.528,19.512,4.1
INV-2025-03042,30-12-2025,17:23,C,Chicago,Normal,Male,Sports and Travel,81.97,10,40.985,860.685,Credit Card,573.79,245.91,7.2
INV-2025-00143,30-08-2025,18:08,C,Chicago,Member,Male,Health and Beauty,10.95,4,2.19,45.99,E-wallet,30.66,13.14,7.3
INV-2025-02170,26-10-2025,17:04,B,Los Angeles,Member,Male,Electronic Accessories,54.07,4,10.814,227.094,Cash,151.396,64.884,5.1
INV-2025-03459,04-12-2025,21:18,C,Chicago,Member,Male,Health and Beauty,57.54,8,23.016,483.336,Credit Card,322.224,138.096,5.9
INV-2025-00090,16-03-2025,12:26,B,Los Angeles,Normal,Male,Electronic Accessories,21.71,7,7.5985,159.5685,Credit Card,106.379,45.591,5.4
INV-2025-02919,21-09-2025,10:52,C,Chicago,Member,Male,Home and Lifestyle,71.41,6,21.423,449.883,Credit Card,299.922,128.538,5.6
INV-2025-03238,02-08-2025,12:15,A,New York,Member,Female,Fashion Accessories,29.67,8,11.868,249.228,Credit Card,166.152,71.208,4.3
INV-2025-02242,18-05-2025,11:13,B,Los Angeles,Member,Male,Health and Beauty,49.87,6,14.961,314.181,Credit Card,209.454,89.766,7.2
INV-2025-03175,03-11-2025,17:25,B,Los Angeles,Member,Male,Electronic Accessories,45.45,7,15.9075,334.0575,Credit Card,222.705,95.445,9.8
INV-2025-03413,05-04-2025,10:23,A,New York,Unknown,Female,Food and Beverages,5.09,9,2.2905,48.1005,Credit Card,32.067,13.743,10
INV-2025-02164,22-02-2025,17:16,B,Los Angeles,Normal,Male,Food and Beverages,23.62,9,10.629,223.209,E-wallet,148.806,63.774,9.9
INV-2025-02637,04-05-2025,14:56,B,Los Angeles,Member,Female,Health and Beauty,56.43,6,16.929,355.509,Cash,237.006,101.574,6.5
INV-2025-01950,28-06-2025,11:46,B,Los Angeles,Normal,Female,Food and Beverages,20.34,9,9.153,192.213,Credit Card,128.142,54.918,4.3
INV-2025-01769,28-02-2025,11:22,C,Chicago,Member,Male,Electronic Accessories,31.07,3,4.6605,97.8705,Cash,65.247,27.963,8.8
INV-2025-04291,20-07-2025,12:34,A,New York,Member,Male,Electronic Accessories,78.26,7,27.391,575.211,Cash,383.474,164.346,8.1
INV-2025-02273,02-10-2025,21:07,A,New York,Normal,Male,Fashion Accessories,12.44,8,4.976,104.496,E-wallet,69.664,29.856,6.7
INV-2025-00002,16-01-2025,11:14,B,Los Angeles,Member,Male,Fashion Accessories,52.24,9,23.508,493.668,Credit Card,329.112,141.048,6.7
INV-2025-03283,02-11-2025,19:04,A,New York,Member,Female,Food and Beverages,4.68,10,2.34,49.14,Cash,32.76,14.04,6.2
INV-2025-04958,18-05-2025,17:56,C,Chicago,Normal,Female,Health and Beauty,53.56,10,26.78,562.38,Cash,374.92,160.68,7
INV-2025-01952,29-09-2025,15:24,C,Chicago,Member,Female,Health and Beauty,20.85,6,6.255,131.355,Credit Card,87.57,37.53,7.6
INV-2025-00936,25-08-2025,17:22,B,Los Angeles,Normal,Female,Health and Beauty,14.29,2,1.429,30.009,E-wallet,20.006,8.574,9.5
INV-2025-04297,11-06-2025,11:19,A,New York,Member,Male,Home and Lifestyle,64.61,6,19.383,407.043,Credit Card,271.362,116.298,5.6
INV-2025-02721,15-12-2025,11:45,B,Los Angeles,Unknown,Female,Home and Lifestyle,40.83,5,10.2075,214.3575,Cash,142.905,61.245,5.7
INV-2025-04448,23-06-2025,20:11,B,Los Angeles,Member,Female,Sports and Travel,51.57,1,2.5785,54.1485,Credit Card,36.099,15.471,8.9
INV-2025-01110,07-07-2025,19:49,B,Los Angeles,Normal,Male,Food and Beverages,14.88,4,2.976,62.496,Credit Card,41.664,17.856,5.1
INV-2025-03961,20-10-2025,15:13,B,Los Angeles,Member,Male,Home and Lifestyle,79.95,6,23.985,503.685,Cash,335.79,143.91,4.6
INV-2025-00592,01-01-2025,19:04,B,Los Angeles,Normal,Male,Home and Lifestyle,49.81,5,12.4525,261.5025,Credit Card,174.335,74.715,7.7
INV-2025-01696,30-09-2025,10:35,B,Los Angeles,Normal,Male,Home and Lifestyle,88.84,9,39.978,839.538,Cash,559.692,239.868,4.8
INV-2025-03451,13-04-2025,13:29,A,New York,Member,Male,Food and Beverages,10.43,8,4.172,87.612,Credit Card,58.408,25.032,8
INV-2025-02937,29-11-2025,11:19,B,Los Angeles,Normal,Female,Electronic Accessories,88.23,2,8.823,185.283,Cash,123.522,52.938,4.5
INV-2025-04205,13-03-2025,16:13,B,Los Angeles,Member,Male,Food and Beverages,13.98,3,2.097,44.037,Cash,29.358,12.582,4.3
INV-2025-03412,04-09-2025,21:02,B,Los Angeles,Member,Female,Fashion Accessories,19.08,7,6.678,140.238,Credit Card,93.492,40.068,9.3
INV-2025-01577,03-11-2025,18:16,B,Los Angeles,Member,Male,Home and Lifestyle,81.77,6,24.531,515.151,E-wallet,343.434,147.186,7.7
INV-2025-03955,30-05-2025,13:37,B,Los Angeles,Member,Male,Home and Lifestyle,67.82,2,6.782,142.422,E-wallet,94.948,40.692,7.3
INV-2025-00214,11-10-2025,20:37,C,Chicago,Member,Male,Home and Lifestyle,36.1,10,18.05,379.05,E-wallet,252.7,108.3,7
INV-2025-00779,01-12-2025,15:48,C,Chicago,Normal,Male,Electronic Accessories,76.48,4,15.296,321.216,Credit Card,214.144,91.776,7.1
INV-2025-01416,02-06-2025,11:57,B,Los Angeles,Member,Female,Health and Beauty,25.73,4,5.146,108.066,E-wallet,72.044,30.876,5.3
INV-2025-03760,07-03-2025,17:52,B,Los Angeles,Normal,Female,Health and Beauty,32.83,10,16.415,344.715,Credit Card,229.81,98.49,8.5
INV-2025-02044,09-10-2025,21:44,A,New York,Normal,Male,Electronic Accessories,71.76,10,35.88,753.48,E-wallet,502.32,215.28,5.4
INV-2025-02849,05-01-2025,12:54,A,New York,Member,Female,Health and Beauty,57.14,7,19.999,419.979,Cash,279.986,119.994,6.3
INV-2025-04538,03-05-2025,16:19,A,New York,Normal,Female,Health and Beauty,17.79,5,4.4475,93.3975,E-wallet,62.265,26.685,7.2
INV-2025-03506,02-08-2025,17:25,A,New York,Normal,Female,Electronic Accessories,43.35,4,8.67,182.07,E-wallet,121.38,52.02,9.1
INV-2025-03814,14-03-2025,14:13,C,Chicago,Normal,Male,Sports and Travel,69.45,1,3.4725,72.9225,Credit Card,48.615,20.835,8.8
INV-2025-01568,06-04-2025,10:53,A,New York,Member,Female,Food and Beverages,14.33,3,2.1495,45.1395,Cash,30.093,12.897,5.2
INV-2025-00166,23-10-2025,12:13,C,Chicago,Member,Male,Sports and Travel,78.34,9,35.253,740.313,Cash,493.542,211.518,9.7
INV-2025-04715,05-02-2025,17:43,A,New York,Member,Female,Fashion Accessories,22.01,7,7.7035,161.7735,Cash,107.849,46.221,9.9
INV-2025-04273,07-11-2025,12:01,B,Los Angeles,Normal,Female,Electronic Accessories,95.22,2,9.522,199.962,Credit Card,133.308,57.132,4.5
INV-2025-04927,23-02-2025,15:31,C,Chicago,Unknown,Male,Health and Beauty,45.43,2,4.543,95.403,E-wallet,63.602,27.258,8.6
INV-2025-01344,15-01-2025,14:41,B,Los Angeles,Normal,Male,Electronic Accessories,24.58,7,8.603,180.663,Unknown,120.442,51.618,8.5
INV-2025-02014,02-05-2025,08:31,C,Chicago,Normal,Male,Fashion Accessories,30.09,3,4.5135,94.7835,Cash,63.189,27.081,6.1
INV-2025-00274,21-11-2025,18:41,B,Los Angeles,Member,Female,Fashion Accessories,71.97,4,14.394,302.274,Cash,201.516,86.364,4.5
INV-2025-00072,18-12-2025,12:16,C,Chicago,Normal,Male,Sports and Travel,31.89,4,6.378,133.938,Credit Card,89.292,38.268,9.5
INV-2025-03888,24-02-2025,13:07,A,New York,Unknown,Female,Health and Beauty,17.86,9,8.037,168.777,Credit Card,112.518,48.222,6.2
INV-2025-01088,13-02-2025,10:32,C,Chicago,Normal,Female,Health and Beauty,10.74,9,4.833,101.493,Credit Card,67.662,28.998,4.9
INV-2025-00395,25-11-2025,14:53,B,Los Angeles,Normal,Female,Sports and Travel,52.77,6,15.831,332.451,E-wallet,221.634,94.986,6.9
INV-2025-00584,30-08-2025,16:03,C,Chicago,Member,Female,Electronic Accessories,47.92,3,7.188,150.948,Credit Card,100.632,43.128,5.2
INV-2025-01368,17-12-2025,15:01,B,Los Angeles,Normal,Male,Sports and Travel,40.13,2,4.013,84.273,Cash,56.182,24.078,8.3
INV-2025-04089,05-11-2025,20:29,C,Chicago,Member,Female,Electronic Accessories,34.37,3,5.1555,108.2655,Credit Card,72.177,30.933,5.9
INV-2025-02549,15-07-2025,14:42,C,Chicago,Member,Male,Electronic Accessories,63.44,4,12.688,266.448,Cash,177.632,76.128,6.3
INV-2025-01014,03-12-2025,12:32,C,Chicago,Member,Female,Sports and Travel,42.4,2,4.24,89.04,E-wallet,59.36,25.44,7
INV-2025-04898,10-04-2025,13:14,C,Chicago,Member,Male,Home and Lifestyle,48.16,8,19.264,404.544,Credit Card,269.696,115.584,7.6
INV-2025-03004,10-04-2025,12:49,C,Chicago,Normal,Female,Fashion Accessories,69.72,6,20.916,439.236,Cash,292.824,125.496,4.7
INV-2025-04789,17-01-2025,19:39,B,Los Angeles,Normal,Female,Electronic Accessories,24.49,4,4.898,102.858,Cash,68.572,29.388,5.8
INV-2025-04408,14-07-2025,10:16,B,Los Angeles,Normal,Female,Food and Beverages,5.57,2,0.557,11.697,E-wallet,7.798,3.342,5.3
INV-2025-03533,11-02-2025,19:05,A,New York,Member,Male,Sports and Travel,34.91,3,5.2365,109.9665,Credit Card,73.311,31.419,9
INV-2025-01764,06-05-2025,08:48,C,Chicago,Normal,Female,Food and Beverages,7.83,1,0.3915,8.2215,Cash,5.481,2.349,9.4
INV-2025-01876,12-09-2025,12:44,C,Chicago,Member,Male,Electronic Accessories,95.55,10,47.775,1003.275,Credit Card,668.85,286.65,6.5
INV-2025-01260,21-11-2025,10:28,C,Chicago,Member,Male,Food and Beverages,3.4,9,1.53,32.13,Cash,21.42,9.18,6.2
INV-2025-04531,28-02-2025,19:28,A,New York,Normal,Male,Food and Beverages,16.89,3,2.5335,53.2035,Credit Card,35.469,15.201,No Rating Given
INV-2025-02254,26-07-2025,12:37,A,New York,Normal,Male,Home and Lifestyle,26.46,9,11.907,250.047,E-wallet,166.698,71.442,8.8
INV-2025-02782,22-03-2025,11:09,B,Los Angeles,Member,Female,Health and Beauty,10.21,3,1.5315,32.1615,Cash,21.441,9.189,4.8
INV-2025-03593,18-07-2025,11:36,B,Los Angeles,Normal,Male,Electronic Accessories,62.83,9,28.2735,593.7435,E-wallet,395.829,169.641,7.5
INV-2025-00527,24-11-2025,20:20,A,New York,Member,Female,Sports and Travel,65.27,5,16.3175,342.6675,Cash,228.445,97.905,5.6
INV-2025-04264,08-12-2025,15:47,C,Chicago,Normal,Female,Health and Beauty,53.57,6,16.071,337.491,E-wallet,224.994,96.426,6.9
INV-2025-02947,27-04-2025,19:17,B,Los Angeles,Member,Female,Sports and Travel,39.56,7,13.846,290.766,Cash,193.844,83.076,9.7
INV-2025-00378,11-05-2025,08:29,C,Chicago,Member,Male,Home and Lifestyle,61.78,10,30.89,648.69,E-wallet,432.46,185.34,5.8
INV-2025-01560,26-06-2025,09:51,A,New York,Normal,Female,Sports and Travel,80.39,3,12.0585,253.2285,Credit Card,168.819,72.351,9.6
INV-2025-03821,24-11-2025,17:28,B,Los Angeles,Normal,Female,Health and Beauty,24.68,3,3.702,77.742,Credit Card,51.828,22.212,9
INV-2025-01964,03-10-2025,18:29,A,New York,Member,Female,Home and Lifestyle,82.18,1,4.109,86.289,Credit Card,57.526,24.654,6.5
INV-2025-04733,24-05-2025,19:04,A,New York,Normal,Male,Home and Lifestyle,63.14,6,18.942,397.782,Credit Card,265.188,113.652,6.7
INV-2025-00349,12-09-2025,12:12,C,Chicago,Normal,Male,Home and Lifestyle,69.24,5,17.31,363.51,Cash,242.34,103.86,7.3
INV-2025-02435,13-06-2025,13:32,C,Chicago,Member,Male,Food and Beverages,6.3,5,1.575,33.075,Credit Card,22.05,9.45,6.8
INV-2025-02247,22-06-2025,16:40,C,Chicago,Member,Female,Health and Beauty,18.43,10,9.215,193.515,Cash,129.01,55.29,4.9
INV-2025-04167,09-03-2025,16:43,C,Chicago,Member,Male,Sports and Travel,29.51,7,10.3285,216.8985,Cash,144.599,61.971,8.4
INV-2025-01710,13-10-2025,17:37,B,Los Angeles,Member,Male,Food and Beverages,20.22,3,3.033,63.693,E-wallet,42.462,18.198,9.9
INV-2025-01051,13-11-2025,17:14,A,New York,Member,Female,Food and Beverages,9.3,9,4.185,87.885,Credit Card,58.59,25.11,4.4
INV-2025-00591,20-10-2025,18:01,C,Chicago,Member,Male,Fashion Accessories,36.35,6,10.905,229.005,Credit Card,152.67,65.43,8.2
INV-2025-00520,29-01-2025,19:19,B,Los Angeles,Normal,Male,Electronic Accessories,64.08,6,19.224,403.704,E-wallet,269.136,115.344,9.3
INV-2025-04753,11-12-2025,18:16,B,Los Angeles,Member,Male,Food and Beverages,16.84,8,6.736,141.456,Credit Card,94.304,40.416,4.1
INV-2025-04309,09-03-2025,10:39,A,New York,Normal,Female,Health and Beauty,14.79,6,4.437,93.177,E-wallet,62.118,26.622,6.7
INV-2025-02478,18-12-2025,18:14,C,Chicago,Normal,Female,Electronic Accessories,21.69,2,2.169,45.549,Cash,30.366,13.014,5.4
INV-2025-01084,11-01-2025,19:05,C,Chicago,Member,Female,Food and Beverages,3.46,1,0.173,3.633,Credit Card,2.422,1.038,6.2
INV-2025-03589,08-05-2025,10:25,B,Los Angeles,Normal,Female,Health and Beauty,16.29,7,5.7015,119.7315,Credit Card,79.821,34.209,5.7
INV-2025-04779,12-06-2025,21:50,A,New York,Member,Male,Home and Lifestyle,73.01,3,10.9515,229.9815,Cash,153.321,65.709,4.8
INV-2025-04510,21-04-2025,11:45,A,New York,Unknown,Male,Health and Beauty,17.92,10,8.96,188.16,Cash,125.44,53.76,6.9
INV-2025-01295,07-09-2025,13:59,C,Chicago,Member,Male,Fashion Accessories,16.31,2,1.631,34.251,Cash,22.834,9.786,4.1
INV-2025-01810,15-11-2025,13:45,A,New York,Normal,Male,Fashion Accessories,11.74,3,1.761,36.981,Credit Card,24.654,10.566,7.8
INV-2025-00792,30-05-2025,17:04,B,Los Angeles,Normal,Male,Sports and Travel,49.68,9,22.356,469.476,Cash,312.984,134.136,6.2
INV-2025-00793,23-02-2025,15:49,A,New York,Member,Female,Electronic Accessories,58.02,8,23.208,487.368,Cash,324.912,139.248,7.8
INV-2025-04115,16-06-2025,14:12,C,Chicago,Member,Female,Home and Lifestyle,65.79,5,16.4475,345.3975,E-wallet,230.265,98.685,8.8
INV-2025-01856,20-01-2025,13:53,A,New York,Member,Female,Health and Beauty,18.17,9,8.1765,171.7065,Credit Card,114.471,49.059,5.7
INV-2025-04758,31-08-2025,17:56,B,Los Angeles,Member,Male,Health and Beauty,23.3,3,3.495,73.395,Cash,48.93,20.97,7.8
INV-2025-01981,11-09-2025,11:10,B,Los Angeles,Normal,Male,Sports and Travel,75.05,8,30.02,630.42,Cash,420.28,180.12,5.5
INV-2025-03234,26-10-2025,18:05,C,Chicago,Member,Female,Health and Beauty,54.82,10,27.41,575.61,Cash,383.74,164.46,4.9
INV-2025-03909,20-10-2025,11:04,B,Los Angeles,Member,Male,Sports and Travel,48.89,1,2.4445,51.3345,Credit Card,34.223,14.667,5.2
INV-2025-03329,20-07-2025,18:02,B,Los Angeles,Member,Female,Food and Beverages,6.4,4,1.28,26.88,Credit Card,17.92,7.68,6.7
INV-2025-01531,09-06-2025,17:51,A,New York,Member,Female,Health and Beauty,36.96,4,7.392,155.232,Cash,103.488,44.352,7.2
INV-2025-01411,06-05-2025,19:20,C,Chicago,Normal,Male,Food and Beverages,13.6,1,0.68,14.28,Credit Card,9.52,4.08,5
INV-2025-04295,17-09-2025,11:00,C,Chicago,Normal,Male,Health and Beauty,27.77,7,9.7195,204.1095,Credit Card,136.073,58.317,5.7
INV-2025-04649,23-03-2025,17:55,C,Chicago,Member,Male,Sports and Travel,50.97,8,20.388,428.148,Credit Card,285.432,122.328,5.3
INV-2025-00084,06-10-2025,14:59,A,New York,Member,Male,Food and Beverages,10.81,7,3.7835,79.4535,Cash,52.969,22.701,8.5
INV-2025-00869,10-06-2025,19:40,A,New York,Normal,Male,Electronic Accessories,63.9,2,6.39,134.19,Credit Card,89.46,38.34,7.3
INV-2025-02351,28-11-2025,20:26,C,Chicago,Member,Female,Health and Beauty,53.85,1,2.6925,56.5425,E-wallet,37.695,16.155,9.9
INV-2025-00021,09-04-2025,12:28,A,New York,Member,Female,Electronic Accessories,89.33,2,8.933,187.593,Credit Card,125.062,53.598,9.2
INV-2025-03425,05-07-2025,19:31,C,Chicago,Member,Female,Sports and Travel,58.88,10,29.44,618.24,E-wallet,412.16,176.64,4.3
INV-2025-02796,23-08-2025,13:30,B,Los Angeles,Normal,Female,Fashion Accessories,27.4,4,5.48,115.08,Cash,76.72,32.88,10
INV-2025-04573,10-10-2025,19:21,A,New York,Normal,Male,Fashion Accessories,36.29,4,7.258,152.418,Cash,101.612,43.548,5.7
INV-2025-01563,10-02-2025,15:13,C,Chicago,Normal,Male,Fashion Accessories,16.61,10,8.305,174.405,Cash,116.27,49.83,6.3
INV-2025-03094,11-09-2025,11:40,B,Los Angeles,Member,Female,Fashion Accessories,56.29,9,25.3305,531.9405,Credit Card,354.627,151.983,9.4
INV-2025-03156,28-12-2025,12:01,A,New York,Member,Male,Sports and Travel,46.66,4,9.332,195.972,E-wallet,130.648,55.992,6.7
INV-2025-00974,28-09-2025,10:41,A,New York,Member,Female,Fashion Accessories,29.56,6,8.868,186.228,E-wallet,124.152,53.208,6.4
INV-2025-01711,04-12-2025,16:01,B,Los Angeles,Normal,Male,Electronic Accessories,58.95,9,26.5275,557.0775,E-wallet,371.385,159.165,8.3
INV-2025-03202,29-12-2025,12:36,B,Los Angeles,Member,Male,Electronic Accessories,92.32,4,18.464,387.744,Credit Card,258.496,110.784,7.8
INV-2025-04372,05-11-2025,08:37,A,New York,Member,Female,Sports and Travel,59.2,5,14.8,310.8,Cash,207.2,88.8,7.2
INV-2025-04820,20-11-2025,09:18,A,New York,Member,Male,Food and Beverages,24.03,3,3.6045,75.6945,Credit Card,50.463,21.627,9
INV-2025-01099,19-05-2025,15:39,C,Chicago,Normal,Male,Electronic Accessories,39.67,4,7.934,166.614,E-wallet,111.076,47.604,9.7
INV-2025-04162,14-07-2025,19:34,B,Los Angeles,Normal,Male,Fashion Accessories,41.69,4,8.338,175.098,E-wallet,116.732,50.028,9.9
INV-2025-02845,12-05-2025,18:08,B,Los Angeles,Member,Male,Health and Beauty,20.49,1,1.0245,21.5145,E-wallet,14.343,6.147,4.8
INV-2025-00887,05-12-2025,18:13,A,New York,Member,Male,Sports and Travel,36.09,8,14.436,303.156,Credit Card,202.104,86.616,5.8
INV-2025-04932,02-12-2025,19:50,A,New York,Member,Female,Health and Beauty,43.29,8,17.316,363.636,Credit Card,242.424,103.896,4
INV-2025-03679,17-01-2025,17:49,B,Los Angeles,Member,Female,Electronic Accessories,92.22,7,32.277,677.817,Credit Card,451.878,193.662,9.1
INV-2025-04581,07-04-2025,12:01,C,Chicago,Member,Male,Home and Lifestyle,21,1,1.05,22.05,Credit Card,14.7,6.3,7.3
INV-2025-03567,14-02-2025,14:17,B,Los Angeles,Member,Male,Sports and Travel,45.72,3,6.858,144.018,Credit Card,96.012,41.148,8.3
INV-2025-04402,19-09-2025,15:14,A,New York,Unknown,Female,Home and Lifestyle,38.28,5,9.57,200.97,Credit Card,133.98,57.42,5.5
INV-2025-00516,13-01-2025,15:50,A,New York,Normal,Female,Sports and Travel,27.73,6,8.319,174.699,Credit Card,116.466,49.914,7.8
INV-2025-04621,11-01-2025,10:12,A,New York,Normal,Male,Electronic Accessories,55.01,6,16.503,346.563,Credit Card,231.042,99.018,4.7
INV-2025-00738,06-05-2025,16:27,C,Chicago,Normal,Male,Health and Beauty,50.63,10,25.315,531.615,Cash,354.41,151.89,9.8
INV-2025-01454,17-12-2025,14:21,B,Los Angeles,Normal,Male,Health and Beauty,16.49,5,4.1225,86.5725,Cash,57.715,24.735,5.8
INV-2025-03972,28-09-2025,17:44,C,Chicago,Member,Female,Fashion Accessories,42.99,9,19.3455,406.2555,Credit Card,270.837,116.073,9.7
INV-2025-04701,27-04-2025,13:51,B,Los Angeles,Member,Male,Home and Lifestyle,28.28,2,2.828,59.388,Credit Card,39.592,16.968,7.1
INV-2025-02507,11-02-2025,12:45,A,New York,Member,Female,Health and Beauty,32.84,7,11.494,241.374,Cash,160.916,68.964,7.4
INV-2025-02995,04-09-2025,14:07,A,New York,Member,Male,Food and Beverages,4.38,5,1.095,22.995,Cash,15.33,6.57,4.5
INV-2025-02127,12-01-2025,19:40,A,New York,Member,Male,Fashion Accessories,39.6,5,9.9,207.9,Credit Card,138.6,59.4,7.4
INV-2025-02927,17-08-2025,13:00,A,New York,Normal,Female,Health and Beauty,34.09,9,15.3405,322.1505,E-wallet,214.767,92.043,8.1
INV-2025-04746,12-11-2025,15:49,B,Los Angeles,Member,Female,Home and Lifestyle,62.03,5,15.5075,325.6575,Cash,217.105,93.045,4.1
INV-2025-00907,01-01-2025,20:01,A,New York,Member,Female,Fashion Accessories,28.65,7,10.0275,210.5775,Credit Card,140.385,60.165,8.3
INV-2025-03648,02-01-2025,16:21,B,Los Angeles,Normal,Female,Electronic Accessories,28.84,10,14.42,302.82,Credit Card,201.88,86.52,8.6
INV-2025-01031,01-02-2025,12:04,C,Chicago,Normal,Male,Home and Lifestyle,88.67,7,31.0345,651.7245,Credit Card,434.483,186.207,7.7
INV-2025-02508,15-01-2025,19:42,B,Los Angeles,Normal,Male,Electronic Accessories,33.42,1,1.671,35.091,Credit Card,23.394,10.026,4.5
INV-2025-02429,26-07-2025,18:26,A,New York,Normal,Female,Food and Beverages,21.66,4,4.332,90.972,Cash,60.648,25.992,5.6
INV-2025-00948,12-08-2025,17:44,B,Los Angeles,Normal,Male,Health and Beauty,50.3,2,5.03,105.63,Cash,70.42,30.18,4.1
INV-2025-03807,21-09-2025,18:55,B,Los Angeles,Member,Male,Food and Beverages,13.49,10,6.745,141.645,E-wallet,94.43,40.47,7
INV-2025-04755,16-07-2025,16:21,C,Chicago,Member,Female,Food and Beverages,8.01,4,1.602,33.642,Credit Card,22.428,9.612,9.6
INV-2025-00716,13-02-2025,09:21,B,Los Angeles,Normal,Male,Food and Beverages,24.81,5,6.2025,130.2525,Cash,86.835,37.215,7.1
INV-2025-04056,26-09-2025,10:58,A,New York,Normal,Female,Fashion Accessories,66.26,6,19.878,417.438,Cash,278.292,119.268,8
INV-2025-00687,03-07-2025,17:53,B,Los Angeles,Member,Female,Sports and Travel,53.59,10,26.795,562.695,Credit Card,375.13,160.77,4.5
INV-2025-00704,13-04-2025,11:31,A,New York,Member,Female,Home and Lifestyle,36.43,9,16.3935,344.2635,Cash,229.509,98.361,4.1
INV-2025-03342,25-05-2025,19:07,A,New York,Normal,Male,Health and Beauty,14.66,7,5.131,107.751,E-wallet,71.834,30.786,5.7
INV-2025-02354,21-03-2025,13:34,A,New York,Member,Male,Food and Beverages,6.43,10,3.215,67.515,Credit Card,45.01,19.29,5.8
INV-2025-02258,08-08-2025,13:17,C,Chicago,Normal,Female,Health and Beauty,43.55,9,19.5975,411.5475,Cash,274.365,117.585,6.8
INV-2025-03552,25-02-2025,20:08,B,Los Angeles,Member,Female,Home and Lifestyle,34.38,1,1.719,36.099,Unknown,24.066,10.314,8.4
INV-2025-00474,20-12-2025,19:58,B,Los Angeles,Normal,Male,Health and Beauty,11.89,6,3.567,74.907,Cash,49.938,21.402,5.6
INV-2025-00022,09-10-2025,11:41,C,Chicago,Normal,Male,Electronic Accessories,29.14,8,11.656,244.776,Unknown,163.184,69.936,9.2
INV-2025-02753,07-02-2025,14:08,A,New York,Member,Male,Health and Beauty,34.37,2,3.437,72.177,Credit Card,48.118,20.622,6.1
INV-2025-00886,27-01-2025,13:17,B,Los Angeles,Normal,Female,Electronic Accessories,42.19,1,2.1095,44.2995,Cash,29.533,12.657,4
INV-2025-02449,18-08-2025,17:18,C,Chicago,Member,Male,Fashion Accessories,30.05,7,10.5175,220.8675,Credit Card,147.245,63.105,6.8
INV-2025-00918,06-12-2025,16:30,C,Chicago,Normal,Male,Electronic Accessories,46.05,2,4.605,96.705,Unknown,64.47,27.63,4.1
INV-2025-03758,10-12-2025,21:00,B,Los Angeles,Member,Female,Fashion Accessories,71.1,9,31.995,671.895,Credit Card,447.93,191.97,9.4
INV-2025-03752,23-11-2025,13:50,B,Los Angeles,Normal,Male,Health and Beauty,45.62,6,13.686,287.406,Credit Card,191.604,82.116,5
INV-2025-02240,01-06-2025,08:51,C,Chicago,Member,Female,Food and Beverages,24.96,1,1.248,26.208,Credit Card,17.472,7.488,5.4
INV-2025-03845,30-03-2025,19:42,B,Los Angeles,Normal,Female,Home and Lifestyle,66.19,2,6.619,138.999,Credit Card,92.666,39.714,5.6
INV-2025-03396,05-04-2025,21:09,C,Chicago,Member,Female,Sports and Travel,64.58,10,32.29,678.09,Credit Card,452.06,193.74,7.5
INV-2025-01266,14-03-2025,12:52,B,Los Angeles,Normal,Male,Home and Lifestyle,24.1,8,9.64,202.44,E-wallet,134.96,57.84,9.5
INV-2025-00484,30-04-2025,12:23,A,New York,Normal,Male,Health and Beauty,46.98,4,9.396,197.316,E-wallet,131.544,56.376,9.6
INV-2025-04338,16-05-2025,17:34,A,New York,Normal,Male,Health and Beauty,11.17,7,3.9095,82.0995,E-wallet,54.733,23.457,6.8
INV-2025-02964,10-06-2025,11:54,B,Los Angeles,Member,Male,Sports and Travel,78.65,9,35.3925,743.2425,Credit Card,495.495,212.355,7
INV-2025-01220,23-07-2025,13:36,B,Los Angeles,Normal,Male,Fashion Accessories,66.52,10,33.26,698.46,Credit Card,465.64,199.56,10
INV-2025-00278,27-03-2025,14:16,C,Chicago,Normal,Male,Electronic Accessories,77.97,1,3.8985,81.8685,Cash,54.579,23.391,9.2
INV-2025-00989,21-12-2025,13:13,A,New York,Member,Female,Fashion Accessories,48.76,1,2.438,51.198,Cash,34.132,14.628,7
INV-2025-02085,05-08-2025,19:17,B,Los Angeles,Member,Female,Home and Lifestyle,46.82,3,7.023,147.483,Credit Card,98.322,42.138,9.3
INV-2025-01246,17-07-2025,11:47,C,Chicago,Normal,Female,Food and Beverages,15.11,2,1.511,31.731,Credit Card,21.154,9.066,5.3
INV-2025-02383,02-03-2025,17:48,B,Los Angeles,Normal,Male,Health and Beauty,43.5,8,17.4,365.4,Credit Card,243.6,104.4,6.5
INV-2025-00572,02-10-2025,11:37,A,New York,Member,Male,Sports and Travel,64.23,8,25.692,539.532,E-wallet,359.688,154.152,7.7
INV-2025-01436,25-12-2025,13:36,A,New York,Member,Female,Home and Lifestyle,27,10,13.5,283.5,Cash,189,81,4.2
INV-2025-00994,07-10-2025,12:31,A,New York,Member,Female,Home and Lifestyle,69.71,9,31.3695,658.7595,E-wallet,439.173,188.217,9.1
INV-2025-03931,22-09-2025,21:03,C,Chicago,Member,Female,Sports and Travel,53.87,9,24.2415,509.0715,E-wallet,339.381,145.449,9.8
INV-2025-03448,21-09-2025,18:27,B,Los Angeles,Member,Female,Home and Lifestyle,39.86,6,11.958,251.118,Credit Card,167.412,71.748,4.7
INV-2025-00586,25-06-2025,12:18,B,Los Angeles,Normal,Male,Food and Beverages,24.31,4,4.862,102.102,Cash,68.068,29.172,9.1
INV-2025-03659,20-07-2025,16:07,C,Chicago,Member,Female,Electronic Accessories,43.4,1,2.17,45.57,E-wallet,30.38,13.02,8.6
INV-2025-02515,15-12-2025,11:51,B,Los Angeles,Normal,Female,Electronic Accessories,68.23,2,6.823,143.283,Credit Card,95.522,40.938,5.8
INV-2025-01350,12-01-2025,13:02,C,Chicago,Member,Female,Sports and Travel,80.81,4,16.162,339.402,Cash,226.268,96.972,7.8
INV-2025-01008,21-07-2025,11:42,A,New York,Normal,Female,Health and Beauty,14.23,5,3.5575,74.7075,E-wallet,49.805,21.345,7.9
INV-2025-00675,10-12-2025,14:57,B,Los Angeles,Normal,Female,Electronic Accessories,57.82,6,17.346,364.266,E-wallet,242.844,104.076,4.8
INV-2025-02413,02-09-2025,13:20,B,Los Angeles,Member,Male,Food and Beverages,16.7,2,1.67,35.07,E-wallet,23.38,10.02,7.1
INV-2025-02904,08-02-2025,18:41,B,Los Angeles,Member,Female,Food and Beverages,21.28,2,2.128,44.688,Cash,29.792,12.768,7.5
INV-2025-00448,05-01-2025,18:51,A,New York,Member,Male,Food and Beverages,10.59,7,3.7065,77.8365,E-wallet,51.891,22.239,6.6
INV-2025-03835,01-10-2025,20:06,A,New York,Member,Female,Sports and Travel,61.16,3,9.174,192.654,Credit Card,128.436,55.044,6.2
INV-2025-03759,20-05-2025,11:11,B,Los Angeles,Normal,Female,Fashion Accessories,55,7,19.25,404.25,Credit Card,269.5,115.5,8.2
INV-2025-03704,12-05-2025,09:39,C,Chicago,Member,Male,Electronic Accessories,28.15,1,1.4075,29.5575,E-wallet,19.705,8.445,8.3
INV-2025-00360,23-05-2025,10:14,B,Los Angeles,Member,Male,Health and Beauty,32.95,10,16.475,345.975,Credit Card,230.65,98.85,9.1
INV-2025-02065,31-07-2025,21:36,C,Chicago,Member,Female,Electronic Accessories,72.68,5,18.17,381.57,Credit Card,254.38,109.02,4.5
INV-2025-04450,07-04-2025,12:29,A,New York,Member,Male,Home and Lifestyle,58.7,4,11.74,246.54,Cash,164.36,70.44,7.1
INV-2025-03811,10-12-2025,10:22,B,Los Angeles,Member,Female,Sports and Travel,44.17,10,22.085,463.785,Credit Card,309.19,132.51,8.6
INV-2025-01691,23-02-2025,10:17,C,Chicago,Member,Female,Food and Beverages,20.75,5,5.1875,108.9375,Credit Card,72.625,31.125,7.1
INV-2025-04327,27-06-2025,12:21,B,Los Angeles,Member,Male,Food and Beverages,7.7,4,1.54,32.34,Cash,21.56,9.24,4
INV-2025-01549,24-09-2025,11:57,B,Los Angeles,Member,Female,Health and Beauty,54.86,7,19.201,403.221,E-wallet,268.814,115.206,4.7
INV-2025-01248,28-11-2025,19:09,A,New York,Member,Male,Food and Beverages,13.12,8,5.248,110.208,Credit Card,73.472,31.488,7.3
INV-2025-01986,10-03-2025,13:22,C,Chicago,Member,Female,Health and Beauty,29.11,3,4.3665,91.6965,Cash,61.131,26.199,7.4
INV-2025-00295,12-03-2025,14:41,C,Chicago,Member,Male,Sports and Travel,71.91,6,21.573,453.033,Credit Card,302.022,129.438,8.7
INV-2025-01548,21-04-2025,13:46,A,New York,Normal,Female,Fashion Accessories,53.07,6,15.921,334.341,Credit Card,222.894,95.526,9.4
INV-2025-02013,06-06-2025,17:57,A,New York,Member,Male,Fashion Accessories,29.49,1,1.4745,30.9645,Cash,20.643,8.847,4.5
INV-2025-00589,16-09-2025,09:33,B,Los Angeles,Normal,Male,Sports and Travel,54.72,2,5.472,114.912,Credit Card,76.608,32.832,4.1
INV-2025-03330,12-12-2025,16:16,A,New York,Member,Female,Sports and Travel,78.78,1,3.939,82.719,Cash,55.146,23.634,4.3
INV-2025-02404,19-11-2025,12:08,C,Chicago,Normal,Female,Electronic Accessories,15.37,2,1.537,32.277,E-wallet,21.518,9.222,9.3
INV-2025-02130,18-09-2025,19:05,B,Los Angeles,Normal,Male,Sports and Travel,32.2,3,4.83,101.43,Credit Card,67.62,28.98,5.9
INV-2025-04389,19-05-2025,16:02,C,Chicago,Normal,Male,Sports and Travel,36.03,9,16.2135,340.4835,E-wallet,226.989,97.281,6.1
INV-2025-02411,23-10-2025,17:46,C,Chicago,Member,Male,Health and Beauty,24.09,5,6.0225,126.4725,Cash,84.315,36.135,6.1
INV-2025-02720,30-08-2025,08:20,A,New York,Member,Female,Home and Lifestyle,43.69,2,4.369,91.749,Cash,61.166,26.214,4.1
INV-2025-00426,23-04-2025,18:14,C,Chicago,Member,Female,Food and Beverages,14.32,5,3.58,75.18,Cash,50.12,21.48,4.6
INV-2025-02583,10-12-2025,18:55,C,Chicago,Member,Male,Food and Beverages,18.95,2,1.895,39.795,Cash,26.53,11.37,5.5
INV-2025-01055,23-01-2025,13:09,C,Chicago,Member,Male,Home and Lifestyle,55.76,9,25.092,526.932,E-wallet,351.288,150.552,8.3
INV-2025-03967,19-08-2025,19:29,C,Chicago,Member,Female,Fashion Accessories,11.19,2,1.119,23.499,Credit Card,15.666,6.714,9.8
INV-2025-04563,20-09-2025,09:15,A,New York,Normal,Male,Health and Beauty,53.22,6,15.966,335.286,Credit Card,223.524,95.796,8.2
INV-2025-00557,15-07-2025,18:33,B,Los Angeles,Member,Female,Sports and Travel,61.63,5,15.4075,323.5575,Credit Card,215.705,92.445,5.6
INV-2025-04359,23-11-2025,12:54,A,New York,Member,Male,Food and Beverages,18.32,1,0.916,19.236,Credit Card,12.824,5.496,6.1
INV-2025-03939,14-06-2025,10:27,C,Chicago,Normal,Male,Home and Lifestyle,70.16,4,14.032,294.672,Credit Card,196.448,84.192,9.5
INV-2025-04713,01-02-2025,11:55,A,New York,Member,Male,Sports and Travel,84.83,8,33.932,712.572,E-wallet,475.048,203.592,8.6
INV-2025-02470,19-11-2025,11:26,C,Chicago,Member,Female,Home and Lifestyle,56.23,4,11.246,236.166,Cash,157.444,67.476,9.2
INV-2025-04711,30-09-2025,11:51,B,Los Angeles,Member,Female,Fashion Accessories,22.24,3,3.336,70.056,E-wallet,46.704,20.016,4.4
INV-2025-00356,10-11-2025,09:43,C,Chicago,Normal,Male,Sports and Travel,80.22,2,8.022,168.462,E-wallet,112.308,48.132,6.6
INV-2025-01194,15-02-2025,14:20,B,Los Angeles,Normal,Female,Food and Beverages,14.21,5,3.5525,74.6025,Credit Card,49.735,21.315,4.8
INV-2025-01717,09-01-2025,15:48,B,Los Angeles,Member,Female,Home and Lifestyle,86.04,10,43.02,903.42,Credit Card,602.28,258.12,9
INV-2025-03417,15-02-2025,16:12,C,Chicago,Normal,Male,Electronic Accessories,84.77,2,8.477,178.017,Cash,118.678,50.862,4.7
INV-2025-02605,29-12-2025,14:47,C,Chicago,Member,Female,Health and Beauty,49.15,3,7.3725,154.8225,Credit Card,103.215,44.235,4.6
INV-2025-04130,26-05-2025,14:02,B,Los Angeles,Normal,Male,Food and Beverages,12.61,10,6.305,132.405,Credit Card,88.27,37.83,4.4
INV-2025-02829,26-03-2025,20:20,A,New York,Normal,Female,Home and Lifestyle,41.09,9,18.4905,388.3005,Cash,258.867,110.943,9.8
INV-2025-01705,04-07-2025,12:27,A,New York,Member,Female,Fashion Accessories,14.29,10,7.145,150.045,Credit Card,100.03,42.87,6.7
INV-2025-02864,14-04-2025,14:33,B,Los Angeles,Member,Male,Food and Beverages,6.5,8,2.6,54.6,Credit Card,36.4,15.6,8.5
INV-2025-02619,12-03-2025,19:01,C,Chicago,Normal,Male,Food and Beverages,10.79,5,2.6975,56.6475,Credit Card,37.765,16.185,7.5
INV-2025-02401,10-09-2025,18:29,C,Chicago,Member,Male,Food and Beverages,8.7,1,0.435,9.135,Credit Card,6.09,2.61,5.2
INV-2025-02140,01-08-2025,16:41,C,Chicago,Member,Female,Food and Beverages,9.5,1,0.475,9.975,Credit Card,6.65,2.85,4.1
INV-2025-03240,19-02-2025,19:00,C,Chicago,Normal,Female,Health and Beauty,15.57,3,2.3355,49.0455,Credit Card,32.697,14.013,8.2
INV-2025-02384,08-08-2025,13:22,A,New York,Member,Female,Health and Beauty,16.25,10,8.125,170.625,Cash,113.75,48.75,4.5
INV-2025-03219,27-06-2025,17:42,A,New York,Member,Female,Fashion Accessories,16.58,4,3.316,69.636,Credit Card,46.424,19.896,9.1
INV-2025-03936,07-09-2025,15:04,C,Chicago,Member,Male,Sports and Travel,59.33,4,11.866,249.186,Cash,166.124,71.196,4.6
INV-2025-01286,07-10-2025,10:41,C,Chicago,Member,Female,Home and Lifestyle,67.99,7,23.7965,499.7265,Credit Card,333.151,142.779,8.5
INV-2025-03797,11-08-2025,12:36,A,New York,Member,Female,Sports and Travel,53.6,5,13.4,281.4,Cash,187.6,80.4,7.8
INV-2025-04895,08-09-2025,18:27,C,Chicago,Normal,Female,Home and Lifestyle,63.18,8,25.272,530.712,Credit Card,353.808,151.632,6.2
INV-2025-04469,17-12-2025,21:04,A,New York,Member,Male,Electronic Accessories,22.49,9,10.1205,212.5305,Credit Card,141.687,60.723,7.3
INV-2025-02088,19-05-2025,12:49,A,New York,Normal,Male,Home and Lifestyle,36.64,1,1.832,38.472,Credit Card,25.648,10.992,6.6
INV-2025-01890,25-12-2025,19:05,B,Los Angeles,Normal,Male,Sports and Travel,60.29,10,30.145,633.045,E-wallet,422.03,180.87,5.7
INV-2025-04623,17-11-2025,11:54,C,Chicago,Member,Female,Fashion Accessories,44.57,7,15.5995,327.5895,Credit Card,218.393,93.597,9.5
INV-2025-01592,31-05-2025,14:20,C,Chicago,Member,Male,Fashion Accessories,21.28,10,10.64,223.44,E-wallet,148.96,63.84,8.9
INV-2025-01347,18-07-2025,18:29,C,Chicago,Normal,Male,Sports and Travel,53.81,10,26.905,565.005,Cash,376.67,161.43,9.9
INV-2025-04432,27-11-2025,14:34,C,Chicago,Normal,Female,Fashion Accessories,56.26,3,8.439,177.219,Cash,118.146,50.634,5
INV-2025-02163,19-03-2025,10:11,A,New York,Normal,Male,Food and Beverages,23.45,7,8.2075,172.3575,Credit Card,114.905,49.245,9.7
INV-2025-02397,24-10-2025,11:36,B,Los Angeles,Member,Female,Health and Beauty,17.15,1,0.8575,18.0075,E-wallet,12.005,5.145,8.6
INV-2025-04769,23-08-2025,19:42,B,Los Angeles,Member,Female,Fashion Accessories,63.12,7,22.092,463.932,Cash,309.288,132.552,7.5
INV-2025-02272,07-06-2025,20:03,B,Los Angeles,Normal,Male,Electronic Accessories,98.11,6,29.433,618.093,E-wallet,412.062,176.598,5.2
INV-2025-04491,22-04-2025,10:40,B,Los Angeles,Member,Male,Home and Lifestyle,88.85,6,26.655,559.755,E-wallet,373.17,159.93,9.6
INV-2025-03112,14-07-2025,20:45,A,New York,Member,Female,Home and Lifestyle,42.47,9,19.1115,401.3415,Credit Card,267.561,114.669,8.3
INV-2025-01138,04-08-2025,12:25,B,Los Angeles,Normal,Female,Health and Beauty,27.31,2,2.731,57.351,Credit Card,38.234,16.386,6.4
INV-2025-03896,19-12-2025,12:42,C,Chicago,Normal,Male,Home and Lifestyle,81.5,8,32.6,684.6,Credit Card,456.4,195.6,5.7
INV-2025-00973,16-07-2025,12:01,A,New York,Normal,Male,Sports and Travel,42.06,7,14.721,309.141,Cash,206.094,88.326,7.2
INV-2025-00796,24-03-2025,12:01,B,Los Angeles,Member,Male,Food and Beverages,19.05,3,2.8575,60.0075,Cash,40.005,17.145,8.6
INV-2025-03021,11-09-2025,15:03,B,Los Angeles,Normal,Male,Fashion Accessories,19.56,4,3.912,82.152,Cash,54.768,23.472,9.6
INV-2025-01712,13-10-2025,20:10,A,New York,Member,Male,Health and Beauty,19.26,3,2.889,60.669,E-wallet,40.446,17.334,4.1
INV-2025-03388,06-11-2025,19:54,B,Los Angeles,Member,Female,Fashion Accessories,58.89,7,20.6115,432.8415,Credit Card,288.561,123.669,9.8
INV-2025-00037,05-02-2025,21:17,B,Los Angeles,Member,Female,Health and Beauty,15.77,5,3.9425,82.7925,Cash,55.195,23.655,9.8
INV-2025-00454,09-04-2025,20:16,C,Chicago,Normal,Male,Fashion Accessories,26.18,8,10.472,219.912,Cash,146.608,62.832,10
INV-2025-00914,03-10-2025,16:34,B,Los Angeles,Member,Male,Food and Beverages,18.44,9,8.298,174.258,Credit Card,116.172,49.788,8.2
INV-2025-04082,30-09-2025,18:25,C,Chicago,Member,Male,Sports and Travel,30.59,5,7.6475,160.5975,Cash,107.065,45.885,4.9
INV-2025-01200,09-08-2025,19:29,B,Los Angeles,Normal,Male,Fashion Accessories,31.48,3,4.722,99.162,Credit Card,66.108,28.332,6
INV-2025-01275,05-08-2025,18:45,C,Chicago,Normal,Male,Fashion Accessories,57.88,5,14.47,303.87,Credit Card,202.58,86.82,4.1
INV-2025-02376,15-07-2025,17:30,C,Chicago,Normal,Female,Electronic Accessories,98.83,6,29.649,622.629,E-wallet,415.086,177.894,9.8
INV-2025-00038,16-05-2025,10:38,B,Los Angeles,Normal,Female,Sports and Travel,61.37,9,27.6165,579.9465,Cash,386.631,165.699,9.4
INV-2025-00975,12-10-2025,19:31,B,Los Angeles,Member,Female,Sports and Travel,75.92,2,7.592,159.432,E-wallet,106.288,45.552,9.6
INV-2025-03196,13-10-2025,20:42,A,New York,Member,Female,Fashion Accessories,73.09,7,25.5815,537.2115,Credit Card,358.141,153.489,4.3
INV-2025-00984,23-10-2025,17:09,B,Los Angeles,Member,Male,Electronic Accessories,16.41,8,6.564,137.844,Cash,91.896,39.384,4.2
INV-2025-03905,13-09-2025,12:17,C,Chicago,Member,Female,Electronic Accessories,51.72,10,25.86,543.06,Credit Card,362.04,155.16,4.6
INV-2025-04070,03-06-2025,11:21,B,Los Angeles,Member,Female,Electronic Accessories,66.86,10,33.43,702.03,Credit Card,468.02,200.58,10
INV-2025-01419,06-05-2025,20:57,B,Los Angeles,Member,Female,Health and Beauty,27.53,7,9.6355,202.3455,E-wallet,134.897,57.813,9.2
INV-2025-03333,22-08-2025,15:32,C,Chicago,Member,Male,Fashion Accessories,56.53,3,8.4795,178.0695,E-wallet,118.713,50.877,8.8
INV-2025-01561,04-02-2025,18:16,A,New York,Normal,Female,Health and Beauty,58.51,4,11.702,245.742,Cash,163.828,70.212,5.4
INV-2025-00040,05-03-2025,18:19,B,Los Angeles,Unknown,Female,Sports and Travel,66.83,9,30.0735,631.5435,Cash,421.029,180.441,6.5
INV-2025-01487,06-08-2025,12:51,A,New York,Member,Female,Fashion Accessories,64.72,10,32.36,679.56,Credit Card,453.04,194.16,6.1
INV-2025-03884,27-09-2025,19:24,B,Los Angeles,Member,Female,Sports and Travel,44.59,7,15.6065,327.7365,Cash,218.491,93.639,5.8
INV-2025-00170,23-03-2025,19:59,B,Los Angeles,Member,Male,Sports and Travel,84.76,8,33.904,711.984,Unknown,474.656,203.424,5.9
INV-2025-01356,08-07-2025,15:30,B,Los Angeles,Member,Female,Fashion Accessories,45.82,3,6.873,144.333,Credit Card,96.222,41.238,7.8
INV-2025-02786,10-04-2025,14:20,A,New York,Member,Female,Food and Beverages,20.64,5,5.16,108.36,Unknown,72.24,30.96,4.9
INV-2025-03633,24-03-2025,18:44,B,Los Angeles,Normal,Female,Fashion Accessories,26.31,7,9.2085,193.3785,Credit Card,128.919,55.251,5.1
INV-2025-04749,23-08-2025,14:28,C,Chicago,Normal,Female,Food and Beverages,24.89,1,1.2445,26.1345,E-wallet,17.423,7.467,8.1
INV-2025-04005,02-08-2025,10:20,A,New York,Member,Female,Sports and Travel,33.98,8,13.592,285.432,Credit Card,190.288,81.552,9
INV-2025-02683,17-12-2025,18:38,B,Los Angeles,Member,Female,Food and Beverages,2.76,10,1.38,28.98,Credit Card,19.32,8.28,8.5
INV-2025-04705,26-06-2025,15:49,A,New York,Member,Female,Home and Lifestyle,29.55,7,10.3425,217.1925,Cash,144.795,62.055,5.3
INV-2025-04026,09-04-2025,14:03,A,New York,Member,Female,Food and Beverages,13.23,3,1.9845,41.6745,E-wallet,27.783,11.907,7.7
INV-2025-01641,11-08-2025,08:02,B,Los Angeles,Normal,Male,Health and Beauty,20.36,7,7.126,149.646,Credit Card,99.764,42.756,4.6
INV-2025-01291,06-05-2025,12:12,B,Los Angeles,Normal,Female,Sports and Travel,57.89,7,20.2615,425.4915,Credit Card,283.661,121.569,5.8
INV-2025-01381,11-10-2025,17:34,C,Chicago,Member,Male,Food and Beverages,5.34,2,0.534,11.214,Credit Card,7.476,3.204,9.9
INV-2025-01934,05-12-2025,12:20,C,Chicago,Member,Male,Health and Beauty,35.59,2,3.559,74.739,Credit Card,49.826,21.354,8.1
INV-2025-00580,17-11-2025,17:17,A,New York,Member,Male,Fashion Accessories,64.85,8,25.94,544.74,Credit Card,363.16,155.64,5
INV-2025-04221,01-03-2025,20:15,B,Los Angeles,Normal,Female,Electronic Accessories,61.95,5,15.4875,325.2375,Cash,216.825,92.925,8.6
INV-2025-03161,01-09-2025,16:30,A,New York,Member,Male,Health and Beauty,31.36,5,7.84,164.64,Cash,109.76,47.04,9.3
INV-2025-02031,25-10-2025,17:54,C,Chicago,Member,Female,Home and Lifestyle,84.49,2,8.449,177.429,Cash,118.286,50.694,9.7
INV-2025-00893,01-02-2025,19:44,A,New York,Normal,Female,Fashion Accessories,44.61,9,20.0745,421.5645,E-wallet,281.043,120.447,5
INV-2025-03952,12-01-2025,13:06,A,New York,Member,Male,Sports and Travel,40.4,7,14.14,296.94,Credit Card,197.96,84.84,6.9
INV-2025-00781,18-04-2025,14:54,B,Los Angeles,Member,Male,Home and Lifestyle,86.03,1,4.3015,90.3315,Credit Card,60.221,25.809,8
INV-2025-00160,04-03-2025,21:50,A,New York,Normal,Male,Home and Lifestyle,58.78,6,17.634,370.314,Credit Card,246.876,105.804,9.9
INV-2025-00003,23-05-2025,19:00,C,Chicago,Member,Female,Home and Lifestyle,39.45,4,7.89,165.69,E-wallet,110.46,47.34,6
INV-2025-02264,21-02-2025,11:36,B,Los Angeles,Member,Female,Fashion Accessories,60.97,2,6.097,128.037,Credit Card,85.358,36.582,4.8
INV-2025-03217,11-08-2025,13:56,A,New York,Member,Male,Health and Beauty,24.59,2,2.459,51.639,E-wallet,34.426,14.754,7.1
INV-2025-02110,11-01-2025,21:53,C,Chicago,Normal,Male,Electronic Accessories,40.48,3,6.072,127.512,Cash,85.008,36.432,5
INV-2025-00850,23-07-2025,15:44,B,Los Angeles,Member,Female,Fashion Accessories,74.43,2,7.443,156.303,E-wallet,104.202,44.658,9.2
INV-2025-02738,24-12-2025,13:14,B,Los Angeles,Member,Male,Sports and Travel,47.92,3,7.188,150.948,Cash,100.632,43.128,5.6
INV-2025-02467,05-10-2025,20:50,A,New York,Normal,Female,Home and Lifestyle,35.32,6,10.596,222.516,Credit Card,148.344,63.576,5.7
INV-2025-03651,19-09-2025,19:39,A,New York,Normal,Female,Electronic Accessories,91.63,5,22.9075,481.0575,Cash,320.705,137.445,4.1
INV-2025-01597,26-10-2025,15:50,C,Chicago,Member,Female,Home and Lifestyle,80.38,3,12.057,253.197,Credit Card,168.798,72.342,6
INV-2025-01777,04-07-2025,16:45,A,New York,Member,Male,Fashion Accessories,50.77,1,2.5385,53.3085,Cash,35.539,15.231,7.8
INV-2025-01914,17-08-2025,19:58,A,New York,Member,Male,Fashion Accessories,32.42,7,11.347,238.287,E-wallet,158.858,68.082,6.4
INV-2025-01044,22-06-2025,20:58,A,New York,Normal,Male,Health and Beauty,27.05,10,13.525,284.025,Credit Card,189.35,81.15,6.6
INV-2025-04714,13-03-2025,19:42,C,Chicago,Member,Female,Electronic Accessories,81.5,7,28.525,599.025,Credit Card,399.35,171.15,8
INV-2025-01545,19-10-2025,12:21,B,Los Angeles,Member,Female,Food and Beverages,16.23,4,3.246,68.166,E-wallet,45.444,19.476,9.3
INV-2025-02737,06-03-2025,13:37,C,Chicago,Normal,Male,Fashion Accessories,13.24,5,3.31,69.51,Cash,46.34,19.86,4.4
INV-2025-03707,11-08-2025,20:29,B,Los Angeles,Member,Male,Electronic Accessories,97.96,9,44.082,925.722,Cash,617.148,264.492,6
INV-2025-04618,01-05-2025,18:15,B,Los Angeles,Normal,Male,Home and Lifestyle,49.08,6,14.724,309.204,E-wallet,206.136,88.344,4.7
INV-2025-00054,27-01-2025,21:22,A,New York,Member,Male,Health and Beauty,57.48,4,11.496,241.416,E-wallet,160.944,68.976,7.7
INV-2025-01797,20-06-2025,20:59,B,Los Angeles,Normal,Male,Home and Lifestyle,32.98,7,11.543,242.403,Credit Card,161.602,69.258,5.9
INV-2025-01912,03-07-2025,15:49,A,New York,Normal,Male,Fashion Accessories,62.29,6,18.687,392.427,Credit Card,261.618,112.122,8
INV-2025-02307,23-09-2025,11:08,C,Chicago,Member,Male,Home and Lifestyle,36.25,10,18.125,380.625,Cash,253.75,108.75,8
INV-2025-02554,01-04-2025,14:39,C,Chicago,Normal,Female,Health and Beauty,32.49,4,6.498,136.458,Credit Card,90.972,38.988,9
INV-2025-02801,18-07-2025,20:01,A,New York,Member,Female,Sports and Travel,60.97,9,27.4365,576.1665,Credit Card,384.111,164.619,7.8
INV-2025-04087,06-04-2025,10:46,A,New York,Member,Female,Electronic Accessories,96.79,9,43.5555,914.6655,Credit Card,609.777,261.333,9
INV-2025-04128,03-09-2025,11:53,A,New York,Member,Female,Food and Beverages,3.26,7,1.141,23.961,E-wallet,15.974,6.846,6.8
INV-2025-00825,04-04-2025,19:12,A,New York,Normal,Female,Sports and Travel,62.61,10,31.305,657.405,Cash,438.27,187.83,7.8
INV-2025-04734,08-06-2025,19:27,A,New York,Normal,Female,Food and Beverages,10.21,9,4.5945,96.4845,Cash,64.323,27.567,8.7
INV-2025-03179,21-12-2025,09:15,C,Chicago,Member,Female,Home and Lifestyle,57.15,8,22.86,480.06,Cash,320.04,137.16,7.1
INV-2025-03402,23-05-2025,18:05,C,Chicago,Normal,Female,Home and Lifestyle,33.79,9,15.2055,319.3155,Credit Card,212.877,91.233,8
INV-2025-01390,10-11-2025,20:08,C,Chicago,Normal,Male,Fashion Accessories,54.59,9,24.5655,515.8755,Credit Card,343.917,147.393,5.2
INV-2025-03565,20-12-2025,13:04,B,Los Angeles,Normal,Male,Fashion Accessories,42.19,5,10.5475,221.4975,Credit Card,147.665,63.285,6.5
INV-2025-04877,23-11-2025,18:20,A,New York,Member,Female,Fashion Accessories,64.8,2,6.48,136.08,Credit Card,90.72,38.88,6.4
INV-2025-00885,16-02-2025,19:24,B,Los Angeles,Member,Male,Electronic Accessories,43.58,8,17.432,366.072,Cash,244.048,104.592,6.6
INV-2025-03806,01-09-2025,21:29,C,Chicago,Member,Male,Food and Beverages,23.44,8,9.376,196.896,Cash,131.264,56.256,7.8
INV-2025-01608,29-06-2025,15:20,A,New York,Normal,Female,Sports and Travel,33.14,3,4.971,104.391,E-wallet,69.594,29.826,9.7
INV-2025-01595,04-03-2025,18:33,B,Los Angeles,Member,Male,Sports and Travel,25.4,6,7.62,160.02,Cash,106.68,45.72,9.1
INV-2025-00772,22-12-2025,15:31,B,Los Angeles,Normal,Male,Electronic Accessories,33.66,4,6.732,141.372,Credit Card,94.248,40.392,5.4
INV-2025-02612,27-12-2025,12:09,A,New York,Normal,Female,Home and Lifestyle,59.12,10,29.56,620.76,Credit Card,413.84,177.36,4.8
INV-2025-04662,27-12-2025,17:21,C,Chicago,Normal,Male,Sports and Travel,25.25,7,8.8375,185.5875,Cash,123.725,53.025,9.8
INV-2025-02274,17-08-2025,16:55,C,Chicago,Member,Female,Fashion Accessories,27.36,7,9.576,201.096,Credit Card,134.064,57.456,5.6
INV-2025-01869,19-12-2025,16:51,C,Chicago,Normal,Male,Sports and Travel,76.3,8,30.52,640.92,Cash,427.28,183.12,4.2
INV-2025-01086,08-05-2025,20:02,C,Chicago,Normal,Male,Food and Beverages,11.15,8,4.46,93.66,Cash,62.44,26.76,5.7
INV-2025-00011,23-03-2025,19:27,B,Los Angeles,Member,Female,Food and Beverages,7.78,9,3.501,73.521,E-wallet,49.014,21.006,4.1
INV-2025-03612,22-01-2025,12:22,B,Los Angeles,Normal,Male,Food and Beverages,8.76,10,4.38,91.98,Cash,61.32,26.28,9
INV-2025-01326,01-09-2025,19:35,A,New York,Normal,Male,Electronic Accessories,97.07,10,48.535,1019.235,E-wallet,679.49,291.21,5.4
INV-2025-03391,18-08-2025,17:41,B,Los Angeles,Member,Female,Electronic Accessories,53.63,1,2.6815,56.3115,Cash,37.541,16.089,5
INV-2025-01464,24-06-2025,11:51,A,New York,Normal,Female,Electronic Accessories,41.52,7,14.532,305.172,Cash,203.448,87.192,9.2
INV-2025-00807,15-04-2025,17:15,C,Chicago,Normal,Female,Fashion Accessories,67.03,3,10.0545,211.1445,Cash,140.763,60.327,7.9
INV-2025-04261,22-02-2025,17:37,B,Los Angeles,Normal,Female,Fashion Accessories,58.51,4,11.702,245.742,Credit Card,163.828,70.212,5.2
INV-2025-03986,03-09-2025,12:40,B,Los Angeles,Normal,Male,Fashion Accessories,25.84,3,3.876,81.396,E-wallet,54.264,23.256,6.8
INV-2025-03772,25-07-2025,12:01,A,New York,Member,Female,Electronic Accessories,75.44,2,7.544,158.424,E-wallet,105.616,45.264,4.3
INV-2025-02109,03-04-2025,17:02,C,Chicago,Normal,Male,Sports and Travel,44.67,6,13.401,281.421,Cash,187.614,80.406,7.3
INV-2025-04236,07-10-2025,15:48,C,Chicago,Normal,Male,Home and Lifestyle,59.48,2,5.948,124.908,Credit Card,83.272,35.688,5.1
INV-2025-04957,05-01-2025,09:39,C,Chicago,Normal,Female,Sports and Travel,78.96,10,39.48,829.08,Cash,552.72,236.88,8.2
INV-2025-02235,03-03-2025,10:34,A,New York,Normal,Female,Health and Beauty,29.21,3,4.3815,92.0115,Cash,61.341,26.289,6.5
INV-2025-03212,12-03-2025,12:03,A,New York,Member,Female,Fashion Accessories,46.27,5,11.5675,242.9175,Cash,161.945,69.405,6.3
INV-2025-00964,12-03-2025,12:46,B,Los Angeles,Member,Female,Sports and Travel,36.95,2,3.695,77.595,Credit Card,51.73,22.17,7.3
INV-2025-03416,03-09-2025,11:26,C,Chicago,Member,Male,Electronic Accessories,28.79,2,2.879,60.459,Cash,40.306,17.274,4.3
INV-2025-03754,11-04-2025,15:50,B,Los Angeles,Normal,Female,Home and Lifestyle,73.61,10,36.805,772.905,E-wallet,515.27,220.83,9.3
INV-2025-00399,06-01-2025,17:54,C,Chicago,Normal,Male,Food and Beverages,5.23,3,0.7845,16.4745,Cash,10.983,4.707,9.7
INV-2025-02633,16-04-2025,13:32,C,Chicago,Member,Male,Sports and Travel,72.06,1,3.603,75.663,Cash,50.442,21.618,8.4
INV-2025-04852,28-09-2025,11:24,C,Chicago,Member,Female,Electronic Accessories,66.81,3,10.0215,210.4515,Credit Card,140.301,60.129,4.7
INV-2025-02997,17-07-2025,20:55,A,New York,Member,Male,Food and Beverages,15.97,7,5.5895,117.3795,Credit Card,78.253,33.537,4.1
INV-2025-00705,14-05-2025,13:10,A,New York,Normal,Male,Health and Beauty,26.89,2,2.689,56.469,Credit Card,37.646,16.134,4.7
INV-2025-00432,23-09-2025,15:44,A,New York,Normal,Female,Food and Beverages,4.32,6,1.296,27.216,Credit Card,18.144,7.776,5.6
INV-2025-00293,10-08-2025,19:25,B,Los Angeles,Member,Female,Electronic Accessories,45.09,3,6.7635,142.0335,Cash,94.689,40.581,6.7
INV-2025-04868,22-04-2025,11:52,B,Los Angeles,Member,Female,Health and Beauty,16.15,2,1.615,33.915,Credit Card,22.61,9.69,4.7
INV-2025-00146,06-04-2025,17:05,B,Los Angeles,Member,Male,Sports and Travel,77.4,1,3.87,81.27,Credit Card,54.18,23.22,9.9
INV-2025-04394,14-11-2025,17:43,A,New York,Member,Male,Health and Beauty,16.77,6,5.031,105.651,Cash,70.434,30.186,No Rating Given
INV-2025-02034,20-09-2025,11:39,B,Los Angeles,Normal,Male,Electronic Accessories,72.53,10,36.265,761.565,Credit Card,507.71,217.59,6.3
INV-2025-04284,03-06-2025,13:46,A,New York,Normal,Male,Health and Beauty,40.08,5,10.02,210.42,Credit Card,140.28,60.12,7.9
INV-2025-01166,06-02-2025,19:16,C,Chicago,Member,Male,Sports and Travel,53.85,1,2.6925,56.5425,Cash,37.695,16.155,6.4
INV-2025-03501,15-06-2025,19:46,A,New York,Normal,Female,Fashion Accessories,48.22,3,7.233,151.893,Credit Card,101.262,43.398,7.1
INV-2025-02051,25-11-2025,18:30,B,Los Angeles,Member,Male,Sports and Travel,44.08,4,8.816,185.136,Credit Card,123.424,52.896,8.7
INV-2025-02625,19-12-2025,17:37,C,Chicago,Member,Male,Electronic Accessories,59.67,3,8.9505,187.9605,Credit Card,125.307,53.703,9.4
INV-2025-04379,05-10-2025,10:48,B,Los Angeles,Normal,Male,Electronic Accessories,89.21,10,44.605,936.705,Credit Card,624.47,267.63,9.7
INV-2025-00340,20-11-2025,21:20,B,Los Angeles,Member,Female,Electronic Accessories,79.7,3,11.955,251.055,Credit Card,167.37,71.73,5
INV-2025-03880,21-03-2025,12:00,A,New York,Member,Female,Health and Beauty,40.1,10,20.05,421.05,Cash,280.7,120.3,6.8
INV-2025-04633,19-05-2025,18:13,A,New York,Member,Male,Sports and Travel,74.61,5,18.6525,391.7025,Cash,261.135,111.915,8.7
INV-2025-02974,07-03-2025,11:07,A,New York,Normal,Male,Fashion Accessories,56,9,25.2,529.2,Cash,352.8,151.2,5.3
INV-2025-00266,10-03-2025,17:43,A,New York,Member,Male,Food and Beverages,16.95,8,6.78,142.38,Credit Card,94.92,40.68,5.3
INV-2025-02425,01-03-2025,11:48,B,Los Angeles,Member,Male,Fashion Accessories,57.61,9,25.9245,544.4145,E-wallet,362.943,155.547,5.2
INV-2025-01263,14-08-2025,18:56,C,Chicago,Member,Female,Health and Beauty,41.1,9,18.495,388.395,E-wallet,258.93,110.97,8.8
INV-2025-01772,10-06-2025,16:29,B,Los Angeles,Member,Male,Sports and Travel,58.36,1,2.918,61.278,Credit Card,40.852,17.508,8.5
INV-2025-03512,11-10-2025,15:19,A,New York,Normal,Female,Sports and Travel,39.26,2,3.926,82.446,E-wallet,54.964,23.556,4.4
INV-2025-00272,15-05-2025,12:59,A,New York,Normal,Female,Fashion Accessories,56.32,7,19.712,413.952,Credit Card,275.968,118.272,6.4
INV-2025-00697,26-08-2025,11:27,A,New York,Member,Male,Fashion Accessories,55.67,8,22.268,467.628,Credit Card,311.752,133.608,9.2
INV-2025-00748,31-03-2025,10:08,C,Chicago,Member,Male,Food and Beverages,18.76,5,4.69,98.49,Cash,65.66,28.14,8.1
INV-2025-00245,08-08-2025,14:45,A,New York,Member,Male,Food and Beverages,4.34,9,1.953,41.013,Cash,27.342,11.718,6
INV-2025-00318,06-03-2025,10:05,C,Chicago,Member,Male,Food and Beverages,7.93,2,0.793,16.653,Cash,11.102,4.758,7.3
INV-2025-00477,10-02-2025,19:58,C,Chicago,Member,Female,Sports and Travel,80.81,2,8.081,169.701,E-wallet,113.134,48.486,5.4
INV-2025-02033,12-03-2025,19:38,C,Chicago,Normal,Female,Health and Beauty,57.27,2,5.727,120.267,Credit Card,80.178,34.362,7.3
INV-2025-00958,03-07-2025,12:41,C,Chicago,Member,Male,Fashion Accessories,60.7,7,21.245,446.145,E-wallet,297.43,127.47,8
INV-2025-03817,21-10-2025,12:05,A,New York,Member,Male,Health and Beauty,53.54,7,18.739,393.519,Credit Card,262.346,112.434,7.4
INV-2025-00814,03-06-2025,17:09,B,Los Angeles,Member,Female,Sports and Travel,43.35,5,10.8375,227.5875,Credit Card,151.725,65.025,7.6
INV-2025-04533,24-06-2025,18:16,A,New York,Normal,Male,Food and Beverages,12.33,10,6.165,129.465,Credit Card,86.31,36.99,5.4
INV-2025-01915,31-10-2025,20:49,B,Los Angeles,Normal,Male,Home and Lifestyle,47.12,2,4.712,98.952,Credit Card,65.968,28.272,8.6
INV-2025-04603,16-10-2025,15:39,C,Chicago,Member,Female,Fashion Accessories,21.95,7,7.6825,161.3325,Credit Card,107.555,46.095,6.6
INV-2025-03488,02-01-2025,15:32,A,New York,Member,Female,Sports and Travel,51.79,4,10.358,217.518,E-wallet,145.012,62.148,7
INV-2025-01298,19-03-2025,11:07,B,Los Angeles,Normal,Male,Food and Beverages,14.7,8,5.88,123.48,Credit Card,82.32,35.28,5.7
INV-2025-04031,29-11-2025,18:00,C,Chicago,Normal,Female,Health and Beauty,29.19,10,14.595,306.495,E-wallet,204.33,87.57,8.1
INV-2025-01805,24-06-2025,19:52,A,New York,Normal,Female,Sports and Travel,32.92,7,11.522,241.962,Credit Card,161.308,69.132,5.9
INV-2025-00759,16-08-2025,12:08,C,Chicago,Member,Female,Food and Beverages,12.02,6,3.606,75.726,Credit Card,50.484,21.636,9.3
INV-2025-00251,16-01-2025,19:14,A,New York,Member,Female,Electronic Accessories,81.36,10,40.68,854.28,Credit Card,569.52,244.08,8.6
INV-2025-02462,17-11-2025,09:17,A,New York,Normal,Male,Sports and Travel,64.69,10,32.345,679.245,Credit Card,452.83,194.07,10
INV-2025-00546,06-11-2025,08:31,C,Chicago,Member,Female,Sports and Travel,80.59,10,40.295,846.195,Credit Card,564.13,241.77,9.9
INV-2025-03242,04-10-2025,14:33,A,New York,Member,Female,Home and Lifestyle,22.58,10,11.29,237.09,Cash,158.06,67.74,9.7
INV-2025-00739,01-01-2025,10:58,B,Los Angeles,Normal,Female,Home and Lifestyle,78.97,4,15.794,331.674,Credit Card,221.116,94.764,7.1
INV-2025-00311,23-12-2025,16:59,C,Chicago,Member,Female,Home and Lifestyle,36.63,1,1.8315,38.4615,Credit Card,25.641,10.989,7.3
INV-2025-03781,06-07-2025,13:38,A,New York,Member,Female,Home and Lifestyle,81.8,9,36.81,773.01,Credit Card,515.34,220.86,6.9
INV-2025-02942,02-10-2025,15:10,C,Chicago,Normal,Female,Sports and Travel,78.01,6,23.403,491.463,Cash,327.642,140.418,5.5
INV-2025-01132,30-03-2025,13:05,A,New York,Normal,Female,Health and Beauty,46.21,3,6.9315,145.5615,Credit Card,97.041,41.589,9.1
INV-2025-01450,08-11-2025,16:59,A,New York,Normal,Female,Home and Lifestyle,41.02,1,2.051,43.071,E-wallet,28.714,12.306,8
INV-2025-04920,16-08-2025,14:09,B,Los Angeles,Normal,Female,Sports and Travel,47.6,2,4.76,99.96,E-wallet,66.64,28.56,9.6
INV-2025-00016,06-03-2025,11:30,C,Chicago,Member,Female,Electronic Accessories,93.96,4,18.792,394.632,Credit Card,263.088,112.752,6.4
INV-2025-03233,04-05-2025,13:50,A,New York,Normal,Male,Health and Beauty,41.48,6,12.444,261.324,Cash,174.216,74.664,5.7
INV-2025-02770,22-02-2025,17:22,C,Chicago,Normal,Male,Sports and Travel,52.69,2,5.269,110.649,Cash,73.766,31.614,6.9
INV-2025-03469,02-12-2025,12:06,B,Los Angeles,Member,Male,Sports and Travel,59.76,4,11.952,250.992,Cash,167.328,71.712,6.5
INV-2025-00921,21-08-2025,16:53,A,New York,Normal,Female,Fashion Accessories,24.78,3,3.717,78.057,Cash,52.038,22.302,4.6
INV-2025-03030,07-08-2025,15:23,B,Los Angeles,Member,Male,Food and Beverages,4.37,10,2.185,45.885,Cash,30.59,13.11,6.9
INV-2025-01373,03-01-2025,14:47,C,Chicago,Normal,Female,Health and Beauty,25.11,4,5.022,105.462,Credit Card,70.308,30.132,8.1
INV-2025-03588,25-06-2025,11:44,B,Los Angeles,Normal,Female,Sports and Travel,74.83,10,37.415,785.715,Credit Card,523.81,224.49,4.3
INV-2025-02545,16-02-2025,11:47,B,Los Angeles,Normal,Female,Sports and Travel,84.38,1,4.219,88.599,Credit Card,59.066,25.314,7.5
INV-2025-03599,13-08-2025,11:42,A,New York,Normal,Male,Fashion Accessories,56.28,9,25.326,531.846,E-wallet,354.564,151.956,4.6
INV-2025-00039,08-04-2025,12:45,B,Los Angeles,Member,Male,Home and Lifestyle,50.19,6,15.057,316.197,Credit Card,210.798,90.342,8
INV-2025-00364,24-04-2025,08:22,C,Chicago,Normal,Female,Food and Beverages,14.01,2,1.401,29.421,Cash,19.614,8.406,5
INV-2025-04102,11-05-2025,18:55,C,Chicago,Normal,Male,Sports and Travel,45.08,3,6.762,142.002,Cash,94.668,40.572,8.6
INV-2025-00183,21-05-2025,13:36,B,Los Angeles,Member,Female,Home and Lifestyle,86.82,3,13.023,273.483,Cash,182.322,78.138,5.7
INV-2025-03034,15-07-2025,12:05,B,Los Angeles,Member,Male,Home and Lifestyle,52.55,8,21.02,441.42,Credit Card,294.28,126.12,4.8
INV-2025-02984,07-04-2025,18:36,B,Los Angeles,Normal,Male,Health and Beauty,31.23,8,12.492,262.332,Cash,174.888,74.952,6.1
INV-2025-01195,04-02-2025,19:44,C,Chicago,Member,Female,Sports and Travel,69.84,4,13.968,293.328,Cash,195.552,83.808,6.8
INV-2025-02853,10-04-2025,11:53,A,New York,Member,Male,Fashion Accessories,25.9,3,3.885,81.585,Cash,54.39,23.31,8.8
INV-2025-04543,02-03-2025,14:26,C,Chicago,Normal,Female,Electronic Accessories,41.41,7,14.4935,304.3635,Credit Card,202.909,86.961,7.3
INV-2025-01122,07-04-2025,13:12,A,New York,Member,Female,Home and Lifestyle,26.47,6,7.941,166.761,Credit Card,111.174,47.646,6.1
INV-2025-02236,02-07-2025,20:46,B,Los Angeles,Unknown,Female,Home and Lifestyle,54.95,9,24.7275,519.2775,E-wallet,346.185,148.365,5.9
INV-2025-02668,06-07-2025,19:27,C,Chicago,Normal,Male,Sports and Travel,74.46,9,33.507,703.647,Cash,469.098,201.042,9.1
INV-2025-03700,18-04-2025,15:40,A,New York,Normal,Female,Sports and Travel,48.86,3,7.329,153.909,E-wallet,102.606,43.974,6.6
INV-2025-03224,20-06-2025,19:30,A,New York,Member,Female,Health and Beauty,57.87,5,14.4675,303.8175,Cash,202.545,86.805,9.4
INV-2025-01183,26-05-2025,20:19,A,New York,Member,Female,Home and Lifestyle,67.45,9,30.3525,637.4025,Credit Card,424.935,182.115,6.6
INV-2025-04185,17-10-2025,17:35,C,Chicago,Member,Female,Health and Beauty,13.74,5,3.435,72.135,Credit Card,48.09,20.61,6.3
INV-2025-04294,01-12-2025,15:10,A,New York,Member,Male,Health and Beauty,45.03,9,20.2635,425.5335,Credit Card,283.689,121.581,9.4
INV-2025-00615,28-05-2025,14:31,C,Chicago,Normal,Male,Health and Beauty,48.24,8,19.296,405.216,E-wallet,270.144,115.776,4.4
INV-2025-04909,04-04-2025,15:43,A,New York,Normal,Male,Fashion Accessories,57.44,3,8.616,180.936,E-wallet,120.624,51.696,9.5
INV-2025-01467,12-03-2025,20:38,B,Los Angeles,Member,Male,Health and Beauty,58.73,6,17.619,369.999,Credit Card,246.666,105.714,4.7
INV-2025-00402,22-02-2025,18:33,B,Los Angeles,Member,Female,Food and Beverages,14.52,3,2.178,45.738,Credit Card,30.492,13.068,6.3
INV-2025-03043,01-12-2025,17:18,B,Los Angeles,Normal,Female,Home and Lifestyle,70.95,3,10.6425,223.4925,Cash,148.995,63.855,6.9
INV-2025-00935,06-05-2025,18:35,A,New York,Normal,Female,Sports and Travel,34.49,7,12.0715,253.5015,E-wallet,169.001,72.429,5.3
INV-2025-02420,25-12-2025,15:35,A,New York,Normal,Female,Sports and Travel,50.67,8,20.268,425.628,Credit Card,283.752,121.608,5.2
INV-2025-04861,10-06-2025,20:55,A,New York,Member,Female,Home and Lifestyle,37.23,10,18.615,390.915,Cash,260.61,111.69,9.3
INV-2025-04911,18-09-2025,15:57,B,Los Angeles,Member,Female,Home and Lifestyle,79.75,8,31.9,669.9,Credit Card,446.6,191.4,9.3
INV-2025-02642,13-06-2025,16:05,C,Chicago,Member,Female,Home and Lifestyle,35.23,10,17.615,369.915,Credit Card,246.61,105.69,6.9
INV-2025-04018,05-09-2025,15:02,B,Los Angeles,Member,Male,Food and Beverages,18.7,3,2.805,58.905,Credit Card,39.27,16.83,5.4
INV-2025-00727,13-07-2025,15:46,C,Chicago,Member,Male,Food and Beverages,16.64,8,6.656,139.776,Credit Card,93.184,39.936,4.9
INV-2025-00827,01-02-2025,13:00,B,Los Angeles,Normal,Male,Health and Beauty,20.55,1,1.0275,21.5775,Credit Card,14.385,6.165,7.1
INV-2025-01522,26-04-2025,18:23,A,New York,Normal,Male,Home and Lifestyle,43.21,3,6.4815,136.1115,Credit Card,90.741,38.889,9
INV-2025-04857,21-11-2025,15:24,C,Chicago,Normal,Female,Sports and Travel,50.03,4,10.006,210.126,Credit Card,140.084,60.036,4.6
INV-2025-02931,11-03-2025,18:37,C,Chicago,Normal,Female,Health and Beauty,44.56,10,22.28,467.88,Credit Card,311.92,133.68,8.2
INV-2025-00137,25-03-2025,12:44,C,Chicago,Normal,Male,Fashion Accessories,38.45,7,13.4575,282.6075,Credit Card,188.405,80.745,8.3
INV-2025-03591,28-03-2025,20:58,C,Chicago,Member,Female,Food and Beverages,12.74,8,5.096,107.016,Credit Card,71.344,30.576,7.4
INV-2025-00629,03-04-2025,19:24,B,Los Angeles,Member,Female,Health and Beauty,48.07,6,14.421,302.841,Cash,201.894,86.526,4.7
INV-2025-00335,08-04-2025,13:45,A,New York,Member,Female,Fashion Accessories,33.3,5,8.325,174.825,E-wallet,116.55,49.95,9
INV-2025-00391,20-09-2025,11:11,A,New York,Normal,Male,Health and Beauty,19.07,10,9.535,200.235,E-wallet,133.49,57.21,9.1
INV-2025-04388,06-02-2025,16:39,C,Chicago,Member,Male,Food and Beverages,8.43,9,3.7935,79.6635,Credit Card,53.109,22.761,8.4
INV-2025-04905,23-08-2025,19:08,B,Los Angeles,Normal,Female,Sports and Travel,75.33,6,22.599,474.579,Credit Card,316.386,135.594,4.9
INV-2025-03833,02-08-2025,15:10,C,Chicago,Member,Male,Fashion Accessories,47.4,2,4.74,99.54,Credit Card,66.36,28.44,4.3
INV-2025-01818,20-12-2025,21:09,C,Chicago,Normal,Male,Fashion Accessories,16.9,10,8.45,177.45,Cash,118.3,50.7,10
INV-2025-00401,30-04-2025,10:13,B,Los Angeles,Normal,Female,Sports and Travel,80.07,1,4.0035,84.0735,Cash,56.049,24.021,7.9
INV-2025-00711,19-03-2025,18:33,B,Los Angeles,Member,Female,Sports and Travel,80.08,8,32.032,672.672,E-wallet,448.448,192.192,7.1
INV-2025-01040,24-05-2025,10:58,A,New York,Normal,Male,Home and Lifestyle,71.93,4,14.386,302.106,Cash,201.404,86.316,8.3
INV-2025-03990,01-11-2025,10:10,C,Chicago,Normal,Female,Electronic Accessories,58.05,8,23.22,487.62,Cash,325.08,139.32,8.7
INV-2025-03360,23-01-2025,11:27,A,New York,Normal,Male,Electronic Accessories,86.6,5,21.65,454.65,Credit Card,303.1,129.9,6.6
INV-2025-00047,17-08-2025,20:47,C,Chicago,Member,Male,Fashion Accessories,28.03,9,12.6135,264.8835,Credit Card,176.589,75.681,5.4
INV-2025-01562,09-03-2025,20:20,B,Los Angeles,Normal,Male,Home and Lifestyle,84.11,7,29.4385,618.2085,Cash,412.139,176.631,7.3
INV-2025-04800,27-02-2025,11:38,B,Los Angeles,Normal,Male,Fashion Accessories,15.62,3,2.343,49.203,Credit Card,32.802,14.058,5.4
INV-2025-03643,03-11-2025,19:40,A,New York,Member,Male,Sports and Travel,37.56,7,13.146,276.066,Cash,184.044,78.876,4.1
INV-2025-03727,01-07-2025,15:57,C,Chicago,Normal,Female,Home and Lifestyle,54.37,9,24.4665,513.7965,Credit Card,342.531,146.799,5.3
INV-2025-01113,20-10-2025,19:55,C,Chicago,Member,Female,Sports and Travel,35.43,9,15.9435,334.8135,E-wallet,223.209,95.661,4.2
INV-2025-02514,28-05-2025,17:04,A,New York,Normal,Female,Electronic Accessories,57.01,4,11.402,239.442,Credit Card,159.628,68.412,4
INV-2025-03609,25-05-2025,12:25,C,Chicago,Member,Male,Food and Beverages,15.9,2,1.59,33.39,Cash,22.26,9.54,7.4
INV-2025-01224,12-08-2025,16:05,C,Chicago,Normal,Male,Sports and Travel,74.2,9,33.39,701.19,Cash,467.46,200.34,9
INV-2025-04061,18-07-2025,10:06,A,New York,Normal,Male,Sports and Travel,67.19,7,23.5165,493.8465,Cash,329.231,141.099,5.9
INV-2025-03024,09-10-2025,21:53,B,Los Angeles,Normal,Female,Health and Beauty,30.49,7,10.6715,224.1015,Unknown,149.401,64.029,8
INV-2025-02422,28-11-2025,12:20,A,New York,Member,Male,Electronic Accessories,42.19,9,18.9855,398.6955,Credit Card,265.797,113.913,5.8
INV-2025-01509,16-09-2025,17:48,A,New York,Member,Male,Food and Beverages,17.37,9,7.8165,164.1465,Credit Card,109.431,46.899,6.9
INV-2025-01751,04-04-2025,20:22,C,Chicago,Normal,Female,Sports and Travel,63.02,10,31.51,661.71,Credit Card,441.14,189.06,6.6
INV-2025-04838,12-11-2025,19:08,A,New York,Member,Female,Sports and Travel,50.52,8,20.208,424.368,Cash,282.912,121.248,7.1
INV-2025-04097,11-01-2025,14:41,A,New York,Normal,Male,Food and Beverages,9.56,5,2.39,50.19,Cash,33.46,14.34,9.6
INV-2025-01800,07-05-2025,19:10,C,Chicago,Normal,Female,Home and Lifestyle,82.03,4,16.406,344.526,Credit Card,229.684,98.436,4.3
INV-2025-00339,19-03-2025,11:12,A,New York,Normal,Female,Electronic Accessories,41.89,3,6.2835,131.9535,E-wallet,87.969,37.701,6.9
INV-2025-00216,08-09-2025,12:56,B,Los Angeles,Normal,Male,Food and Beverages,2.78,2,0.278,5.838,E-wallet,3.892,1.668,8
INV-2025-03664,19-02-2025,13:26,B,Los Angeles,Normal,Male,Food and Beverages,9.34,1,0.467,9.807,Credit Card,6.538,2.802,4.3
INV-2025-01342,08-07-2025,15:53,A,New York,Member,Male,Fashion Accessories,58.38,5,14.595,306.495,Cash,204.33,87.57,6.2
INV-2025-00012,28-02-2025,18:34,C,Chicago,Normal,Female,Health and Beauty,24.68,3,3.702,77.742,Credit Card,51.828,22.212,9.7
INV-2025-01521,12-01-2025,17:30,B,Los Angeles,Member,Female,Home and Lifestyle,55.91,9,25.1595,528.3495,Credit Card,352.233,150.957,9.5
INV-2025-03641,07-07-2025,10:26,A,New York,Member,Female,Sports and Travel,42.53,4,8.506,178.626,Cash,119.084,51.036,6.3
INV-2025-03938,04-04-2025,19:28,C,Chicago,Member,Female,Sports and Travel,58.53,8,23.412,491.652,Cash,327.768,140.472,6.2
INV-2025-04428,12-10-2025,12:13,B,Los Angeles,Normal,Female,Food and Beverages,20.17,10,10.085,211.785,Credit Card,141.19,60.51,4.3
INV-2025-03005,07-04-2025,14:44,C,Chicago,Normal,Male,Electronic Accessories,38.38,9,17.271,362.691,Credit Card,241.794,103.626,7.4
INV-2025-02865,08-03-2025,18:40,B,Los Angeles,Member,Male,Health and Beauty,44.34,8,17.736,372.456,Cash,248.304,106.416,9.4
INV-2025-03116,02-11-2025,14:19,B,Los Angeles,Member,Female,Electronic Accessories,33.15,10,16.575,348.075,E-wallet,232.05,99.45,9.1
INV-2025-04841,30-12-2025,17:27,C,Chicago,Member,Male,Fashion Accessories,12.7,8,5.08,106.68,Cash,71.12,30.48,6.5
INV-2025-02323,08-03-2025,14:30,B,Los Angeles,Normal,Male,Health and Beauty,23.69,10,11.845,248.745,Credit Card,165.83,71.07,6.9
INV-2025-02572,05-08-2025,12:19,B,Los Angeles,Member,Female,Sports and Travel,55.52,10,27.76,582.96,Credit Card,388.64,166.56,8.4
INV-2025-02914,08-06-2025,12:48,A,New York,Member,Female,Fashion Accessories,52.15,1,2.6075,54.7575,Cash,36.505,15.645,6.4
INV-2025-00102,21-03-2025,19:41,A,New York,Member,Female,Home and Lifestyle,22.29,6,6.687,140.427,Cash,93.618,40.122,6.7
INV-2025-03550,26-08-2025,14:54,B,Los Angeles,Normal,Female,Sports and Travel,43.67,6,13.101,275.121,Cash,183.414,78.606,7.7
INV-2025-01459,14-02-2025,21:10,A,New York,Member,Male,Sports and Travel,84.47,6,25.341,532.161,Cash,354.774,152.046,9.1
INV-2025-00172,01-12-2025,18:18,B,Los Angeles,Normal,Female,Electronic Accessories,90.01,6,27.003,567.063,E-wallet,378.042,162.018,6.2
INV-2025-00108,15-09-2025,12:39,A,New York,Unknown,Female,Sports and Travel,63.6,1,3.18,66.78,Cash,44.52,19.08,6.9
INV-2025-04197,09-01-2025,19:07,C,Chicago,Normal,Male,Sports and Travel,83.14,2,8.314,174.594,E-wallet,116.396,49.884,8.5
INV-2025-03570,01-08-2025,18:05,C,Chicago,Member,Female,Health and Beauty,38.28,7,13.398,281.358,E-wallet,187.572,80.388,5.4
INV-2025-04296,01-07-2025,14:27,B,Los Angeles,Normal,Male,Health and Beauty,40.06,4,8.012,168.252,Cash,112.168,48.072,8.7
INV-2025-04064,27-09-2025,15:01,A,New York,Normal,Female,Home and Lifestyle,54.06,2,5.406,113.526,Cash,75.684,32.436,8.4
INV-2025-03862,01-12-2025,12:09,A,New York,Normal,Male,Electronic Accessories,94.31,6,28.293,594.153,Cash,396.102,169.758,8.7
INV-2025-04123,09-04-2025,18:37,B,Los Angeles,Member,Female,Health and Beauty,48.23,6,14.469,303.849,Cash,202.566,86.814,7.1
INV-2025-04630,16-05-2025,10:57,C,Chicago,Normal,Male,Health and Beauty,36.89,7,12.9115,271.1415,Credit Card,180.761,77.469,8.5
INV-2025-00061,22-06-2025,09:54,A,New York,Member,Female,Home and Lifestyle,43.82,10,21.91,460.11,Credit Card,306.74,131.46,5.7
INV-2025-01241,22-05-2025,14:03,A,New York,Normal,Female,Electronic Accessories,32.8,9,14.76,309.96,Credit Card,206.64,88.56,8.4
INV-2025-04638,27-05-2025,19:51,A,New York,Normal,Male,Home and Lifestyle,39.51,10,19.755,414.855,Credit Card,276.57,118.53,5.5
INV-2025-01041,14-03-2025,09:15,B,Los Angeles,Normal,Female,Health and Beauty,11.06,1,0.553,11.613,Cash,7.742,3.318,7.5
INV-2025-04188,05-07-2025,09:25,C,Chicago,Member,Female,Health and Beauty,11.78,10,5.89,123.69,Cash,82.46,35.34,9.6
INV-2025-02761,12-08-2025,20:20,A,New York,Member,Female,Food and Beverages,14.93,7,5.2255,109.7355,Credit Card,73.157,31.353,6.2
INV-2025-02121,15-10-2025,14:18,C,Chicago,Member,Female,Health and Beauty,26.87,1,1.3435,28.2135,Cash,18.809,8.061,5.5
INV-2025-01525,31-12-2025,17:33,B,Los Angeles,Normal,Male,Food and Beverages,3.11,4,0.622,13.062,Cash,8.708,3.732,4.5
INV-2025-03522,26-03-2025,13:08,C,Chicago,Member,Female,Health and Beauty,10.08,5,2.52,52.92,E-wallet,35.28,15.12,5.1
INV-2025-00154,24-11-2025,21:03,A,New York,Normal,Female,Food and Beverages,20.43,3,3.0645,64.3545,E-wallet,42.903,18.387,4.9
INV-2025-02249,08-04-2025,19:09,A,New York,Member,Female,Fashion Accessories,39.89,5,9.9725,209.4225,Credit Card,139.615,59.835,6.8
INV-2025-00482,07-05-2025,12:17,C,Chicago,Member,Male,Health and Beauty,43.59,7,15.2565,320.3865,Credit Card,213.591,91.539,5.1
INV-2025-04234,06-01-2025,15:03,C,Chicago,Normal,Female,Health and Beauty,35.41,10,17.705,371.805,Cash,247.87,106.23,No Rating Given
INV-2025-04306,28-11-2025,08:44,C,Chicago,Member,Male,Food and Beverages,8.53,8,3.412,71.652,E-wallet,47.768,20.472,9.1
INV-2025-03579,07-04-2025,13:30,A,New York,Normal,Female,Sports and Travel,47.42,10,23.71,497.91,Credit Card,331.94,142.26,5
INV-2025-04126,25-08-2025,12:53,C,Chicago,Member,Female,Electronic Accessories,61.17,1,3.0585,64.2285,E-wallet,42.819,18.351,8.3
INV-2025-03563,05-02-2025,15:30,C,Chicago,Normal,Female,Health and Beauty,16.25,5,4.0625,85.3125,Unknown,56.875,24.375,9.6
INV-2025-03316,30-09-2025,11:51,A,New York,Normal,Female,Food and Beverages,23.89,2,2.389,50.169,Credit Card,33.446,14.334,9.5
INV-2025-01763,24-04-2025,13:54,A,New York,Member,Male,Food and Beverages,2.92,7,1.022,21.462,E-wallet,14.308,6.132,4.3
INV-2025-03539,03-09-2025,16:40,C,Chicago,Normal,Female,Home and Lifestyle,81.42,4,16.284,341.964,E-wallet,227.976,97.704,6.4
INV-2025-04804,14-08-2025,11:16,B,Los Angeles,Member,Female,Fashion Accessories,64.93,3,9.7395,204.5295,Credit Card,136.353,58.437,8.2
INV-2025-00751,11-06-2025,08:12,A,New York,Normal,Male,Fashion Accessories,24.67,7,8.6345,181.3245,E-wallet,120.883,51.807,9.5
INV-2025-03620,07-12-2025,16:38,A,New York,Member,Male,Health and Beauty,56.09,9,25.2405,530.0505,E-wallet,353.367,151.443,9.9
INV-2025-01786,09-08-2025,14:12,B,Los Angeles,Normal,Male,Fashion Accessories,24.61,7,8.6135,180.8835,Credit Card,120.589,51.681,5.8
INV-2025-04271,22-09-2025,16:18,A,New York,Normal,Male,Sports and Travel,83.87,5,20.9675,440.3175,Credit Card,293.545,125.805,5.6
INV-2025-03384,23-06-2025,20:00,B,Los Angeles,Normal,Male,Home and Lifestyle,43.47,5,10.8675,228.2175,Credit Card,152.145,65.205,9.5
INV-2025-04349,15-02-2025,14:57,B,Los Angeles,Member,Male,Fashion Accessories,52.3,8,20.92,439.32,Credit Card,292.88,125.52,4.2
INV-2025-00406,28-11-2025,19:01,A,New York,Member,Male,Electronic Accessories,68.51,1,3.4255,71.9355,E-wallet,47.957,20.553,4.9
INV-2025-00758,01-11-2025,18:37,C,Chicago,Member,Male,Fashion Accessories,43.08,6,12.924,271.404,Credit Card,180.936,77.544,8.3
INV-2025-02712,25-01-2025,09:24,C,Chicago,Member,Female,Home and Lifestyle,57.22,6,17.166,360.486,Cash,240.324,102.996,4.7
INV-2025-02671,27-03-2025,13:10,C,Chicago,Member,Male,Food and Beverages,13.25,9,5.9625,125.2125,Credit Card,83.475,35.775,9.9
INV-2025-03984,17-07-2025,21:43,B,Los Angeles,Normal,Male,Electronic Accessories,63.79,5,15.9475,334.8975,E-wallet,223.265,95.685,7.3
INV-2025-00098,08-02-2025,11:14,C,Chicago,Normal,Female,Food and Beverages,10.41,7,3.6435,76.5135,Cash,51.009,21.861,7.2
INV-2025-01334,07-03-2025,13:01,A,New York,Normal,Female,Home and Lifestyle,29.92,7,10.472,219.912,Credit Card,146.608,62.832,7.8
INV-2025-04452,24-06-2025,16:23,B,Los Angeles,Member,Male,Home and Lifestyle,76.6,8,30.64,643.44,Cash,428.96,183.84,5.1
INV-2025-02792,23-04-2025,12:17,A,New York,Normal,Male,Health and Beauty,57.19,9,25.7355,540.4455,Credit Card,360.297,154.413,5.9
INV-2025-02855,30-01-2025,20:54,C,Chicago,Member,Female,Electronic Accessories,94.77,4,18.954,398.034,Credit Card,265.356,113.724,4.3
INV-2025-00187,28-05-2025,13:41,A,New York,Normal,Male,Food and Beverages,18.99,1,0.9495,19.9395,E-wallet,13.293,5.697,5.1
INV-2025-04004,18-11-2025,14:53,C,Chicago,Member,Male,Fashion Accessories,66.06,8,26.424,554.904,E-wallet,369.936,158.544,7.6
INV-2025-02724,29-01-2025,15:58,C,Chicago,Member,Male,Electronic Accessories,16.14,6,4.842,101.682,Credit Card,67.788,29.052,7
INV-2025-03584,07-12-2025,19:45,A,New York,Normal,Male,Food and Beverages,19.53,8,7.812,164.052,Credit Card,109.368,46.872,7.6
INV-2025-02059,05-01-2025,13:43,B,Los Angeles,Member,Female,Health and Beauty,46.84,9,21.078,442.638,Credit Card,295.092,126.468,6.8
INV-2025-01320,24-07-2025,13:27,C,Chicago,Normal,Male,Electronic Accessories,65.4,3,9.81,206.01,Cash,137.34,58.86,4.1
INV-2025-00149,23-08-2025,09:12,A,New York,Member,Male,Home and Lifestyle,85.34,9,38.403,806.463,Credit Card,537.642,230.418,8.9
INV-2025-00029,10-11-2025,21:51,B,Los Angeles,Member,Female,Fashion Accessories,16.73,3,2.5095,52.6995,Cash,35.133,15.057,9.3
INV-2025-04141,11-09-2025,16:56,A,New York,Normal,Male,Food and Beverages,24.48,3,3.672,77.112,Credit Card,51.408,22.032,9.1
INV-2025-04010,23-05-2025,18:39,C,Chicago,Member,Male,Fashion Accessories,36.29,1,1.8145,38.1045,Credit Card,25.403,10.887,4.4
INV-2025-03364,01-08-2025,18:21,C,Chicago,Member,Female,Fashion Accessories,50.51,8,20.204,424.284,Credit Card,282.856,121.224,9.3
INV-2025-00693,19-08-2025,17:16,A,New York,Normal,Male,Electronic Accessories,30.73,10,15.365,322.665,Cash,215.11,92.19,8
INV-2025-02867,18-06-2025,18:59,A,New York,Normal,Male,Electronic Accessories,59.27,8,23.708,497.868,Credit Card,331.912,142.248,9.3
INV-2025-03777,16-07-2025,17:38,C,Chicago,Member,Male,Sports and Travel,25.57,3,3.8355,80.5455,Credit Card,53.697,23.013,5.3
INV-2025-01387,06-11-2025,17:50,B,Los Angeles,Member,Male,Fashion Accessories,41.83,6,12.549,263.529,Credit Card,175.686,75.294,7.7
INV-2025-01846,09-04-2025,13:45,C,Chicago,Member,Female,Food and Beverages,5.03,3,0.7545,15.8445,Cash,10.563,4.527,4.1
INV-2025-04731,30-05-2025,18:22,B,Los Angeles,Normal,Female,Sports and Travel,50.06,6,15.018,315.378,E-wallet,210.252,90.108,5.9
INV-2025-00130,30-11-2025,12:38,B,Los Angeles,Member,Male,Sports and Travel,31.21,6,9.363,196.623,E-wallet,131.082,56.178,4.5
INV-2025-01600,04-01-2025,19:02,A,New York,Unknown,Male,Food and Beverages,16.89,4,3.378,70.938,Cash,47.292,20.268,5.4
INV-2025-03630,23-10-2025,11:19,B,Los Angeles,Normal,Male,Home and Lifestyle,73.85,8,29.54,620.34,Cash,413.56,177.24,4.5
INV-2025-04504,28-11-2025,11:44,A,New York,Member,Female,Electronic Accessories,51.68,1,2.584,54.264,Credit Card,36.176,15.504,8.7
INV-2025-00702,23-04-2025,16:43,A,New York,Normal,Female,Electronic Accessories,90.07,7,31.5245,662.0145,E-wallet,441.343,189.147,9
INV-2025-03983,28-06-2025,11:05,B,Los Angeles,Member,Male,Electronic Accessories,62.85,1,3.1425,65.9925,E-wallet,43.995,18.855,7.6
INV-2025-03029,17-12-2025,12:26,A,New York,Normal,Female,Fashion Accessories,66.13,6,19.839,416.619,Credit Card,277.746,119.034,6.6
INV-2025-02970,05-07-2025,18:42,A,New York,Member,Female,Food and Beverages,15.07,1,0.7535,15.8235,Cash,10.549,4.521,8.9
INV-2025-04357,27-12-2025,14:24,A,New York,Normal,Female,Fashion Accessories,28.86,1,1.443,30.303,Credit Card,20.202,8.658,5.7
INV-2025-01709,30-04-2025,09:05,C,Chicago,Normal,Female,Fashion Accessories,26.42,5,6.605,138.705,Cash,92.47,39.63,5.2
INV-2025-02954,31-12-2025,12:54,A,New York,Normal,Female,Food and Beverages,15.85,6,4.755,99.855,Credit Card,66.57,28.53,9.5
INV-2025-00455,12-04-2025,15:49,A,New York,Normal,Male,Sports and Travel,48.35,5,12.0875,253.8375,E-wallet,169.225,72.525,5
INV-2025-02869,01-05-2025,21:29,B,Los Angeles,Member,Male,Fashion Accessories,10.26,4,2.052,43.092,Credit Card,28.728,12.312,5.7
INV-2025-02041,12-04-2025,13:52,B,Los Angeles,Normal,Male,Home and Lifestyle,79.4,2,7.94,166.74,Credit Card,111.16,47.64,9.2
INV-2025-01773,23-06-2025,20:30,B,Los Angeles,Normal,Male,Health and Beauty,37.37,7,13.0795,274.6695,Credit Card,183.113,78.477,4.9
INV-2025-02316,08-05-2025,14:37,B,Los Angeles,Member,Female,Home and Lifestyle,84.67,7,29.6345,622.3245,Credit Card,414.883,177.807,5.9
INV-2025-00610,17-07-2025,14:18,A,New York,Member,Female,Food and Beverages,4.01,8,1.604,33.684,Credit Card,22.456,9.624,6.5
INV-2025-00168,24-06-2025,17:20,C,Chicago,Member,Female,Sports and Travel,32.85,6,9.855,206.955,Credit Card,137.97,59.13,4.6
INV-2025-00731,10-01-2025,13:13,A,New York,Normal,Female,Health and Beauty,50.35,10,25.175,528.675,Credit Card,352.45,151.05,7.5
INV-2025-04249,19-03-2025,16:00,A,New York,Member,Male,Health and Beauty,59.36,4,11.872,249.312,E-wallet,166.208,71.232,4.8
INV-2025-03359,04-03-2025,09:54,A,New York,Member,Female,Home and Lifestyle,76.69,6,23.007,483.147,Credit Card,322.098,138.042,7.6
INV-2025-02075,22-02-2025,16:53,C,Chicago,Normal,Male,Electronic Accessories,80.59,6,24.177,507.717,E-wallet,338.478,145.062,9.7
INV-2025-04040,02-01-2025,15:40,C,Chicago,Normal,Female,Health and Beauty,26.56,10,13.28,278.88,Credit Card,185.92,79.68,9
INV-2025-03701,15-03-2025,18:19,A,New York,Member,Male,Food and Beverages,3.54,9,1.593,33.453,Credit Card,22.302,9.558,6.5
INV-2025-01623,20-10-2025,20:55,A,New York,Normal,Male,Fashion Accessories,71.22,6,21.366,448.686,Credit Card,299.124,128.196,4.6
INV-2025-00588,24-04-2025,20:37,C,Chicago,Normal,Male,Sports and Travel,83.81,1,4.1905,88.0005,E-wallet,58.667,25.143,8.4
INV-2025-01402,12-08-2025,19:33,A,New York,Member,Female,Sports and Travel,61.39,6,18.417,386.757,Cash,257.838,110.502,4.5
INV-2025-03046,22-11-2025,19:02,A,New York,Member,Female,Fashion Accessories,53.69,4,10.738,225.498,Credit Card,150.332,64.428,4.5
INV-2025-03225,15-09-2025,19:02,A,New York,Normal,Female,Sports and Travel,68.89,6,20.667,434.007,Cash,289.338,124.002,4.2
INV-2025-01701,12-10-2025,16:43,A,New York,Member,Female,Home and Lifestyle,70,9,31.5,661.5,Cash,441,189,9.1
INV-2025-03089,16-10-2025,13:17,B,Los Angeles,Member,Female,Health and Beauty,39.53,6,11.859,249.039,E-wallet,166.026,71.154,9.5
INV-2025-04391,11-02-2025,16:31,A,New York,Member,Female,Sports and Travel,44.29,3,6.6435,139.5135,Credit Card,93.009,39.861,7.7
INV-2025-02982,24-08-2025,11:04,C,Chicago,Normal,Male,Health and Beauty,29.72,4,5.944,124.824,Credit Card,83.216,35.664,9.8
INV-2025-00041,14-07-2025,18:57,A,New York,Normal,Female,Food and Beverages,21.18,5,5.295,111.195,Cash,74.13,31.77,6.6
INV-2025-01380,12-03-2025,13:15,C,Chicago,Normal,Male,Fashion Accessories,40.86,8,16.344,343.224,Cash,228.816,98.064,5
INV-2025-02090,17-02-2025,15:15,C,Chicago,Member,Female,Fashion Accessories,70.57,2,7.057,148.197,Credit Card,98.798,42.342,8.4
INV-2025-02176,14-11-2025,14:23,A,New York,Normal,Female,Health and Beauty,42.33,8,16.932,355.572,Cash,237.048,101.592,5.7
INV-2025-03218,15-08-2025,12:45,A,New York,Member,Male,Electronic Accessories,42.69,10,21.345,448.245,Cash,298.83,128.07,9.8
INV-2025-02886,28-07-2025,12:21,B,Los Angeles,Member,Female,Food and Beverages,15.93,5,3.9825,83.6325,E-wallet,55.755,23.895,5.3
INV-2025-00075,12-12-2025,19:36,B,Los Angeles,Member,Female,Food and Beverages,2.93,3,0.4395,9.2295,Credit Card,6.153,2.637,7.9
INV-2025-03910,07-11-2025,17:57,A,New York,Member,Male,Health and Beauty,39.84,5,9.96,209.16,Cash,139.44,59.76,8.1
INV-2025-04965,20-01-2025,15:55,A,New York,Member,Male,Home and Lifestyle,45.62,6,13.686,287.406,E-wallet,191.604,82.116,5.3
INV-2025-02658,28-06-2025,18:36,A,New York,Member,Male,Sports and Travel,81.33,6,24.399,512.379,Credit Card,341.586,146.394,6.4
INV-2025-03181,27-09-2025,19:23,C,Chicago,Member,Female,Electronic Accessories,88.06,4,17.612,369.852,E-wallet,246.568,105.672,9.2
INV-2025-02077,16-04-2025,12:10,A,New York,Member,Male,Home and Lifestyle,83.41,6,25.023,525.483,Credit Card,350.322,150.138,9.8
INV-2025-00442,09-05-2025,20:44,C,Chicago,Member,Female,Health and Beauty,14.78,8,5.912,124.152,Credit Card,82.768,35.472,4.2
INV-2025-04052,06-09-2025,12:03,C,Chicago,Normal,Male,Electronic Accessories,31.14,1,1.557,32.697,Credit Card,21.798,9.342,4.2
INV-2025-02052,15-08-2025,13:04,C,Chicago,Member,Female,Fashion Accessories,39.84,3,5.976,125.496,Credit Card,83.664,35.856,5
INV-2025-02542,28-04-2025,19:03,B,Los Angeles,Normal,Male,Fashion Accessories,25.25,6,7.575,159.075,Credit Card,106.05,45.45,4.1
INV-2025-03307,09-07-2025,16:21,A,New York,Normal,Male,Fashion Accessories,12.25,6,3.675,77.175,Credit Card,51.45,22.05,6.1
INV-2025-01302,09-12-2025,12:40,A,New York,Normal,Male,Home and Lifestyle,62.2,8,24.88,522.48,Cash,348.32,149.28,9.3
INV-2025-01782,08-11-2025,10:10,B,Los Angeles,Normal,Male,Health and Beauty,57.21,1,2.8605,60.0705,Cash,40.047,17.163,9.1
INV-2025-04815,03-04-2025,18:14,A,New York,Member,Female,Food and Beverages,2.13,7,0.7455,15.6555,E-wallet,10.437,4.473,7.1
INV-2025-03431,01-05-2025,10:31,A,New York,Normal,Female,Health and Beauty,43.63,3,6.5445,137.4345,Cash,91.623,39.267,9.3
INV-2025-01305,17-01-2025,11:59,B,Los Angeles,Normal,Male,Home and Lifestyle,46.65,8,18.66,391.86,Credit Card,261.24,111.96,4.2
INV-2025-00237,04-12-2025,11:27,C,Chicago,Member,Female,Food and Beverages,11.22,9,5.049,106.029,E-wallet,70.686,30.294,9.2
INV-2025-02600,07-04-2025,12:45,B,Los Angeles,Normal,Female,Electronic Accessories,23.74,10,11.87,249.27,E-wallet,166.18,71.22,7.4
INV-2025-00521,01-07-2025,10:09,A,New York,Member,Female,Fashion Accessories,44.73,3,6.7095,140.8995,Credit Card,93.933,40.257,6.3
INV-2025-02574,25-01-2025,14:14,C,Chicago,Normal,Female,Home and Lifestyle,80.65,8,32.26,677.46,Credit Card,451.64,193.56,6.6
INV-2025-03281,23-06-2025,14:24,B,Los Angeles,Normal,Female,Sports and Travel,40.19,2,4.019,84.399,Credit Card,56.266,24.114,9.7
INV-2025-03187,30-06-2025,17:51,C,Chicago,Member,Female,Food and Beverages,13.75,1,0.6875,14.4375,Credit Card,9.625,4.125,8.3
INV-2025-02769,15-01-2025,20:14,A,New York,Member,Female,Food and Beverages,19.49,10,9.745,204.645,Credit Card,136.43,58.47,7.4
INV-2025-00736,12-06-2025,15:26,A,New York,Member,Male,Health and Beauty,23.46,10,11.73,246.33,Credit Card,164.22,70.38,5.5
INV-2025-04704,29-12-2025,13:23,A,New York,Member,Male,Fashion Accessories,50.17,5,12.5425,263.3925,Credit Card,175.595,75.255,9.5
INV-2025-04930,29-06-2025,15:27,A,New York,Normal,Female,Food and Beverages,12.03,4,2.406,50.526,Credit Card,33.684,14.436,6.2
INV-2025-02107,11-08-2025,13:12,C,Chicago,Member,Female,Home and Lifestyle,28.14,4,5.628,118.188,Credit Card,78.792,33.768,6.8
INV-2025-02680,19-12-2025,19:40,B,Los Angeles,Normal,Female,Electronic Accessories,18.55,9,8.3475,175.2975,Credit Card,116.865,50.085,7.1
INV-2025-03230,28-01-2025,18:25,B,Los Angeles,Member,Male,Electronic Accessories,53.65,6,16.095,337.995,Cash,225.33,96.57,4
INV-2025-02762,30-11-2025,14:28,B,Los Angeles,Member,Male,Fashion Accessories,24.03,7,8.4105,176.6205,Cash,117.747,50.463,9.6
INV-2025-00593,22-10-2025,19:50,B,Los Angeles,Normal,Female,Fashion Accessories,70.6,9,31.77,667.17,E-wallet,444.78,190.62,8
INV-2025-01304,27-01-2025,17:44,A,New York,Member,Female,Home and Lifestyle,22.83,8,9.132,191.772,Credit Card,127.848,54.792,6
INV-2025-01388,02-02-2025,12:17,C,Chicago,Normal,Male,Home and Lifestyle,84.88,6,25.464,534.744,E-wallet,356.496,152.784,7.4
INV-2025-04696,25-12-2025,19:39,A,New York,Member,Female,Food and Beverages,18.21,5,4.5525,95.6025,Cash,63.735,27.315,4.4
INV-2025-04527,15-12-2025,13:31,B,Los Angeles,Member,Female,Health and Beauty,23.02,7,8.057,169.197,Cash,112.798,48.342,7
INV-2025-03948,31-07-2025,12:22,A,New York,Member,Male,Home and Lifestyle,71.23,9,32.0535,673.1235,E-wallet,448.749,192.321,6.1
INV-2025-01891,20-12-2025,15:41,A,New York,Normal,Male,Fashion Accessories,45.72,1,2.286,48.006,Cash,32.004,13.716,6.6
INV-2025-02988,01-10-2025,19:18,A,New York,Normal,Male,Food and Beverages,22.13,3,3.3195,69.7095,Cash,46.473,19.917,6
INV-2025-04925,21-11-2025,11:04,A,New York,Unknown,Male,Food and Beverages,15.16,8,6.064,127.344,E-wallet,84.896,36.384,6.4
INV-2025-03298,16-03-2025,13:29,C,Chicago,Unknown,Female,Electronic Accessories,51.74,5,12.935,271.635,E-wallet,181.09,77.61,6.6
INV-2025-00905,23-06-2025,19:05,A,New York,Member,Female,Electronic Accessories,41.13,8,16.452,345.492,Cash,230.328,98.712,4.3
INV-2025-04610,04-02-2025,19:07,B,Los Angeles,Member,Female,Electronic Accessories,35.39,1,1.7695,37.1595,E-wallet,24.773,10.617,7
INV-2025-01280,05-04-2025,10:44,C,Chicago,Member,Female,Sports and Travel,69.3,8,27.72,582.12,Credit Card,388.08,166.32,4.2
INV-2025-00934,07-07-2025,15:39,C,Chicago,Member,Female,Food and Beverages,12.35,1,0.6175,12.9675,Credit Card,8.645,3.705,7.9
INV-2025-04900,28-02-2025,15:56,C,Chicago,Member,Male,Health and Beauty,47.91,6,14.373,301.833,E-wallet,201.222,86.238,7.1
INV-2025-02309,25-04-2025,16:12,A,New York,Member,Male,Food and Beverages,10.71,2,1.071,22.491,E-wallet,14.994,6.426,4.9
INV-2025-01556,21-06-2025,19:52,C,Chicago,Member,Male,Sports and Travel,56.67,10,28.335,595.035,Credit Card,396.69,170.01,4.5
INV-2025-04534,03-12-2025,13:10,A,New York,Member,Female,Sports and Travel,27.02,5,6.755,141.855,E-wallet,94.57,40.53,7
INV-2025-03191,08-06-2025,16:47,B,Los Angeles,Normal,Male,Sports and Travel,50.58,4,10.116,212.436,Credit Card,141.624,60.696,6
INV-2025-04442,27-08-2025,10:03,B,Los Angeles,Normal,Male,Sports and Travel,28.28,8,11.312,237.552,E-wallet,158.368,67.872,9.5
INV-2025-00707,26-01-2025,20:28,C,Chicago,Normal,Male,Health and Beauty,49.08,10,24.54,515.34,E-wallet,343.56,147.24,9.7
INV-2025-04691,25-12-2025,18:23,B,Los Angeles,Member,Female,Sports and Travel,49.56,9,22.302,468.342,Credit Card,312.228,133.812,9.6
INV-2025-03071,24-04-2025,12:23,A,New York,Member,Female,Health and Beauty,15.02,4,3.004,63.084,Credit Card,42.056,18.024,5.9
INV-2025-00746,24-04-2025,12:31,C,Chicago,Member,Female,Fashion Accessories,55.95,4,11.19,234.99,Cash,156.66,67.14,9.9
INV-2025-03595,02-05-2025,20:34,C,Chicago,Member,Female,Health and Beauty,48.85,1,2.4425,51.2925,Credit Card,34.195,14.655,7.5
INV-2025-01940,10-12-2025,17:29,B,Los Angeles,Member,Female,Sports and Travel,44.72,10,22.36,469.56,Credit Card,313.04,134.16,7.1
INV-2025-04401,04-10-2025,13:46,C,Chicago,Normal,Female,Food and Beverages,12.97,3,1.9455,40.8555,Credit Card,27.237,11.673,5.9
INV-2025-02863,02-07-2025,21:36,B,Los Angeles,Normal,Male,Home and Lifestyle,66.15,3,9.9225,208.3725,Cash,138.915,59.535,8.7
INV-2025-03997,07-12-2025,18:17,B,Los Angeles,Member,Female,Home and Lifestyle,49.04,1,2.452,51.492,E-wallet,34.328,14.712,10
INV-2025-00514,19-12-2025,17:50,C,Chicago,Member,Female,Home and Lifestyle,56.78,10,28.39,596.19,Credit Card,397.46,170.34,4.8
INV-2025-00082,08-04-2025,20:32,C,Chicago,Member,Male,Home and Lifestyle,74.09,7,25.9315,544.5615,Credit Card,363.041,155.589,8.7
INV-2025-01309,05-01-2025,18:47,C,Chicago,Normal,Male,Electronic Accessories,64.53,8,25.812,542.052,Credit Card,361.368,154.872,6
INV-2025-04615,29-03-2025,13:59,A,New York,Normal,Male,Sports and Travel,48.38,1,2.419,50.799,Cash,33.866,14.514,7.2
INV-2025-00915,23-04-2025,18:15,B,Los Angeles,Member,Male,Home and Lifestyle,59.09,3,8.8635,186.1335,E-wallet,124.089,53.181,4.4
INV-2025-03453,11-06-2025,11:36,C,Chicago,Normal,Female,Fashion Accessories,19.08,1,0.954,20.034,Credit Card,13.356,5.724,5.1
INV-2025-03696,25-07-2025,08:40,A,New York,Member,Male,Fashion Accessories,11.3,1,0.565,11.865,E-wallet,7.91,3.39,4.9
INV-2025-04805,19-07-2025,10:19,B,Los Angeles,Normal,Female,Home and Lifestyle,89.65,6,26.895,564.795,E-wallet,376.53,161.37,8.5
INV-2025-03157,25-10-2025,14:12,C,Chicago,Normal,Female,Home and Lifestyle,65.34,5,16.335,343.035,Credit Card,228.69,98.01,10
INV-2025-02199,19-04-2025,13:53,C,Chicago,Normal,Female,Sports and Travel,34.41,3,5.1615,108.3915,Credit Card,72.261,30.969,8.1
INV-2025-04233,08-10-2025,12:07,A,New York,Normal,Female,Food and Beverages,18.92,2,1.892,39.732,Credit Card,26.488,11.352,9.4
INV-2025-00775,12-06-2025,13:01,A,New York,Member,Male,Home and Lifestyle,83.1,5,20.775,436.275,E-wallet,290.85,124.65,7.1
INV-2025-00330,30-03-2025,17:00,A,New York,Normal,Female,Fashion Accessories,72.86,5,18.215,382.515,Credit Card,255.01,109.29,6.3
INV-2025-02055,28-12-2025,12:21,A,New York,Member,Female,Sports and Travel,50.05,3,7.5075,157.6575,Credit Card,105.105,45.045,4.8
INV-2025-02002,22-11-2025,12:54,B,Los Angeles,Member,Male,Home and Lifestyle,73.38,5,18.345,385.245,Credit Card,256.83,110.07,4.2
INV-2025-00944,19-08-2025,20:54,A,New York,Member,Male,Health and Beauty,20.93,4,4.186,87.906,Credit Card,58.604,25.116,7.3
INV-2025-00823,28-03-2025,19:00,A,New York,Normal,Female,Food and Beverages,11.59,5,2.8975,60.8475,Credit Card,40.565,17.385,5
INV-2025-04528,11-05-2025,18:38,B,Los Angeles,Member,Male,Health and Beauty,51.26,10,25.63,538.23,Cash,358.82,153.78,6.5
INV-2025-00910,04-06-2025,17:18,A,New York,Member,Female,Fashion Accessories,33.99,5,8.4975,178.4475,E-wallet,118.965,50.985,8.3
INV-2025-02517,13-07-2025,16:36,B,Los Angeles,Member,Female,Health and Beauty,20.82,9,9.369,196.749,Credit Card,131.166,56.214,9.8
INV-2025-00182,07-05-2025,13:19,A,New York,Normal,Female,Home and Lifestyle,69.34,8,27.736,582.456,Credit Card,388.304,166.416,6.1
INV-2025-00165,28-03-2025,16:37,A,New York,Normal,Female,Food and Beverages,2.95,1,0.1475,3.0975,Cash,2.065,0.885,9.7
INV-2025-01524,01-07-2025,12:33,A,New York,Member,Male,Sports and Travel,68.71,3,10.3065,216.4365,E-wallet,144.291,61.839,4.5
INV-2025-00452,22-02-2025,13:08,C,Chicago,Normal,Male,Health and Beauty,17.53,8,7.012,147.252,Cash,98.168,42.072,6.5
INV-2025-02539,25-02-2025,15:40,C,Chicago,Member,Male,Sports and Travel,49.03,2,4.903,102.963,Cash,68.642,29.418,5.2
INV-2025-04138,19-10-2025,14:15,B,Los Angeles,Member,Male,Health and Beauty,54.1,10,27.05,568.05,Cash,378.7,162.3,4.6
INV-2025-04776,21-07-2025,13:20,C,Chicago,Normal,Male,Health and Beauty,22.5,2,2.25,47.25,Credit Card,31.5,13.5,7.3
INV-2025-01312,28-05-2025,18:37,C,Chicago,Member,Male,Food and Beverages,2.15,3,0.3225,6.7725,E-wallet,4.515,1.935,5.6
INV-2025-03150,26-10-2025,17:28,C,Chicago,Member,Male,Home and Lifestyle,79.76,5,19.94,418.74,E-wallet,279.16,119.64,7.9
INV-2025-01112,07-01-2025,17:02,B,Los Angeles,Normal,Female,Health and Beauty,59.79,5,14.9475,313.8975,Cash,209.265,89.685,4.3
INV-2025-04548,09-05-2025,13:08,C,Chicago,Member,Male,Health and Beauty,27.29,6,8.187,171.927,Credit Card,114.618,49.122,5.1
INV-2025-04086,21-10-2025,19:12,C,Chicago,Normal,Female,Home and Lifestyle,45.14,9,20.313,426.573,Credit Card,284.382,121.878,5.9
INV-2025-03490,21-01-2025,13:32,A,New York,Member,Male,Health and Beauty,34.88,3,5.232,109.872,Credit Card,73.248,31.392,6.7
INV-2025-01288,25-04-2025,11:40,C,Chicago,Normal,Female,Home and Lifestyle,81.74,6,24.522,514.962,Credit Card,343.308,147.132,6.6
INV-2025-04178,12-10-2025,18:02,A,New York,Member,Female,Home and Lifestyle,52.39,10,26.195,550.095,Cash,366.73,157.17,9.7
INV-2025-04646,06-02-2025,18:04,C,Chicago,Member,Male,Electronic Accessories,44.55,3,6.6825,140.3325,Credit Card,93.555,40.095,5.1
INV-2025-03681,16-11-2025,17:56,A,New York,Member,Male,Health and Beauty,54.89,9,24.7005,518.7105,Credit Card,345.807,148.203,7
INV-2025-04512,09-09-2025,14:00,C,Chicago,Unknown,Female,Health and Beauty,14.43,7,5.0505,106.0605,E-wallet,70.707,30.303,6.6
INV-2025-04169,23-09-2025,18:39,A,New York,Member,Female,Health and Beauty,25.31,3,3.7965,79.7265,Credit Card,53.151,22.779,6.2
INV-2025-03301,30-11-2025,14:01,B,Los Angeles,Normal,Male,Home and Lifestyle,32.65,4,6.53,137.13,Credit Card,91.42,39.18,9.5
INV-2025-03311,27-08-2025,19:02,C,Chicago,Member,Male,Electronic Accessories,68.83,9,30.9735,650.4435,Cash,433.629,185.841,7.1
INV-2025-04557,01-03-2025,09:25,C,Chicago,Unknown,Male,Sports and Travel,76.57,4,15.314,321.594,Credit Card,214.396,91.884,7.8
INV-2025-03126,19-04-2025,19:32,B,Los Angeles,Unknown,Male,Sports and Travel,58.34,5,14.585,306.285,E-wallet,204.19,87.51,4.8
INV-2025-00328,25-03-2025,19:16,C,Chicago,Normal,Female,Health and Beauty,29.33,3,4.3995,92.3895,E-wallet,61.593,26.397,8.7
INV-2025-01791,23-06-2025,19:56,A,New York,Normal,Female,Sports and Travel,83.45,3,12.5175,262.8675,E-wallet,175.245,75.105,8
INV-2025-02491,09-07-2025,14:29,A,New York,Normal,Male,Fashion Accessories,31.53,10,15.765,331.065,Cash,220.71,94.59,5.7
INV-2025-02007,09-06-2025,11:59,A,New York,Normal,Male,Health and Beauty,24.73,3,3.7095,77.8995,Credit Card,51.933,22.257,10
INV-2025-02008,14-10-2025,20:35,C,Chicago,Member,Male,Fashion Accessories,37.21,2,3.721,78.141,Credit Card,52.094,22.326,8.7
INV-2025-01859,10-05-2025,14:28,A,New York,Normal,Female,Sports and Travel,46.91,1,2.3455,49.2555,Credit Card,32.837,14.073,6.6
INV-2025-04686,01-03-2025,17:09,B,Los Angeles,Member,Male,Sports and Travel,83.47,6,25.041,525.861,E-wallet,350.574,150.246,5.6
INV-2025-00313,11-02-2025,15:07,A,New York,Member,Female,Fashion Accessories,27.23,9,12.2535,257.3235,Credit Card,171.549,73.521,6.2
INV-2025-00833,10-04-2025,18:55,B,Los Angeles,Normal,Male,Electronic Accessories,57.32,2,5.732,120.372,Credit Card,80.248,34.392,8
INV-2025-03080,28-06-2025,14:45,B,Los Angeles,Member,Female,Sports and Travel,31.37,3,4.7055,98.8155,E-wallet,65.877,28.233,8.7
INV-2025-04718,03-09-2025,11:57,B,Los Angeles,Member,Female,Electronic Accessories,63.99,2,6.399,134.379,Cash,89.586,38.394,9.1
INV-2025-03463,15-03-2025,13:47,C,Chicago,Member,Female,Fashion Accessories,63.81,7,22.3335,469.0035,E-wallet,312.669,134.001,8.9
INV-2025-01202,05-01-2025,12:27,A,New York,Normal,Female,Food and Beverages,12.53,4,2.506,52.626,E-wallet,35.084,15.036,7.4
INV-2025-04392,19-06-2025,13:52,C,Chicago,Normal,Female,Food and Beverages,2.56,9,1.152,24.192,Cash,16.128,6.912,8.9
INV-2025-03548,09-08-2025,10:11,B,Los Angeles,Normal,Male,Health and Beauty,21.13,9,9.5085,199.6785,Credit Card,133.119,57.051,8.4
INV-2025-04923,26-01-2025,09:49,A,New York,Normal,Female,Health and Beauty,58.62,1,2.931,61.551,E-wallet,41.034,17.586,5.7
INV-2025-02135,06-05-2025,19:44,A,New York,Normal,Male,Sports and Travel,68.48,2,6.848,143.808,Credit Card,95.872,41.088,7
INV-2025-03452,03-07-2025,18:36,B,Los Angeles,Normal,Female,Sports and Travel,25.76,4,5.152,108.192,Credit Card,72.128,30.912,6.7
INV-2025-02210,04-05-2025,12:54,C,Chicago,Normal,Female,Electronic Accessories,81.82,3,12.273,257.733,Cash,171.822,73.638,10
INV-2025-01902,31-10-2025,14:54,B,Los Angeles,Member,Female,Home and Lifestyle,66.25,3,9.9375,208.6875,Credit Card,139.125,59.625,4.1
INV-2025-01482,19-12-2025,19:53,B,Los Angeles,Member,Male,Sports and Travel,38.23,3,5.7345,120.4245,Cash,80.283,34.407,5.4
INV-2025-00778,06-10-2025,20:00,C,Chicago,Member,Female,Sports and Travel,81.75,10,40.875,858.375,E-wallet,572.25,245.25,4.1
INV-2025-00800,09-12-2025,10:56,A,New York,Normal,Male,Fashion Accessories,20.86,7,7.301,153.321,Credit Card,102.214,43.806,8.9
INV-2025-03715,19-12-2025,11:12,C,Chicago,Member,Male,Sports and Travel,41.63,7,14.5705,305.9805,Cash,203.987,87.423,4.9
INV-2025-03943,03-10-2025,19:52,C,Chicago,Member,Male,Health and Beauty,58.49,5,14.6225,307.0725,Cash,204.715,87.735,9.7
INV-2025-00055,03-05-2025,11:42,A,New York,Normal,Female,Fashion Accessories,26.66,6,7.998,167.958,Cash,111.972,47.988,7.6
INV-2025-02973,04-11-2025,18:39,B,Los Angeles,Member,Female,Sports and Travel,57.81,2,5.781,121.401,Cash,80.934,34.686,5.4
INV-2025-03336,24-05-2025,11:56,A,New York,Normal,Female,Food and Beverages,11.83,8,4.732,99.372,Cash,66.248,28.392,6.5
INV-2025-01921,03-04-2025,11:00,A,New York,Member,Female,Sports and Travel,72.59,5,18.1475,381.0975,Credit Card,254.065,108.885,6.9
INV-2025-03716,25-12-2025,19:27,C,Chicago,Member,Male,Electronic Accessories,86.98,5,21.745,456.645,E-wallet,304.43,130.47,8.6
INV-2025-04647,25-10-2025,10:38,A,New York,Member,Male,Electronic Accessories,89.83,10,44.915,943.215,Unknown,628.81,269.49,6.1
INV-2025-00947,28-02-2025,20:29,B,Los Angeles,Member,Male,Food and Beverages,12.03,5,3.0075,63.1575,E-wallet,42.105,18.045,8.1
INV-2025-01702,07-11-2025,19:15,C,Chicago,Member,Male,Health and Beauty,29.33,4,5.866,123.186,Credit Card,82.124,35.196,7.3
INV-2025-03294,14-08-2025,19:52,B,Los Angeles,Member,Female,Electronic Accessories,67.62,4,13.524,284.004,Credit Card,189.336,81.144,7.8
INV-2025-02162,10-12-2025,14:10,C,Chicago,Normal,Male,Home and Lifestyle,83.6,6,25.08,526.68,Credit Card,351.12,150.48,8.3
INV-2025-01137,11-08-2025,11:24,B,Los Angeles,Member,Female,Home and Lifestyle,47.08,8,18.832,395.472,Cash,263.648,112.992,9.8
INV-2025-00988,19-01-2025,16:15,A,New York,Member,Male,Food and Beverages,18.09,7,6.3315,132.9615,Credit Card,88.641,37.989,4.6
INV-2025-02550,19-10-2025,12:53,A,New York,Normal,Male,Food and Beverages,17.57,10,8.785,184.485,E-wallet,122.99,52.71,8.7
INV-2025-00194,01-06-2025,14:14,A,New York,Member,Male,Sports and Travel,69.86,10,34.93,733.53,Credit Card,489.02,209.58,8.2
INV-2025-03058,24-05-2025,11:27,C,Chicago,Normal,Male,Food and Beverages,6.55,2,0.655,13.755,E-wallet,9.17,3.93,5.8
INV-2025-03247,08-07-2025,08:16,B,Los Angeles,Normal,Female,Food and Beverages,22.26,6,6.678,140.238,Credit Card,93.492,40.068,7.9
INV-2025-01395,18-07-2025,13:08,A,New York,Member,Male,Health and Beauty,52.36,5,13.09,274.89,Cash,183.26,78.54,7.2
INV-2025-02638,09-01-2025,13:37,A,New York,Member,Female,Sports and Travel,76.35,7,26.7225,561.1725,Credit Card,374.115,160.335,4.8
INV-2025-00769,08-08-2025,21:15,C,Chicago,Normal,Male,Food and Beverages,8.77,3,1.3155,27.6255,Credit Card,18.417,7.893,4.3
INV-2025-04703,02-07-2025,10:50,C,Chicago,Member,Female,Fashion Accessories,63.88,8,25.552,536.592,Cash,357.728,153.312,7.4
INV-2025-03091,07-10-2025,20:22,B,Los Angeles,Member,Female,Electronic Accessories,66.71,5,16.6775,350.2275,Cash,233.485,100.065,4.9
INV-2025-03496,11-05-2025,19:28,C,Chicago,Normal,Female,Fashion Accessories,29.35,2,2.935,61.635,E-wallet,41.09,17.61,7.3
INV-2025-03216,06-08-2025,12:16,C,Chicago,Member,Female,Electronic Accessories,29.08,1,1.454,30.534,Credit Card,20.356,8.724,4.6
INV-2025-00286,31-10-2025,16:27,B,Los Angeles,Member,Female,Home and Lifestyle,79.56,7,27.846,584.766,Credit Card,389.844,167.076,8.4
INV-2025-04939,28-05-2025,12:58,B,Los Angeles,Member,Male,Electronic Accessories,44.41,8,17.764,373.044,Credit Card,248.696,106.584,5.6
INV-2025-00429,02-07-2025,11:06,A,New York,Member,Female,Food and Beverages,2.15,9,0.9675,20.3175,E-wallet,13.545,5.805,9.1
INV-2025-04449,18-10-2025,12:45,A,New York,Normal,Female,Health and Beauty,23.98,3,3.597,75.537,Credit Card,50.358,21.582,7.7
INV-2025-02333,21-04-2025,09:16,C,Chicago,Member,Female,Health and Beauty,58.77,10,29.385,617.085,Credit Card,411.39,176.31,7.5
INV-2025-02718,12-09-2025,12:51,B,Los Angeles,Unknown,Male,Home and Lifestyle,59.72,7,20.902,438.942,Unknown,292.628,125.412,8.9
INV-2025-02080,07-05-2025,14:10,B,Los Angeles,Member,Male,Home and Lifestyle,59.5,9,26.775,562.275,E-wallet,374.85,160.65,5.4
INV-2025-03390,14-11-2025,10:48,A,New York,Member,Female,Sports and Travel,63.47,7,22.2145,466.5045,Cash,311.003,133.287,4.5
INV-2025-00723,31-12-2025,15:45,B,Los Angeles,Member,Male,Sports and Travel,53.4,3,8.01,168.21,E-wallet,112.14,48.06,6.2
INV-2025-00952,16-05-2025,13:57,C,Chicago,Member,Male,Health and Beauty,55.01,7,19.2535,404.3235,Cash,269.549,115.521,4.2
INV-2025-04384,18-03-2025,20:41,A,New York,Unknown,Male,Fashion Accessories,43.52,10,21.76,456.96,Cash,304.64,130.56,6.6
INV-2025-04367,07-03-2025,20:23,A,New York,Normal,Male,Sports and Travel,77.36,4,15.472,324.912,E-wallet,216.608,92.832,8.8
INV-2025-02263,15-12-2025,11:07,C,Chicago,Normal,Male,Fashion Accessories,65.23,2,6.523,136.983,Credit Card,91.322,39.138,8.8
INV-2025-00990,25-12-2025,17:47,A,New York,Normal,Male,Electronic Accessories,41.78,2,4.178,87.738,Cash,58.492,25.068,6
INV-2025-03213,31-12-2025,10:32,B,Los Angeles,Normal,Female,Sports and Travel,55.09,1,2.7545,57.8445,E-wallet,38.563,16.527,8.7
INV-2025-01760,28-05-2025,13:44,C,Chicago,Member,Male,Health and Beauty,10.14,8,4.056,85.176,Credit Card,56.784,24.336,8.6
INV-2025-04580,29-07-2025,16:44,A,New York,Member,Male,Sports and Travel,40.12,8,16.048,337.008,E-wallet,224.672,96.288,4.5
INV-2025-00327,22-11-2025,20:43,A,New York,Member,Female,Electronic Accessories,96.64,8,38.656,811.776,Credit Card,541.184,231.936,6.1
INV-2025-02609,06-03-2025,11:05,B,Los Angeles,Member,Female,Electronic Accessories,70.28,7,24.598,516.558,E-wallet,344.372,147.588,7.4
INV-2025-01384,11-11-2025,20:32,C,Chicago,Normal,Male,Electronic Accessories,65.91,5,16.4775,346.0275,Credit Card,230.685,98.865,4.5
INV-2025-01725,06-04-2025,14:19,C,Chicago,Normal,Male,Food and Beverages,10.48,3,1.572,33.012,E-wallet,22.008,9.432,8.7
INV-2025-01087,13-01-2025,12:49,B,Los Angeles,Member,Male,Sports and Travel,64.32,3,9.648,202.608,E-wallet,135.072,57.888,9.3
INV-2025-02524,23-05-2025,16:26,C,Chicago,Normal,Female,Food and Beverages,18.97,9,8.5365,179.2665,Credit Card,119.511,51.219,8
INV-2025-00342,08-01-2025,20:48,C,Chicago,Member,Male,Fashion Accessories,57.68,4,11.536,242.256,Credit Card,161.504,69.216,6.1
INV-2025-03702,05-09-2025,11:26,A,New York,Member,Female,Food and Beverages,5.62,1,0.281,5.901,Credit Card,3.934,1.686,6.6
INV-2025-00148,23-06-2025,19:11,C,Chicago,Normal,Female,Fashion Accessories,21.85,3,3.2775,68.8275,Cash,45.885,19.665,8.7
INV-2025-00689,21-03-2025,20:33,B,Los Angeles,Member,Female,Sports and Travel,51.24,8,20.496,430.416,Credit Card,286.944,122.976,9.9
INV-2025-03433,05-04-2025,15:54,B,Los Angeles,Normal,Female,Health and Beauty,16.99,5,4.2475,89.1975,Cash,59.465,25.485,9.6
INV-2025-01108,17-07-2025,18:22,A,New York,Member,Male,Food and Beverages,21.37,3,3.2055,67.3155,E-wallet,44.877,19.233,9
INV-2025-00849,02-04-2025,20:07,C,Chicago,Normal,Female,Electronic Accessories,68.29,7,23.9015,501.9315,Cash,334.621,143.409,4.7
INV-2025-00967,02-11-2025,18:52,A,New York,Member,Female,Sports and Travel,36.98,6,11.094,232.974,Credit Card,155.316,66.564,7.8
INV-2025-04728,17-04-2025,12:23,B,Los Angeles,Normal,Male,Fashion Accessories,50.47,6,15.141,317.961,E-wallet,211.974,90.846,9.6
INV-2025-01493,23-12-2025,18:59,C,Chicago,Normal,Male,Sports and Travel,78.25,2,7.825,164.325,Cash,109.55,46.95,7.5
INV-2025-03954,07-05-2025,11:29,B,Los Angeles,Member,Female,Home and Lifestyle,87.44,2,8.744,183.624,Credit Card,122.416,52.464,5.5
INV-2025-02204,11-07-2025,11:16,A,New York,Member,Female,Home and Lifestyle,50.96,5,12.74,267.54,Cash,178.36,76.44,6.3
INV-2025-02714,04-01-2025,13:28,B,Los Angeles,Normal,Male,Home and Lifestyle,43.31,1,2.1655,45.4755,Credit Card,30.317,12.993,9.2
INV-2025-00662,01-05-2025,13:55,C,Chicago,Normal,Female,Fashion Accessories,36.41,1,1.8205,38.2305,Cash,25.487,10.923,4.5
INV-2025-01003,01-07-2025,12:43,B,Los Angeles,Member,Male,Home and Lifestyle,84.41,10,42.205,886.305,Credit Card,590.87,253.23,7.4
INV-2025-00063,09-01-2025,11:14,B,Los Angeles,Member,Female,Sports and Travel,58.21,6,17.463,366.723,Credit Card,244.482,104.778,8.5
INV-2025-00285,24-09-2025,14:57,B,Los Angeles,Normal,Male,Food and Beverages,4.2,3,0.63,13.23,Credit Card,8.82,3.78,6.4
INV-2025-02225,05-10-2025,18:53,C,Chicago,Normal,Female,Food and Beverages,23.02,9,10.359,217.539,Credit Card,145.026,62.154,7.5
INV-2025-04707,17-04-2025,18:35,A,New York,Member,Male,Home and Lifestyle,26.24,1,1.312,27.552,Cash,18.368,7.872,8.8
INV-2025-01880,25-10-2025,14:27,A,New York,Normal,Male,Fashion Accessories,36.56,10,18.28,383.88,Credit Card,255.92,109.68,8
INV-2025-03573,26-07-2025,10:08,A,New York,Member,Female,Food and Beverages,12.37,5,3.0925,64.9425,Credit Card,43.295,18.555,8.6
INV-2025-04858,08-06-2025,12:47,A,New York,Member,Female,Health and Beauty,23.82,5,5.955,125.055,E-wallet,83.37,35.73,9.8
INV-2025-01204,21-01-2025,19:34,A,New York,Member,Female,Electronic Accessories,70.94,4,14.188,297.948,Credit Card,198.632,85.128,6.5
INV-2025-01991,23-01-2025,10:36,C,Chicago,Normal,Male,Sports and Travel,61.48,3,9.222,193.662,E-wallet,129.108,55.332,8.7
INV-2025-00025,22-03-2025,10:32,A,New York,Member,Male,Fashion Accessories,66.02,7,23.107,485.247,Cash,323.498,138.642,9.3
INV-2025-04853,07-10-2025,15:46,C,Chicago,Member,Male,Sports and Travel,37.12,10,18.56,389.76,Credit Card,259.84,111.36,7.8
INV-2025-04103,07-11-2025,15:16,C,Chicago,Member,Male,Sports and Travel,61.26,9,27.567,578.907,Credit Card,385.938,165.402,8
INV-2025-04168,19-10-2025,16:41,A,New York,Normal,Female,Health and Beauty,11.85,7,4.1475,87.0975,Credit Card,58.065,24.885,7.2
INV-2025-00763,22-01-2025,15:58,A,New York,Member,Male,Sports and Travel,62.44,4,12.488,262.248,Credit Card,174.832,74.928,8.6
INV-2025-00876,09-08-2025,15:05,B,Los Angeles,Normal,Female,Health and Beauty,55.66,1,2.783,58.443,Cash,38.962,16.698,7.9
INV-2025-04743,04-06-2025,18:29,A,New York,Member,Male,Home and Lifestyle,82.56,7,28.896,606.816,Cash,404.544,173.376,6.5
INV-2025-00939,09-08-2025,21:13,A,New York,Normal,Female,Home and Lifestyle,37.64,3,5.646,118.566,Cash,79.044,33.876,4.4
INV-2025-02688,06-01-2025,11:53,C,Chicago,Member,Female,Food and Beverages,7.31,9,3.2895,69.0795,E-wallet,46.053,19.737,5.2
INV-2025-03601,13-04-2025,17:14,A,New York,Member,Male,Sports and Travel,46.7,8,18.68,392.28,Cash,261.52,112.08,7.8
INV-2025-02395,11-12-2025,14:59,C,Chicago,Normal,Female,Home and Lifestyle,57.03,9,25.6635,538.9335,Cash,359.289,153.981,6.6
INV-2025-04125,26-12-2025,12:19,C,Chicago,Normal,Female,Health and Beauty,51.88,6,15.564,326.844,Cash,217.896,93.384,9
INV-2025-04565,10-09-2025,12:11,A,New York,Normal,Male,Home and Lifestyle,38.62,6,11.586,243.306,Credit Card,162.204,69.516,8.4
INV-2025-00386,19-08-2025,17:27,A,New York,Member,Male,Food and Beverages,2.14,10,1.07,22.47,Cash,14.98,6.42,8.5
INV-2025-03878,17-04-2025,13:00,C,Chicago,Member,Male,Sports and Travel,28.27,10,14.135,296.835,Cash,197.89,84.81,9.9
INV-2025-04371,01-09-2025,10:56,B,Los Angeles,Member,Male,Home and Lifestyle,46.96,9,21.132,443.772,E-wallet,295.848,126.792,5.2
INV-2025-04570,20-11-2025,19:12,B,Los Angeles,Unknown,Female,Electronic Accessories,25.72,1,1.286,27.006,E-wallet,18.004,7.716,6.5
INV-2025-00537,31-12-2025,16:31,A,New York,Normal,Female,Food and Beverages,4.25,8,1.7,35.7,Cash,23.8,10.2,9.7
INV-2025-02292,16-07-2025,12:48,A,New York,Member,Female,Fashion Accessories,68.8,7,24.08,505.68,E-wallet,337.12,144.48,7.8
INV-2025-04666,06-07-2025,19:49,B,Los Angeles,Member,Female,Health and Beauty,58.5,8,23.4,491.4,E-wallet,327.6,140.4,9.2
INV-2025-03875,04-07-2025,10:55,C,Chicago,Normal,Male,Food and Beverages,15.36,4,3.072,64.512,Cash,43.008,18.432,8.7
INV-2025-00937,10-08-2025,12:21,A,New York,Member,Female,Electronic Accessories,74.69,8,29.876,627.396,Cash,418.264,179.256,6.7
INV-2025-03738,14-01-2025,14:36,A,New York,Normal,Male,Electronic Accessories,78.66,10,39.33,825.93,Cash,550.62,235.98,6.7
INV-2025-04729,23-07-2025,11:37,C,Chicago,Normal,Female,Food and Beverages,2.76,10,1.38,28.98,Credit Card,19.32,8.28,5.8
INV-2025-02361,09-11-2025,12:24,A,New York,Member,Male,Fashion Accessories,74.7,8,29.88,627.48,Credit Card,418.32,179.28,8.6
INV-2025-03508,20-12-2025,19:05,B,Los Angeles,Normal,Female,Fashion Accessories,74.02,3,11.103,233.163,E-wallet,155.442,66.618,6.5
INV-2025-00202,06-08-2025,16:52,A,New York,Member,Male,Home and Lifestyle,33.19,2,3.319,69.699,Cash,46.466,19.914,8
INV-2025-03209,19-06-2025,19:25,A,New York,Member,Female,Health and Beauty,57.08,7,19.978,419.538,E-wallet,279.692,119.868,7.5
INV-2025-01333,22-03-2025,16:48,A,New York,Normal,Female,Home and Lifestyle,33.84,10,16.92,355.32,Credit Card,236.88,101.52,5
INV-2025-03017,28-08-2025,20:43,C,Chicago,Normal,Female,Health and Beauty,56.62,1,2.831,59.451,Credit Card,39.634,16.986,7.5
INV-2025-03503,21-04-2025,17:21,C,Chicago,Normal,Male,Electronic Accessories,74.5,5,18.625,391.125,Cash,260.75,111.75,8.9
INV-2025-02709,04-05-2025,10:09,A,New York,Normal,Male,Home and Lifestyle,39.59,1,1.9795,41.5695,E-wallet,27.713,11.877,8.9
INV-2025-04022,04-10-2025,09:11,B,Los Angeles,Member,Female,Electronic Accessories,20.17,4,4.034,84.714,Credit Card,56.476,24.204,8.5
INV-2025-01855,26-10-2025,20:09,C,Chicago,Normal,Female,Sports and Travel,78.36,2,7.836,164.556,Credit Card,109.704,47.016,5.1
INV-2025-04470,20-01-2025,14:00,C,Chicago,Member,Female,Fashion Accessories,17.52,2,1.752,36.792,Cash,24.528,10.512,5.4
INV-2025-02873,21-09-2025,12:39,B,Los Angeles,Normal,Male,Sports and Travel,73.74,10,36.87,774.27,E-wallet,516.18,221.22,6.2
INV-2025-03031,29-06-2025,08:58,C,Chicago,Member,Female,Electronic Accessories,79.16,1,3.958,83.118,Cash,55.412,23.748,9.8
INV-2025-01206,17-04-2025,14:28,B,Los Angeles,Member,Female,Food and Beverages,20.73,2,2.073,43.533,E-wallet,29.022,12.438,7
INV-2025-01646,28-09-2025,18:28,B,Los Angeles,Member,Female,Sports and Travel,26.78,2,2.678,56.238,Credit Card,37.492,16.068,6
INV-2025-03418,18-09-2025,12:01,B,Los Angeles,Member,Female,Home and Lifestyle,56.61,6,16.983,356.643,Credit Card,237.762,101.898,8.2
INV-2025-03477,31-05-2025,19:33,A,New York,Normal,Female,Health and Beauty,28.64,2,2.864,60.144,Credit Card,40.096,17.184,8.3
INV-2025-02862,19-06-2025,15:09,B,Los Angeles,Member,Male,Health and Beauty,59.87,1,2.9935,62.8635,Credit Card,41.909,17.961,9.9
INV-2025-01793,09-12-2025,15:25,A,New York,Normal,Female,Home and Lifestyle,80.45,7,28.1575,591.3075,E-wallet,394.205,168.945,7.4
INV-2025-03798,10-02-2025,11:32,A,New York,Member,Female,Sports and Travel,79.15,2,7.915,166.215,E-wallet,110.81,47.49,9.5
INV-2025-03369,11-03-2025,18:51,A,New York,Normal,Male,Health and Beauty,33.84,5,8.46,177.66,Credit Card,118.44,50.76,6
INV-2025-03368,19-07-2025,13:23,A,New York,Member,Female,Electronic Accessories,57.89,2,5.789,121.569,E-wallet,81.046,34.734,6.1
INV-2025-03534,27-05-2025,20:33,A,New York,Normal,Female,Home and Lifestyle,60.77,1,3.0385,63.8085,Credit Card,42.539,18.231,9.9
INV-2025-03450,31-12-2025,13:24,B,Los Angeles,Normal,Female,Food and Beverages,8.56,2,0.856,17.976,Credit Card,11.984,5.136,8.5
INV-2025-00604,15-10-2025,18:42,A,New York,Member,Female,Sports and Travel,57.39,3,8.6085,180.7785,Credit Card,120.519,51.651,4.7
INV-2025-03057,20-03-2025,14:19,C,Chicago,Member,Male,Fashion Accessories,40.49,6,12.147,255.087,Credit Card,170.058,72.882,7.8
INV-2025-04532,27-11-2025,18:21,A,New York,Member,Female,Sports and Travel,46.72,3,7.008,147.168,Credit Card,98.112,42.048,8.6
INV-2025-00127,10-09-2025,15:36,C,Chicago,Member,Female,Fashion Accessories,30.55,8,12.22,256.62,Cash,171.08,73.32,6.7
INV-2025-03877,11-12-2025,14:26,A,New York,Member,Male,Home and Lifestyle,48.4,2,4.84,101.64,E-wallet,67.76,29.04,8.1
INV-2025-02936,22-11-2025,20:15,A,New York,Member,Female,Fashion Accessories,21.46,8,8.584,180.264,Cash,120.176,51.504,6.5
INV-2025-03532,16-07-2025,14:00,C,Chicago,Member,Female,Home and Lifestyle,67.36,7,23.576,495.096,Cash,330.064,141.456,6.9
INV-2025-02731,12-02-2025,13:10,C,Chicago,Normal,Female,Home and Lifestyle,78.13,8,31.252,656.292,Credit Card,437.528,187.512,9.2
INV-2025-00828,17-05-2025,20:30,C,Chicago,Normal,Female,Home and Lifestyle,67.73,6,20.319,426.699,E-wallet,284.466,121.914,8.9
INV-2025-01640,28-06-2025,14:27,C,Chicago,Normal,Female,Sports and Travel,75.49,3,11.3235,237.7935,E-wallet,158.529,67.941,5.5
INV-2025-00985,05-12-2025,15:22,A,New York,Normal,Male,Home and Lifestyle,50.2,3,7.53,158.13,Credit Card,105.42,45.18,6.6
INV-2025-03282,21-06-2025,13:12,A,New York,Member,Female,Home and Lifestyle,71.16,1,3.558,74.718,Cash,49.812,21.348,6
INV-2025-04972,22-05-2025,13:34,B,Los Angeles,Normal,Female,Electronic Accessories,57.95,4,11.59,243.39,Cash,162.26,69.54,7.9
INV-2025-02189,05-05-2025,16:26,C,Chicago,Member,Female,Sports and Travel,32.94,7,11.529,242.109,Cash,161.406,69.174,6
INV-2025-04613,25-08-2025,17:31,A,New York,Member,Male,Home and Lifestyle,65.23,8,26.092,547.932,Credit Card,365.288,156.552,4.4
INV-2025-02444,23-01-2025,12:41,C,Chicago,Member,Female,Health and Beauty,26.76,10,13.38,280.98,E-wallet,187.32,80.28,7.7
INV-2025-00363,25-04-2025,19:21,B,Los Angeles,Normal,Female,Fashion Accessories,52.72,8,21.088,442.848,Cash,295.232,126.528,8.6
INV-2025-02350,06-12-2025,10:18,C,Chicago,Normal,Female,Health and Beauty,51.94,1,2.597,54.537,E-wallet,36.358,15.582,6.3
INV-2025-00346,20-01-2025,14:40,A,New York,Unknown,Male,Food and Beverages,24.88,2,2.488,52.248,Credit Card,34.832,14.928,4.1
INV-2025-00815,06-02-2025,13:45,B,Los Angeles,Member,Male,Health and Beauty,10.64,9,4.788,100.548,Credit Card,67.032,28.728,6.2
INV-2025-03206,12-05-2025,15:35,A,New York,Normal,Male,Sports and Travel,60.96,7,21.336,448.056,Credit Card,298.704,128.016,6.7
INV-2025-04161,19-08-2025,18:49,A,New York,Member,Male,Home and Lifestyle,85.6,8,34.24,719.04,Credit Card,479.36,205.44,6
INV-2025-04796,24-04-2025,11:08,A,New York,Member,Male,Health and Beauty,59.15,1,2.9575,62.1075,Cash,41.405,17.745,9.2
INV-2025-03326,28-10-2025,12:21,C,Chicago,Member,Male,Fashion Accessories,57.88,8,23.152,486.192,E-wallet,324.128,138.912,5.3
INV-2025-04107,23-10-2025,13:30,C,Chicago,Member,Female,Health and Beauty,28.06,6,8.418,176.778,Credit Card,117.852,50.508,5.2
INV-2025-02117,25-09-2025,12:13,B,Los Angeles,Member,Female,Health and Beauty,37.11,8,14.844,311.724,E-wallet,207.816,89.064,9.8
INV-2025-01835,25-07-2025,13:28,B,Los Angeles,Normal,Male,Sports and Travel,73.97,7,25.8895,543.6795,E-wallet,362.453,155.337,6.6
INV-2025-00794,12-12-2025,18:24,A,New York,Member,Male,Sports and Travel,27.27,5,6.8175,143.1675,Cash,95.445,40.905,9.5
INV-2025-04947,22-11-2025,17:45,B,Los Angeles,Member,Female,Electronic Accessories,77.28,6,23.184,486.864,Cash,324.576,139.104,7.5
INV-2025-02675,26-11-2025,16:44,B,Los Angeles,Member,Female,Food and Beverages,8.92,2,0.892,18.732,Credit Card,12.488,5.352,9.4
INV-2025-00095,09-05-2025,18:46,C,Chicago,Normal,Male,Fashion Accessories,16.32,1,0.816,17.136,Credit Card,11.424,4.896,6.6
INV-2025-03757,15-06-2025,16:06,A,New York,Normal,Male,Food and Beverages,18.08,8,7.232,151.872,Cash,101.248,43.392,8.2
INV-2025-02892,02-05-2025,18:52,A,New York,Normal,Male,Fashion Accessories,48.76,10,24.38,511.98,E-wallet,341.32,146.28,8.7
INV-2025-02372,25-03-2025,13:23,B,Los Angeles,Member,Male,Electronic Accessories,70.86,10,35.43,744.03,E-wallet,496.02,212.58,8.1
INV-2025-04150,24-12-2025,18:03,B,Los Angeles,Normal,Male,Sports and Travel,55.37,4,11.074,232.554,Credit Card,155.036,66.444,8.5
INV-2025-04433,04-04-2025,10:15,A,New York,Member,Male,Food and Beverages,4.42,1,0.221,4.641,E-wallet,3.094,1.326,9.1
INV-2025-03229,02-07-2025,13:01,B,Los Angeles,Member,Female,Home and Lifestyle,43.22,3,6.483,136.143,Credit Card,90.762,38.898,9.6
INV-2025-02854,10-10-2025,20:20,B,Los Angeles,Member,Female,Fashion Accessories,38.93,5,9.7325,204.3825,Cash,136.255,58.395,9.5
INV-2025-02913,12-12-2025,18:42,C,Chicago,Member,Male,Food and Beverages,11.71,10,5.855,122.955,E-wallet,81.97,35.13,9.9
INV-2025-01866,19-11-2025,11:32,C,Chicago,Member,Male,Home and Lifestyle,61.92,10,30.96,650.16,E-wallet,433.44,185.76,6.1
INV-2025-01858,30-04-2025,08:01,A,New York,Member,Male,Electronic Accessories,32.37,1,1.6185,33.9885,Cash,22.659,9.711,5.3
INV-2025-02646,11-12-2025,18:33,C,Chicago,Member,Female,Home and Lifestyle,50.8,7,17.78,373.38,Credit Card,248.92,106.68,8.7
INV-2025-02244,23-11-2025,10:38,B,Los Angeles,Member,Female,Electronic Accessories,86.46,6,25.938,544.698,E-wallet,363.132,155.628,7.3
INV-2025-02337,01-02-2025,18:36,C,Chicago,Member,Male,Electronic Accessories,93.27,7,32.6445,685.5345,Cash,457.023,195.867,5.9
INV-2025-00951,31-07-2025,20:41,C,Chicago,Normal,Male,Home and Lifestyle,74.75,9,33.6375,706.3875,Cash,470.925,201.825,9.3
INV-2025-03069,01-03-2025,19:02,C,Chicago,Member,Female,Fashion Accessories,30.35,6,9.105,191.205,Credit Card,127.47,54.63,6.5
INV-2025-01121,08-04-2025,18:47,A,New York,Member,Female,Electronic Accessories,38.71,10,19.355,406.455,Credit Card,270.97,116.13,5.4
INV-2025-02598,23-09-2025,19:55,A,New York,Member,Male,Electronic Accessories,60.73,2,6.073,127.533,Credit Card,85.022,36.438,5.9
INV-2025-02205,16-05-2025,18:23,A,New York,Normal,Female,Fashion Accessories,71.03,8,28.412,596.652,Credit Card,397.768,170.472,5.9
INV-2025-00420,23-09-2025,13:02,C,Chicago,Member,Male,Food and Beverages,5.9,1,0.295,6.195,Credit Card,4.13,1.77,7.9
INV-2025-00923,21-12-2025,15:20,B,Los Angeles,Member,Female,Electronic Accessories,19.65,6,5.895,123.795,Credit Card,82.53,35.37,5.2
INV-2025-01255,20-08-2025,13:44,B,Los Angeles,Member,Female,Electronic Accessories,80.14,10,40.07,841.47,Credit Card,560.98,240.42,4
INV-2025-00478,01-12-2025,19:59,A,New York,Normal,Female,Health and Beauty,25.24,1,1.262,26.502,Credit Card,17.668,7.572,7.4
INV-2025-02036,04-01-2025,12:18,B,Los Angeles,Normal,Female,Home and Lifestyle,52.59,9,23.6655,496.9755,Cash,331.317,141.993,5
INV-2025-01203,01-07-2025,20:45,C,Chicago,Member,Male,Electronic Accessories,41.22,2,4.122,86.562,Cash,57.708,24.732,7.6
INV-2025-02627,05-08-2025,15:26,B,Los Angeles,Member,Female,Home and Lifestyle,42.68,9,19.206,403.326,Cash,268.884,115.236,9.8
INV-2025-04819,14-10-2025,19:22,B,Los Angeles,Member,Male,Health and Beauty,38.14,4,7.628,160.188,Credit Card,106.792,45.768,5.3
INV-2025-01971,20-05-2025,11:13,A,New York,Member,Male,Food and Beverages,16.79,1,0.8395,17.6295,Credit Card,11.753,5.037,8.3
INV-2025-03111,07-07-2025,12:47,B,Los Angeles,Member,Female,Electronic Accessories,15.6,5,3.9,81.9,Credit Card,54.6,23.4,6.8
INV-2025-04019,28-10-2025,19:16,A,New York,Normal,Male,Health and Beauty,28.12,8,11.248,236.208,E-wallet,157.472,67.488,8.5
INV-2025-02152,16-11-2025,21:26,A,New York,Member,Female,Food and Beverages,9.14,8,3.656,76.776,E-wallet,51.184,21.936,9.1
INV-2025-03688,10-09-2025,09:52,A,New York,Normal,Female,Home and Lifestyle,58.32,2,5.832,122.472,Cash,81.648,34.992,5.8
INV-2025-01998,24-08-2025,18:39,A,New York,Member,Female,Home and Lifestyle,58.03,2,5.803,121.863,E-wallet,81.242,34.818,9.2
INV-2025-04034,07-04-2025,08:49,A,New York,Normal,Male,Health and Beauty,54.75,9,24.6375,517.3875,E-wallet,344.925,147.825,6
INV-2025-03055,29-03-2025,20:13,A,New York,Member,Female,Food and Beverages,6.92,2,0.692,14.532,Credit Card,9.688,4.152,6.3
INV-2025-01249,18-10-2025,12:11,C,Chicago,Normal,Female,Fashion Accessories,27,6,8.1,170.1,E-wallet,113.4,48.6,5.6
INV-2025-02193,21-11-2025,14:53,A,New York,Member,Male,Health and Beauty,52.98,10,26.49,556.29,Cash,370.86,158.94,4.7
INV-2025-02713,24-10-2025,17:48,C,Chicago,Normal,Female,Electronic Accessories,45.78,5,11.445,240.345,E-wallet,160.23,68.67,7.2
INV-2025-00993,27-04-2025,15:10,C,Chicago,Normal,Male,Home and Lifestyle,76.27,6,22.881,480.501,Credit Card,320.334,137.286,8.4
INV-2025-02191,06-09-2025,19:58,B,Los Angeles,Member,Female,Food and Beverages,11.23,6,3.369,70.749,E-wallet,47.166,20.214,4.3
INV-2025-03763,25-01-2025,12:04,A,New York,Normal,Female,Food and Beverages,4.12,1,0.206,4.326,Credit Card,2.884,1.236,6.9
INV-2025-03598,16-01-2025,14:06,B,Los Angeles,Member,Male,Sports and Travel,27.06,9,12.177,255.717,Credit Card,170.478,73.062,4.2
INV-2025-01319,20-08-2025,11:47,C,Chicago,Member,Male,Electronic Accessories,82,7,28.7,602.7,E-wallet,401.8,172.2,7.8
INV-2025-01864,22-02-2025,19:30,B,Los Angeles,Normal,Female,Home and Lifestyle,48.97,10,24.485,514.185,E-wallet,342.79,146.91,7.6
INV-2025-02344,27-01-2025,14:42,B,Los Angeles,Normal,Female,Health and Beauty,30.33,5,7.5825,159.2325,E-wallet,106.155,45.495,6
INV-2025-02450,28-07-2025,18:22,B,Los Angeles,Normal,Male,Sports and Travel,73.74,7,25.809,541.989,Credit Card,361.326,154.854,9.2
INV-2025-02137,27-01-2025,11:41,C,Chicago,Normal,Male,Fashion Accessories,43.22,6,12.966,272.286,Cash,181.524,77.796,9.6
INV-2025-01066,29-10-2025,20:59,B,Los Angeles,Member,Male,Food and Beverages,15.64,8,6.256,131.376,Credit Card,87.584,37.536,6.6
INV-2025-04961,18-03-2025,11:44,B,Los Angeles,Normal,Female,Fashion Accessories,53.87,6,16.161,339.381,E-wallet,226.254,96.966,5.4
INV-2025-02622,07-06-2025,10:45,C,Chicago,Member,Male,Home and Lifestyle,36.34,8,14.536,305.256,Cash,203.504,87.216,5.4
INV-2025-00078,26-07-2025,19:52,C,Chicago,Normal,Female,Sports and Travel,28.25,9,12.7125,266.9625,Credit Card,177.975,76.275,8.5
INV-2025-02899,01-04-2025,13:13,B,Los Angeles,Member,Female,Sports and Travel,54.69,9,24.6105,516.8205,Cash,344.547,147.663,6.6
INV-2025-01315,02-12-2025,20:43,A,New York,Normal,Male,Health and Beauty,13.14,6,3.942,82.782,E-wallet,55.188,23.652,4.4
INV-2025-04373,03-12-2025,12:50,C,Chicago,Normal,Male,Electronic Accessories,63.12,1,3.156,66.276,E-wallet,44.184,18.936,5.6
INV-2025-00873,05-08-2025,15:10,B,Los Angeles,Member,Male,Food and Beverages,21.57,2,2.157,45.297,Cash,30.198,12.942,6.9
INV-2025-03851,08-05-2025,11:30,A,New York,Member,Male,Sports and Travel,32.52,8,13.008,273.168,E-wallet,182.112,78.048,6.6
INV-2025-04788,19-05-2025,10:59,C,Chicago,Unknown,Male,Electronic Accessories,39.74,5,9.935,208.635,E-wallet,139.09,59.61,9
INV-2025-02966,13-06-2025,11:51,A,New York,Normal,Male,Sports and Travel,62.84,10,31.42,659.82,E-wallet,439.88,188.52,6.8
INV-2025-03392,22-10-2025,12:53,A,New York,Normal,Female,Fashion Accessories,53.55,9,24.0975,506.0475,E-wallet,337.365,144.585,9.6
INV-2025-02561,14-01-2025,21:13,C,Chicago,Member,Female,Health and Beauty,26.84,8,10.736,225.456,E-wallet,150.304,64.416,6.5
INV-2025-04897,22-08-2025,12:06,C,Chicago,Member,Male,Sports and Travel,35.33,2,3.533,74.193,E-wallet,49.462,21.198,9.9
INV-2025-02636,17-09-2025,21:17,A,New York,Member,Female,Food and Beverages,2.12,6,0.636,13.356,E-wallet,8.904,3.816,6.6
INV-2025-03531,29-01-2025,21:21,C,Chicago,Member,Male,Electronic Accessories,60.11,9,27.0495,568.0395,Credit Card,378.693,162.297,7.7
INV-2025-00376,27-12-2025,18:23,C,Chicago,Member,Male,Fashion Accessories,72.68,5,18.17,381.57,Credit Card,254.38,109.02,9.9
INV-2025-01909,02-10-2025,19:06,C,Chicago,Member,Male,Home and Lifestyle,40.3,1,2.015,42.315,E-wallet,28.21,12.09,5
INV-2025-04333,05-12-2025,12:39,C,Chicago,Normal,Male,Fashion Accessories,16.81,2,1.681,35.301,Credit Card,23.534,10.086,8.4
INV-2025-04380,20-07-2025,12:23,A,New York,Member,Male,Food and Beverages,24.82,1,1.241,26.061,Credit Card,17.374,7.446,9
INV-2025-04028,26-08-2025,19:52,C,Chicago,Normal,Female,Health and Beauty,50.86,9,22.887,480.627,E-wallet,320.418,137.322,7.8
INV-2025-01605,30-03-2025,18:51,C,Chicago,Normal,Male,Health and Beauty,16.31,10,8.155,171.255,Cash,114.17,48.93,9
INV-2025-01119,23-12-2025,10:59,B,Los Angeles,Member,Male,Electronic Accessories,77.01,3,11.5515,242.5815,Credit Card,161.721,69.309,7.8
INV-2025-03678,02-08-2025,15:04,B,Los Angeles,Member,Female,Home and Lifestyle,60.25,8,24.1,506.1,Cash,337.4,144.6,6.3
INV-2025-03491,01-11-2025,21:15,C,Chicago,Member,Male,Food and Beverages,2.59,9,1.1655,24.4755,E-wallet,16.317,6.993,4.8
INV-2025-04865,29-11-2025,09:22,B,Los Angeles,Normal,Female,Sports and Travel,81.01,7,28.3535,595.4235,Credit Card,396.949,170.121,9.1
INV-2025-02959,04-10-2025,18:07,B,Los Angeles,Member,Female,Home and Lifestyle,78.64,4,15.728,330.288,Credit Card,220.192,94.368,6.8
INV-2025-01995,08-05-2025,19:47,C,Chicago,Member,Male,Food and Beverages,4.56,1,0.228,4.788,Cash,3.192,1.368,7.1
INV-2025-04956,05-12-2025,18:20,A,New York,Member,Female,Electronic Accessories,58.19,6,17.457,366.597,Credit Card,244.398,104.742,9.2
INV-2025-04356,25-09-2025,15:39,B,Los Angeles,Normal,Male,Home and Lifestyle,54.11,5,13.5275,284.0775,E-wallet,189.385,81.165,5.6
INV-2025-02377,04-03-2025,19:37,A,New York,Member,Female,Health and Beauty,19.25,1,0.9625,20.2125,Credit Card,13.475,5.775,8
INV-2025-01343,18-07-2025,11:12,C,Chicago,Member,Male,Home and Lifestyle,82.85,7,28.9975,608.9475,Cash,405.965,173.985,5.7
INV-2025-00321,26-06-2025,19:16,B,Los Angeles,Member,Female,Health and Beauty,18.61,7,6.5135,136.7835,Cash,91.189,39.081,7.7
INV-2025-01620,19-10-2025,14:43,A,New York,Normal,Female,Fashion Accessories,43.43,3,6.5145,136.8045,Cash,91.203,39.087,7.2
INV-2025-03714,30-03-2025,14:12,A,New York,Normal,Female,Food and Beverages,16.87,2,1.687,35.427,Credit Card,23.618,10.122,7
INV-2025-02061,02-09-2025,12:25,C,Chicago,Member,Male,Electronic Accessories,20.07,3,3.0105,63.2205,Cash,42.147,18.063,7.9
INV-2025-02220,27-01-2025,12:51,A,New York,Normal,Male,Food and Beverages,13.58,5,3.395,71.295,Cash,47.53,20.37,5.7
INV-2025-01674,24-06-2025,12:15,A,New York,Unknown,Male,Sports and Travel,44.95,1,2.2475,47.1975,E-wallet,31.465,13.485,6.2
INV-2025-00261,25-06-2025,20:48,A,New York,Member,Female,Health and Beauty,16.21,3,2.4315,51.0615,Credit Card,34.041,14.589,4
INV-2025-04418,02-11-2025,11:52,B,Los Angeles,Member,Male,Electronic Accessories,32.47,8,12.988,272.748,Cash,181.832,77.928,9.4
INV-2025-02040,14-03-2025,11:03,C,Chicago,Unknown,Female,Electronic Accessories,48.01,1,2.4005,50.4105,Credit Card,33.607,14.403,4.1
INV-2025-00902,03-04-2025,17:01,A,New York,Normal,Female,Fashion Accessories,49.51,2,4.951,103.971,Cash,69.314,29.706,6.6
INV-2025-03745,17-08-2025,18:03,A,New York,Member,Female,Electronic Accessories,22.92,5,5.73,120.33,Credit Card,80.22,34.38,6.6
INV-2025-02027,25-11-2025,19:24,A,New York,Member,Male,Health and Beauty,59.98,4,11.996,251.916,Cash,167.944,71.976,6.7
INV-2025-01918,04-03-2025,10:17,C,Chicago,Member,Female,Electronic Accessories,66.12,1,3.306,69.426,Credit Card,46.284,19.836,5.6
INV-2025-01829,19-01-2025,16:33,B,Los Angeles,Member,Female,Sports and Travel,78.59,4,15.718,330.078,Cash,220.052,94.308,7.6
INV-2025-01574,18-08-2025,20:43,A,New York,Normal,Male,Food and Beverages,16.98,3,2.547,53.487,Cash,35.658,15.282,7.4
INV-2025-04395,21-07-2025,20:28,C,Chicago,Member,Female,Sports and Travel,28.04,6,8.412,176.652,E-wallet,117.768,50.472,6.8
INV-2025-04209,17-01-2025,11:15,C,Chicago,Member,Male,Home and Lifestyle,74,5,18.5,388.5,Credit Card,259,111,7.3
INV-2025-00225,18-10-2025,19:24,B,Los Angeles,Member,Female,Fashion Accessories,19.1,2,1.91,40.11,Credit Card,26.74,11.46,9.8
INV-2025-00724,02-03-2025,17:26,A,New York,Member,Female,Health and Beauty,36.14,2,3.614,75.894,Credit Card,50.596,21.684,9.9
INV-2025-04486,17-08-2025,19:58,A,New York,Normal,Female,Fashion Accessories,17.61,3,2.6415,55.4715,Credit Card,36.981,15.849,9.1
INV-2025-01142,30-10-2025,12:32,C,Chicago,Normal,Female,Sports and Travel,27.91,5,6.9775,146.5275,Cash,97.685,41.865,9.2
INV-2025-02763,22-01-2025,18:37,A,New York,Member,Female,Sports and Travel,68.96,1,3.448,72.408,Credit Card,48.272,20.688,7.6
INV-2025-00847,05-09-2025,13:09,A,New York,Normal,Male,Fashion Accessories,52.33,6,15.699,329.679,Credit Card,219.786,94.194,7.5
INV-2025-02552,29-07-2025,12:51,A,New York,Member,Male,Electronic Accessories,36.88,8,14.752,309.792,Credit Card,206.528,88.512,9.6
INV-2025-02929,03-04-2025,14:55,C,Chicago,Member,Female,Food and Beverages,24.84,9,11.178,234.738,Credit Card,156.492,67.068,6.8
INV-2025-00118,12-07-2025,14:21,A,New York,Member,Female,Food and Beverages,15.71,1,0.7855,16.4955,Cash,10.997,4.713,8.5
INV-2025-00646,08-12-2025,13:39,A,New York,Normal,Male,Sports and Travel,63.13,2,6.313,132.573,E-wallet,88.382,37.878,7.2
INV-2025-00004,17-02-2025,14:22,C,Chicago,Normal,Male,Fashion Accessories,39.86,2,3.986,83.706,E-wallet,55.804,23.916,6.3
INV-2025-04171,30-11-2025,18:58,A,New York,Normal,Female,Food and Beverages,8.9,3,1.335,28.035,Cash,18.69,8.01,5
INV-2025-00468,21-01-2025,18:53,A,New York,Normal,Male,Health and Beauty,46.26,9,20.817,437.157,Credit Card,291.438,124.902,5.2
INV-2025-00006,30-04-2025,19:24,A,New York,Normal,Female,Electronic Accessories,46.47,4,9.294,195.174,Credit Card,130.116,55.764,8.2
INV-2025-00920,07-01-2025,13:09,A,New York,Normal,Male,Food and Beverages,5.69,7,1.9915,41.8215,E-wallet,27.881,11.949,8.1
INV-2025-02596,15-11-2025,20:49,B,Los Angeles,Normal,Male,Sports and Travel,58.02,6,17.406,365.526,Credit Card,243.684,104.436,7.7
INV-2025-01064,25-07-2025,18:15,C,Chicago,Member,Female,Food and Beverages,16,2,1.6,33.6,E-wallet,22.4,9.6,4.3
INV-2025-02591,30-09-2025,14:02,A,New York,Member,Male,Electronic Accessories,61.9,2,6.19,129.99,Cash,86.66,37.14,8.4
INV-2025-00243,25-06-2025,17:43,C,Chicago,Normal,Male,Food and Beverages,6.01,3,0.9015,18.9315,Credit Card,12.621,5.409,6.6
INV-2025-01161,14-11-2025,15:05,B,Los Angeles,Normal,Male,Home and Lifestyle,62.69,3,9.4035,197.4735,Credit Card,131.649,56.421,6.8
INV-2025-02871,26-02-2025,19:02,B,Los Angeles,Normal,Male,Fashion Accessories,37.69,7,13.1915,277.0215,Credit Card,184.681,79.149,9.6
INV-2025-03736,16-04-2025,17:38,C,Chicago,Normal,Female,Fashion Accessories,74.36,9,33.462,702.702,E-wallet,468.468,200.772,8.7
INV-2025-02398,18-08-2025,19:45,B,Los Angeles,Normal,Male,Fashion Accessories,30.77,1,1.5385,32.3085,Credit Card,21.539,9.231,7.5
INV-2025-03518,03-05-2025,18:34,B,Los Angeles,Normal,Female,Electronic Accessories,41.23,1,2.0615,43.2915,E-wallet,28.861,12.369,7.8
INV-2025-03422,30-12-2025,19:34,B,Los Angeles,Member,Female,Fashion Accessories,44.7,3,6.705,140.805,Credit Card,93.87,40.23,8.1
INV-2025-02564,23-05-2025,13:58,A,New York,Member,Female,Sports and Travel,76.41,10,38.205,802.305,E-wallet,534.87,229.23,5.4
INV-2025-01606,04-01-2025,17:39,A,New York,Member,Male,Health and Beauty,35.98,7,12.593,264.453,Cash,176.302,75.558,5
INV-2025-04829,22-01-2025,13:54,C,Chicago,Member,Male,Food and Beverages,22.9,7,8.015,168.315,Credit Card,112.21,48.09,8.7
INV-2025-02325,23-07-2025,19:37,C,Chicago,Normal,Female,Sports and Travel,36.04,5,9.01,189.21,E-wallet,126.14,54.06,8.5
INV-2025-02710,15-01-2025,19:24,B,Los Angeles,Normal,Male,Fashion Accessories,69.61,7,24.3635,511.6335,Credit Card,341.089,146.181,7.9
INV-2025-04399,16-10-2025,15:22,B,Los Angeles,Member,Female,Food and Beverages,19.82,3,2.973,62.433,E-wallet,41.622,17.838,9.1
INV-2025-01313,05-10-2025,16:12,B,Los Angeles,Normal,Male,Electronic Accessories,30.9,6,9.27,194.67,E-wallet,129.78,55.62,5.4
INV-2025-03449,26-03-2025,16:19,C,Chicago,Normal,Male,Home and Lifestyle,39.2,7,13.72,288.12,Credit Card,192.08,82.32,5.3
INV-2025-03813,11-09-2025,13:20,C,Chicago,Normal,Male,Home and Lifestyle,33.71,7,11.7985,247.7685,Credit Card,165.179,70.791,7.8
INV-2025-04656,07-05-2025,18:48,A,New York,Member,Male,Electronic Accessories,78.92,1,3.946,82.866,Credit Card,55.244,23.676,5
INV-2025-02363,22-10-2025,09:52,A,New York,Member,Female,Sports and Travel,72.05,10,36.025,756.525,Credit Card,504.35,216.15,8.2
INV-2025-01976,22-12-2025,17:03,C,Chicago,Member,Male,Health and Beauty,39.73,4,7.946,166.866,Credit Card,111.244,47.676,8.8
INV-2025-03515,11-07-2025,18:36,C,Chicago,Member,Male,Health and Beauty,33.24,2,3.324,69.804,Cash,46.536,19.944,9.9
INV-2025-01762,20-07-2025,12:06,B,Los Angeles,Member,Male,Fashion Accessories,22.14,10,11.07,232.47,Credit Card,154.98,66.42,4.9
INV-2025-02740,31-01-2025,20:43,A,New York,Member,Male,Fashion Accessories,17.39,8,6.956,146.076,Cash,97.384,41.736,5.1
INV-2025-04845,07-08-2025,20:16,C,Chicago,Member,Female,Electronic Accessories,57.47,5,14.3675,301.7175,E-wallet,201.145,86.205,No Rating Given
INV-2025-02473,06-06-2025,13:03,B,Los Angeles,Normal,Male,Food and Beverages,8.19,8,3.276,68.796,Cash,45.864,19.656,8.9
INV-2025-04008,13-10-2025,19:06,B,Los Angeles,Member,Male,Health and Beauty,38.38,6,11.514,241.794,Credit Card,161.196,69.084,6.9
INV-2025-01494,22-10-2025,13:27,B,Los Angeles,Normal,Female,Food and Beverages,18.01,1,0.9005,18.9105,Credit Card,12.607,5.403,9.9
INV-2025-04207,09-09-2025,10:27,A,New York,Member,Male,Home and Lifestyle,42.61,4,8.522,178.962,Credit Card,119.308,51.132,4.5
INV-2025-02159,04-02-2025,13:03,B,Los Angeles,Normal,Female,Sports and Travel,33.81,10,16.905,355.005,Credit Card,236.67,101.43,9.7
INV-2025-01170,13-05-2025,16:38,A,New York,Member,Female,Health and Beauty,21.05,6,6.315,132.615,Credit Card,88.41,37.89,8.3
INV-2025-04517,04-04-2025,18:45,C,Chicago,Normal,Female,Fashion Accessories,70.81,1,3.5405,74.3505,Credit Card,49.567,21.243,6.8
INV-2025-00233,11-03-2025,13:25,A,New York,Normal,Female,Sports and Travel,45.08,10,22.54,473.34,Cash,315.56,135.24,5.9
INV-2025-00067,26-05-2025,15:28,A,New York,Normal,Female,Sports and Travel,31.85,2,3.185,66.885,Credit Card,44.59,19.11,4.4
INV-2025-01604,31-07-2025,11:00,A,New York,Normal,Male,Home and Lifestyle,40.15,2,4.015,84.315,Credit Card,56.21,24.09,8.8
INV-2025-03284,31-08-2025,16:36,A,New York,Member,Female,Food and Beverages,6.1,2,0.61,12.81,E-wallet,8.54,3.66,9.2
INV-2025-03597,06-07-2025,20:48,B,Los Angeles,Member,Male,Health and Beauty,38.96,5,9.74,204.54,Cash,136.36,58.44,7.8
INV-2025-00126,27-11-2025,19:15,A,New York,Member,Male,Food and Beverages,5.52,2,0.552,11.592,Cash,7.728,3.312,8.6
INV-2025-01297,16-11-2025,20:37,C,Chicago,Member,Female,Fashion Accessories,21.39,5,5.3475,112.2975,Cash,74.865,32.085,7.4
INV-2025-01977,11-03-2025,10:23,A,New York,Normal,Male,Health and Beauty,26.95,8,10.78,226.38,Credit Card,150.92,64.68,4.2
INV-2025-04518,04-11-2025,19:06,B,Los Angeles,Normal,Female,Food and Beverages,11.77,1,0.5885,12.3585,Cash,8.239,3.531,4.4
INV-2025-04482,21-06-2025,10:49,A,New York,Normal,Male,Fashion Accessories,67.07,3,10.0605,211.2705,E-wallet,140.847,60.363,5.1
INV-2025-02076,02-05-2025,17:17,A,New York,Normal,Male,Food and Beverages,7.18,3,1.077,22.617,Credit Card,15.078,6.462,5.2
INV-2025-03087,05-08-2025,08:07,B,Los Angeles,Member,Male,Fashion Accessories,67.85,1,3.3925,71.2425,Cash,47.495,20.355,8.5
INV-2025-04346,01-12-2025,14:04,A,New York,Normal,Female,Food and Beverages,11.44,7,4.004,84.084,Cash,56.056,24.024,10
INV-2025-03346,21-03-2025,12:04,C,Chicago,Member,Male,Health and Beauty,39.59,1,1.9795,41.5695,Credit Card,27.713,11.877,4.2
INV-2025-04465,25-02-2025,11:53,C,Chicago,Member,Male,Home and Lifestyle,47.42,5,11.855,248.955,E-wallet,165.97,71.13,4.6
INV-2025-02798,28-04-2025,14:39,A,New York,Member,Female,Home and Lifestyle,24.96,7,8.736,183.456,Cash,122.304,52.416,5
INV-2025-00919,02-08-2025,11:11,B,Los Angeles,Member,Female,Sports and Travel,49.69,6,14.907,313.047,Credit Card,208.698,89.442,7.9
INV-2025-01647,10-12-2025,19:49,A,New York,Member,Female,Home and Lifestyle,78.68,7,27.538,578.298,Credit Card,385.532,165.228,4.9
INV-2025-00365,13-03-2025,19:47,C,Chicago,Member,Male,Electronic Accessories,25.26,7,8.841,185.661,Cash,123.774,53.046,8.9
INV-2025-03288,26-12-2025,13:39,C,Chicago,Member,Female,Sports and Travel,46.84,5,11.71,245.91,Credit Card,163.94,70.26,8.1
INV-2025-02126,21-09-2025,18:55,C,Chicago,Normal,Female,Health and Beauty,47.09,6,14.127,296.667,E-wallet,197.778,84.762,7.8
INV-2025-04124,11-11-2025,09:48,C,Chicago,Unknown,Male,Health and Beauty,40.6,5,10.15,213.15,E-wallet,142.1,60.9,6.6
INV-2025-00526,23-01-2025,18:38,C,Chicago,Unknown,Male,Health and Beauty,36.03,5,9.0075,189.1575,Cash,126.105,54.045,8.6
INV-2025-00056,28-02-2025,19:10,C,Chicago,Member,Male,Home and Lifestyle,60.31,7,21.1085,443.2785,Credit Card,295.519,126.651,8.3
INV-2025-00639,12-07-2025,14:02,A,New York,Normal,Female,Fashion Accessories,20.67,7,7.2345,151.9245,Cash,101.283,43.407,8.3
INV-2025-00303,12-08-2025,19:31,B,Los Angeles,Member,Female,Electronic Accessories,71.57,3,10.7355,225.4455,Credit Card,150.297,64.413,8.4
INV-2025-02767,01-04-2025,15:00,B,Los Angeles,Member,Female,Electronic Accessories,85.05,9,38.2725,803.7225,Cash,535.815,229.635,8
INV-2025-01277,07-03-2025,17:14,A,New York,Member,Male,Sports and Travel,28.99,9,13.0455,273.9555,Credit Card,182.637,78.273,9.7
INV-2025-02056,28-09-2025,14:32,C,Chicago,Normal,Female,Fashion Accessories,55.12,5,13.78,289.38,Credit Card,192.92,82.68,9.6
INV-2025-03645,27-07-2025,13:03,B,Los Angeles,Normal,Female,Home and Lifestyle,59.97,2,5.997,125.937,Credit Card,83.958,35.982,10
INV-2025-04144,23-05-2025,11:00,B,Los Angeles,Normal,Male,Food and Beverages,24.29,6,7.287,153.027,Credit Card,102.018,43.722,8.5
INV-2025-02879,21-07-2025,13:10,B,Los Angeles,Member,Female,Health and Beauty,24.24,8,9.696,203.616,Cash,135.744,58.176,7.6
INV-2025-04203,22-06-2025,12:55,A,New York,Normal,Female,Health and Beauty,57.86,1,2.893,60.753,Cash,40.502,17.358,7.8
INV-2025-02287,04-11-2025,18:26,B,Los Angeles,Normal,Male,Electronic Accessories,99.78,7,34.923,733.383,E-wallet,488.922,209.538,5.7
INV-2025-02262,20-09-2025,14:13,B,Los Angeles,Normal,Male,Fashion Accessories,41.13,2,4.113,86.373,Cash,57.582,24.678,7.6
INV-2025-02297,23-12-2025,10:43,B,Los Angeles,Normal,Male,Electronic Accessories,45.4,2,4.54,95.34,Cash,63.56,27.24,8.7
INV-2025-01754,21-04-2025,21:49,C,Chicago,Member,Male,Health and Beauty,23.87,3,3.5805,75.1905,E-wallet,50.127,21.483,9.3
INV-2025-01969,27-03-2025,21:59,A,New York,Normal,Male,Electronic Accessories,91.03,10,45.515,955.815,Cash,637.21,273.09,7.9
INV-2025-04352,22-06-2025,18:26,A,New York,Member,Female,Fashion Accessories,54.51,4,10.902,228.942,Cash,152.628,65.412,8.7
INV-2025-03118,12-11-2025,15:05,A,New York,Member,Male,Fashion Accessories,29.67,5,7.4175,155.7675,Credit Card,103.845,44.505,7.6
INV-2025-02394,08-07-2025,10:09,B,Los Angeles,Normal,Female,Home and Lifestyle,35.44,4,7.088,148.848,Credit Card,99.232,42.528,9
INV-2025-00524,13-01-2025,19:57,B,Los Angeles,Member,Female,Fashion Accessories,66.8,5,16.7,350.7,E-wallet,233.8,100.2,4.9
INV-2025-03901,09-08-2025,09:20,B,Los Angeles,Member,Male,Fashion Accessories,67.31,8,26.924,565.404,E-wallet,376.936,161.544,9.6
INV-2025-03123,26-09-2025,12:25,B,Los Angeles,Member,Female,Fashion Accessories,65.8,5,16.45,345.45,Cash,230.3,98.7,4.1
INV-2025-04157,23-09-2025,12:57,A,New York,Member,Male,Food and Beverages,10.72,6,3.216,67.536,Credit Card,45.024,19.296,7.1
INV-2025-01970,19-08-2025,15:00,A,New York,Member,Male,Health and Beauty,45.36,8,18.144,381.024,Credit Card,254.016,108.864,9
INV-2025-00672,01-05-2025,17:58,A,New York,Normal,Female,Health and Beauty,10.52,3,1.578,33.138,E-wallet,22.092,9.468,9.8
INV-2025-04189,06-09-2025,12:56,C,Chicago,Normal,Female,Health and Beauty,20.35,3,3.0525,64.1025,Cash,42.735,18.315,6.4
INV-2025-00667,17-06-2025,19:12,A,New York,Member,Female,Sports and Travel,81.69,10,40.845,857.745,Cash,571.83,245.07,9.7
INV-2025-04339,22-06-2025,12:22,A,New York,Normal,Female,Home and Lifestyle,75.29,2,7.529,158.109,E-wallet,105.406,45.174,5.3
INV-2025-01888,22-04-2025,13:11,A,New York,Member,Female,Electronic Accessories,30.22,4,6.044,126.924,Cash,84.616,36.264,5.8
INV-2025-03267,29-06-2025,12:59,B,Los Angeles,Member,Female,Sports and Travel,46.1,10,23.05,484.05,Cash,322.7,138.3,9.8
INV-2025-00281,05-02-2025,19:55,A,New York,Normal,Female,Health and Beauty,37.65,1,1.8825,39.5325,Credit Card,26.355,11.295,5.7
INV-2025-01720,11-11-2025,19:58,B,Los Angeles,Normal,Female,Health and Beauty,36.14,1,1.807,37.947,Credit Card,25.298,10.842,7.4
INV-2025-02948,08-03-2025,19:54,C,Chicago,Member,Male,Health and Beauty,22.73,4,4.546,95.466,Credit Card,63.644,27.276,6.1
INV-2025-00900,17-11-2025,17:35,A,New York,Member,Female,Home and Lifestyle,34.27,7,11.9945,251.8845,Cash,167.923,71.967,5.4
INV-2025-04851,10-11-2025,10:23,B,Los Angeles,Member,Male,Health and Beauty,55.71,2,5.571,116.991,Cash,77.994,33.426,4.5
INV-2025-00761,14-10-2025,19:27,A,New York,Normal,Male,Health and Beauty,27.08,8,10.832,227.472,Credit Card,151.648,64.992,9.9
INV-2025-01907,07-06-2025,18:31,A,New York,Member,Female,Sports and Travel,41.55,9,18.6975,392.6475,Cash,261.765,112.185,7.6
INV-2025-04043,07-07-2025,14:26,C,Chicago,Member,Male,Home and Lifestyle,78.06,2,7.806,163.926,Cash,109.284,46.836,5.2
INV-2025-03824,09-07-2025,10:29,C,Chicago,Normal,Female,Food and Beverages,7.63,7,2.6705,56.0805,Credit Card,37.387,16.023,7.1
INV-2025-04139,08-02-2025,18:24,C,Chicago,Normal,Male,Home and Lifestyle,83.19,10,41.595,873.495,Cash,582.33,249.57,6.6
INV-2025-03819,24-03-2025,12:25,B,Los Angeles,Normal,Male,Sports and Travel,53.49,6,16.047,336.987,E-wallet,224.658,96.282,6.1
INV-2025-04301,03-02-2025,09:04,B,Los Angeles,Member,Female,Electronic Accessories,71.81,7,25.1335,527.8035,Credit Card,351.869,150.801,4.8
INV-2025-02594,28-07-2025,14:59,C,Chicago,Member,Female,Health and Beauty,20.19,4,4.038,84.798,E-wallet,56.532,24.228,4.5
INV-2025-04165,19-12-2025,18:54,A,New York,Normal,Female,Home and Lifestyle,76.45,6,22.935,481.635,Cash,321.09,137.61,7.8
INV-2025-03032,23-07-2025,17:14,A,New York,Member,Female,Fashion Accessories,71.88,5,17.97,377.37,Credit Card,251.58,107.82,9.7
INV-2025-03580,08-11-2025,15:51,A,New York,Normal,Male,Fashion Accessories,12.3,3,1.845,38.745,Credit Card,25.83,11.07,4.1
INV-2025-02833,23-10-2025,11:09,A,New York,Normal,Female,Electronic Accessories,54.78,2,5.478,115.038,Credit Card,76.692,32.868,9.3
INV-2025-03473,23-11-2025,18:13,B,Los Angeles,Member,Male,Food and Beverages,14.73,2,1.473,30.933,Cash,20.622,8.838,4.3
INV-2025-00138,16-08-2025,17:48,C,Chicago,Member,Male,Home and Lifestyle,87.59,8,35.036,735.756,E-wallet,490.504,210.216,5.2
INV-2025-02181,25-05-2025,18:45,B,Los Angeles,Normal,Male,Home and Lifestyle,70.46,3,10.569,221.949,Cash,147.966,63.414,9.6
INV-2025-02129,05-02-2025,14:10,B,Los Angeles,Normal,Male,Sports and Travel,36.5,10,18.25,383.25,Credit Card,255.5,109.5,8.6
INV-2025-03178,13-04-2025,10:34,A,New York,Member,Female,Food and Beverages,4.91,1,0.2455,5.1555,Credit Card,3.437,1.473,9.2
INV-2025-04368,08-06-2025,11:27,C,Chicago,Member,Female,Health and Beauty,50.37,2,5.037,105.777,Cash,70.518,30.222,8.6
INV-2025-04262,10-02-2025,12:39,A,New York,Member,Female,Home and Lifestyle,61.16,3,9.174,192.654,Credit Card,128.436,55.044,4.3
INV-2025-04345,21-08-2025,21:57,B,Los Angeles,Member,Female,Electronic Accessories,22.25,3,3.3375,70.0875,E-wallet,46.725,20.025,6.9
INV-2025-01332,01-06-2025,09:41,B,Los Angeles,Member,Female,Sports and Travel,71.55,3,10.7325,225.3825,Credit Card,150.255,64.395,6.3
INV-2025-02018,28-08-2025,19:42,A,New York,Member,Male,Home and Lifestyle,21.05,7,7.3675,154.7175,E-wallet,103.145,44.205,4.7
INV-2025-02483,02-08-2025,11:11,B,Los Angeles,Member,Female,Electronic Accessories,36.03,5,9.0075,189.1575,Credit Card,126.105,54.045,10
INV-2025-01359,22-01-2025,13:58,C,Chicago,Normal,Female,Food and Beverages,16.55,3,2.4825,52.1325,E-wallet,34.755,14.895,7.4
INV-2025-01330,20-05-2025,20:31,C,Chicago,Normal,Male,Fashion Accessories,22.23,10,11.115,233.415,Credit Card,155.61,66.69,5.8
INV-2025-02151,31-12-2025,14:09,C,Chicago,Normal,Male,Sports and Travel,27.31,7,9.5585,200.7285,E-wallet,133.819,57.351,7.6
INV-2025-02123,25-12-2025,19:57,A,New York,Normal,Male,Fashion Accessories,21.92,7,7.672,161.112,E-wallet,107.408,46.032,6.9
INV-2025-03982,15-05-2025,10:04,C,Chicago,Member,Female,Food and Beverages,22.83,5,5.7075,119.8575,Credit Card,79.905,34.245,6.1
INV-2025-01253,12-08-2025,10:10,A,New York,Member,Male,Home and Lifestyle,53.36,3,8.004,168.084,Cash,112.056,48.024,6.1
INV-2025-03279,08-05-2025,20:33,C,Chicago,Member,Female,Food and Beverages,24.89,6,7.467,156.807,Cash,104.538,44.802,5.1
INV-2025-03375,14-01-2025,13:00,B,Los Angeles,Normal,Male,Food and Beverages,12.42,1,0.621,13.041,Credit Card,8.694,3.726,7.4
INV-2025-02815,09-07-2025,18:25,A,New York,Member,Female,Health and Beauty,15.08,5,3.77,79.17,Credit Card,52.78,22.62,7.8
INV-2025-01849,02-07-2025,15:38,B,Los Angeles,Member,Female,Fashion Accessories,54.04,8,21.616,453.936,E-wallet,302.624,129.696,7.3
INV-2025-03038,22-06-2025,18:13,A,New York,Member,Male,Fashion Accessories,40.65,1,2.0325,42.6825,Cash,28.455,12.195,8.2
INV-2025-00389,02-06-2025,18:58,C,Chicago,Normal,Female,Health and Beauty,37.68,9,16.956,356.076,Cash,237.384,101.736,4.3
INV-2025-00236,25-08-2025,20:13,B,Los Angeles,Member,Male,Sports and Travel,65.38,3,9.807,205.947,Credit Card,137.298,58.842,5.5
INV-2025-01078,01-05-2025,17:30,B,Los Angeles,Normal,Female,Electronic Accessories,89.38,8,35.752,750.792,Credit Card,500.528,214.512,7.8
INV-2025-01985,18-02-2025,12:08,B,Los Angeles,Member,Female,Food and Beverages,20.82,9,9.369,196.749,Cash,131.166,56.214,9.8
INV-2025-04364,14-05-2025,17:01,C,Chicago,Normal,Male,Fashion Accessories,11.5,8,4.6,96.6,Cash,64.4,27.6,6
INV-2025-03963,24-07-2025,18:44,B,Los Angeles,Normal,Male,Home and Lifestyle,31.46,5,7.865,165.165,Cash,110.11,47.19,7.5
INV-2025-00771,27-03-2025,15:48,C,Chicago,Normal,Female,Sports and Travel,56.13,3,8.4195,176.8095,Credit Card,117.873,50.517,6.2
INV-2025-02166,18-08-2025,17:26,A,New York,Member,Female,Sports and Travel,34.18,5,8.545,179.445,E-wallet,119.63,51.27,4
INV-2025-00674,30-08-2025,20:38,C,Chicago,Normal,Male,Health and Beauty,22.68,10,11.34,238.14,Credit Card,158.76,68.04,9.9
INV-2025-00250,10-04-2025,19:35,B,Los Angeles,Member,Female,Sports and Travel,67.61,8,27.044,567.924,Credit Card,378.616,162.264,4.5
INV-2025-01575,17-06-2025,16:29,C,Chicago,Normal,Female,Electronic Accessories,51.55,10,25.775,541.275,Credit Card,360.85,154.65,8.7
INV-2025-03420,25-09-2025,12:04,C,Chicago,Normal,Male,Fashion Accessories,42.61,2,4.261,89.481,Credit Card,59.654,25.566,6
INV-2025-02082,10-11-2025,17:08,C,Chicago,Member,Male,Sports and Travel,49.09,2,4.909,103.089,Credit Card,68.726,29.454,5.9
INV-2025-01824,10-06-2025,18:50,B,Los Angeles,Member,Female,Food and Beverages,3.67,3,0.5505,11.5605,E-wallet,7.707,3.303,8
INV-2025-00717,09-06-2025,15:48,B,Los Angeles,Member,Female,Electronic Accessories,85.74,5,21.435,450.135,Credit Card,300.09,128.61,9.9
INV-2025-04669,18-05-2025,12:43,A,New York,Member,Male,Sports and Travel,34.32,4,6.864,144.144,Cash,96.096,41.184,6.8
INV-2025-02049,30-05-2025,14:47,C,Chicago,Member,Female,Sports and Travel,71.39,8,28.556,599.676,Cash,399.784,171.336,6.1
INV-2025-04179,27-04-2025,11:10,C,Chicago,Member,Female,Home and Lifestyle,47.14,4,9.428,197.988,Cash,131.992,56.568,8.1
INV-2025-02725,02-05-2025,18:13,B,Los Angeles,Normal,Male,Sports and Travel,27.94,2,2.794,58.674,E-wallet,39.116,16.764,6
INV-2025-04522,24-01-2025,19:38,B,Los Angeles,Normal,Male,Sports and Travel,55.5,8,22.2,466.2,Credit Card,310.8,133.2,6
INV-2025-01461,04-02-2025,21:47,A,New York,Normal,Female,Food and Beverages,19.73,7,6.9055,145.0155,Credit Card,96.677,41.433,6.2
INV-2025-01669,19-09-2025,13:04,B,Los Angeles,Member,Female,Health and Beauty,29.3,3,4.395,92.295,E-wallet,61.53,26.37,6.1
INV-2025-02757,26-06-2025,20:22,C,Chicago,Member,Female,Food and Beverages,24.1,2,2.41,50.61,Credit Card,33.74,14.46,9.2
INV-2025-02001,06-12-2025,17:41,B,Los Angeles,Member,Male,Food and Beverages,24.15,5,6.0375,126.7875,Cash,84.525,36.225,4.1
INV-2025-00405,05-11-2025,18:07,B,Los Angeles,Member,Female,Fashion Accessories,17.37,8,6.948,145.908,Credit Card,97.272,41.688,7.5
INV-2025-00385,24-08-2025,18:02,A,New York,Member,Female,Food and Beverages,3.62,4,0.724,15.204,E-wallet,10.136,4.344,6.4
INV-2025-04536,07-11-2025,11:28,A,New York,Normal,Female,Fashion Accessories,19.54,9,8.793,184.653,Credit Card,123.102,52.758,9.1
INV-2025-02153,08-12-2025,20:08,C,Chicago,Normal,Male,Food and Beverages,14.06,3,2.109,44.289,Cash,29.526,12.654,6.5
INV-2025-01634,17-06-2025,16:24,A,New York,Normal,Male,Health and Beauty,22.97,2,2.297,48.237,E-wallet,32.158,13.782,8.7
INV-2025-04587,09-05-2025,18:02,B,Los Angeles,Normal,Male,Fashion Accessories,36.74,2,3.674,77.154,Cash,51.436,22.044,6.3
INV-2025-03926,24-02-2025,17:04,C,Chicago,Normal,Female,Home and Lifestyle,70.01,9,31.5045,661.5945,Credit Card,441.063,189.027,8.6
INV-2025-04159,22-04-2025,14:33,A,New York,Member,Male,Fashion Accessories,18.83,3,2.8245,59.3145,E-wallet,39.543,16.947,9.6
INV-2025-00224,17-01-2025,12:54,A,New York,Normal,Male,Fashion Accessories,63.36,2,6.336,133.056,Cash,88.704,38.016,7.4
INV-2025-02194,26-03-2025,10:47,A,New York,Member,Female,Electronic Accessories,16.98,5,4.245,89.145,Credit Card,59.43,25.47,8.1
INV-2025-03137,07-01-2025,18:31,C,Chicago,Member,Male,Health and Beauty,14.7,2,1.47,30.87,Cash,20.58,8.82,4.6
INV-2025-01825,08-07-2025,10:46,A,New York,Member,Female,Home and Lifestyle,49.98,1,2.499,52.479,Credit Card,34.986,14.994,8
INV-2025-04601,04-06-2025,19:11,A,New York,Member,Female,Food and Beverages,17.59,1,0.8795,18.4695,E-wallet,12.313,5.277,6.2
INV-2025-00798,25-09-2025,17:45,B,Los Angeles,Member,Female,Sports and Travel,28.14,1,1.407,29.547,Cash,19.698,8.442,6.3
INV-2025-02872,26-05-2025,17:19,C,Chicago,Normal,Male,Fashion Accessories,35.41,5,8.8525,185.9025,Cash,123.935,53.115,7.5
INV-2025-00010,27-10-2025,14:37,B,Los Angeles,Member,Male,Food and Beverages,13.35,1,0.6675,14.0175,E-wallet,9.345,4.005,4.9
INV-2025-01945,11-08-2025,19:07,C,Chicago,Normal,Female,Food and Beverages,3.84,6,1.152,24.192,Credit Card,16.128,6.912,9.3
INV-2025-01839,24-03-2025,15:43,A,New York,Member,Male,Home and Lifestyle,62.99,9,28.3455,595.2555,Credit Card,396.837,170.073,7.4
INV-2025-00256,21-10-2025,13:54,B,Los Angeles,Normal,Male,Electronic Accessories,96.84,7,33.894,711.774,E-wallet,474.516,203.364,10
INV-2025-04509,26-11-2025,17:39,C,Chicago,Member,Female,Sports and Travel,45.37,8,18.148,381.108,Credit Card,254.072,108.888,6.7
INV-2025-01582,15-12-2025,15:25,B,Los Angeles,Normal,Male,Home and Lifestyle,23.63,5,5.9075,124.0575,E-wallet,82.705,35.445,8
INV-2025-02957,25-01-2025,12:15,B,Los Angeles,Member,Male,Electronic Accessories,76.31,9,34.3395,721.1295,Credit Card,480.753,206.037,9.2
INV-2025-00925,06-01-2025,18:19,A,New York,Member,Male,Electronic Accessories,37.88,10,18.94,397.74,Credit Card,265.16,113.64,7.4
INV-2025-04430,27-07-2025,17:00,B,Los Angeles,Member,Female,Home and Lifestyle,51.92,6,15.576,327.096,Cash,218.064,93.456,6.7
INV-2025-02509,26-02-2025,19:37,C,Chicago,Normal,Female,Home and Lifestyle,38.17,6,11.451,240.471,Credit Card,160.314,68.706,6.8
INV-2025-03776,01-02-2025,13:19,B,Los Angeles,Normal,Male,Sports and Travel,30.35,3,4.5525,95.6025,Credit Card,63.735,27.315,9.5
INV-2025-04137,04-08-2025,19:03,B,Los Angeles,Normal,Male,Fashion Accessories,62.67,4,12.534,263.214,Credit Card,175.476,75.204,6.2
INV-2025-02780,13-11-2025,20:01,B,Los Angeles,Normal,Female,Health and Beauty,31.88,10,15.94,334.74,Credit Card,223.16,95.64,7.9
INV-2025-00540,16-04-2025,18:20,A,New York,Normal,Female,Sports and Travel,68.07,6,20.421,428.841,E-wallet,285.894,122.526,7.5
INV-2025-02746,28-07-2025,10:53,B,Los Angeles,Member,Female,Food and Beverages,13.24,6,3.972,83.412,Credit Card,55.608,23.832,8
INV-2025-04499,15-04-2025,18:20,C,Chicago,Normal,Male,Home and Lifestyle,66.3,8,26.52,556.92,Cash,371.28,159.12,7.6
INV-2025-04572,07-06-2025,18:35,B,Los Angeles,Normal,Male,Home and Lifestyle,89.6,8,35.84,752.64,Cash,501.76,215.04,6.5
INV-2025-01146,26-09-2025,16:02,A,New York,Member,Male,Food and Beverages,24.47,2,2.447,51.387,Credit Card,34.258,14.682,9.9
INV-2025-00668,13-10-2025,17:40,A,New York,Member,Female,Electronic Accessories,37.25,3,5.5875,117.3375,Cash,78.225,33.525,7.7
INV-2025-03020,10-12-2025,15:34,C,Chicago,Normal,Male,Electronic Accessories,57.25,8,22.9,480.9,E-wallet,320.6,137.4,7.4
INV-2025-00358,18-02-2025,14:46,A,New York,Member,Female,Electronic Accessories,86.32,9,38.844,815.724,E-wallet,543.816,233.064,7.7
INV-2025-02832,04-12-2025,19:03,C,Chicago,Normal,Male,Sports and Travel,56.84,10,28.42,596.82,Cash,397.88,170.52,9.5
INV-2025-02784,15-05-2025,11:33,C,Chicago,Member,Male,Home and Lifestyle,24.86,7,8.701,182.721,Credit Card,121.814,52.206,8.3
INV-2025-01354,30-12-2025,13:30,A,New York,Member,Female,Electronic Accessories,34.96,8,13.984,293.664,E-wallet,195.776,83.904,10
INV-2025-00471,30-06-2025,20:35,C,Chicago,Member,Female,Sports and Travel,70.85,7,24.7975,520.7475,E-wallet,347.165,148.785,5.9
INV-2025-02704,02-08-2025,08:27,B,Los Angeles,Normal,Male,Fashion Accessories,56.66,7,19.831,416.451,Cash,277.634,118.986,7.1
INV-2025-03331,28-08-2025,21:04,C,Chicago,Member,Female,Electronic Accessories,19.69,6,5.907,124.047,Credit Card,82.698,35.442,7.9
INV-2025-03638,03-05-2025,10:49,A,New York,Normal,Female,Sports and Travel,38.48,4,7.696,161.616,E-wallet,107.744,46.176,5
INV-2025-01397,22-05-2025,13:15,A,New York,Normal,Female,Food and Beverages,10.13,4,2.026,42.546,Cash,28.364,12.156,7.3
INV-2025-03585,18-04-2025,17:27,B,Los Angeles,Member,Female,Sports and Travel,35.51,2,3.551,74.571,Credit Card,49.714,21.306,5
INV-2025-04487,25-07-2025,10:43,B,Los Angeles,Normal,Female,Health and Beauty,58.88,1,2.944,61.824,Credit Card,41.216,17.664,4
INV-2025-03377,21-05-2025,20:47,A,New York,Member,Male,Fashion Accessories,54.87,6,16.461,345.681,Credit Card,230.454,98.766,9
INV-2025-01257,08-05-2025,21:49,C,Chicago,Member,Male,Health and Beauty,42.47,8,16.988,356.748,Credit Card,237.832,101.928,6
INV-2025-03513,16-11-2025,11:58,B,Los Angeles,Normal,Male,Home and Lifestyle,66.24,5,16.56,347.76,Cash,231.84,99.36,7.6
INV-2025-01251,26-12-2025,12:34,B,Los Angeles,Member,Female,Food and Beverages,9.21,10,4.605,96.705,Cash,64.47,27.63,6.1
INV-2025-04808,19-09-2025,17:58,C,Chicago,Member,Female,Health and Beauty,16.14,7,5.649,118.629,E-wallet,79.086,33.894,5.4
INV-2025-04299,04-05-2025,12:53,A,New York,Normal,Female,Electronic Accessories,16.69,9,7.5105,157.7205,Cash,105.147,45.063,8.8
INV-2025-03285,26-11-2025,18:41,A,New York,Normal,Female,Food and Beverages,4.6,2,0.46,9.66,Cash,6.44,2.76,8.5
INV-2025-02934,05-02-2025,21:26,B,Los Angeles,Member,Male,Fashion Accessories,69.9,1,3.495,73.395,E-wallet,48.93,20.97,8.9
INV-2025-04176,07-02-2025,18:04,B,Los Angeles,Unknown,Female,Electronic Accessories,58.56,5,14.64,307.44,Credit Card,204.96,87.84,4.3
INV-2025-01853,02-12-2025,11:19,A,New York,Member,Female,Food and Beverages,19.05,7,6.6675,140.0175,E-wallet,93.345,40.005,7.2
INV-2025-04870,05-03-2025,13:21,B,Los Angeles,Member,Male,Food and Beverages,13.4,9,6.03,126.63,Credit Card,84.42,36.18,6.7
INV-2025-02106,25-04-2025,18:13,C,Chicago,Normal,Female,Health and Beauty,10.62,10,5.31,111.51,Cash,74.34,31.86,8.3
INV-2025-00134,13-02-2025,13:24,B,Los Angeles,Member,Male,Fashion Accessories,55.68,9,25.056,526.176,Cash,350.784,150.336,8
INV-2025-00929,21-04-2025,19:41,A,New York,Normal,Female,Sports and Travel,72.12,6,21.636,454.356,Cash,302.904,129.816,7.7
INV-2025-00824,11-07-2025,12:08,A,New York,Member,Male,Sports and Travel,59.03,4,11.806,247.926,Cash,165.284,70.836,4.4
INV-2025-04544,23-10-2025,17:27,B,Los Angeles,Normal,Male,Fashion Accessories,14.94,3,2.241,47.061,Cash,31.374,13.446,6.8
INV-2025-01532,25-06-2025,19:37,A,New York,Normal,Male,Electronic Accessories,84.27,3,12.6405,265.4505,E-wallet,176.967,75.843,7.6
INV-2025-01215,03-02-2025,11:30,B,Los Angeles,Member,Female,Electronic Accessories,87.84,1,4.392,92.232,Credit Card,61.488,26.352,6.8
INV-2025-00505,05-07-2025,10:45,B,Los Angeles,Normal,Male,Sports and Travel,58.02,1,2.901,60.921,E-wallet,40.614,17.406,9.5
INV-2025-04286,04-01-2025,12:34,A,New York,Normal,Male,Electronic Accessories,41.7,9,18.765,394.065,E-wallet,262.71,112.59,7.7
INV-2025-01997,18-11-2025,11:15,A,New York,Member,Female,Fashion Accessories,64.06,9,28.827,605.367,E-wallet,403.578,172.962,7.5
INV-2025-03073,16-01-2025,10:54,A,New York,Member,Female,Health and Beauty,58.16,2,5.816,122.136,E-wallet,81.424,34.896,7.4
INV-2025-01959,22-11-2025,20:26,C,Chicago,Member,Female,Health and Beauty,11.87,9,5.3415,112.1715,Credit Card,74.781,32.049,4.8
INV-2025-01385,04-11-2025,09:04,B,Los Angeles,Normal,Male,Fashion Accessories,12.6,5,3.15,66.15,Credit Card,44.1,18.9,6.8
INV-2025-00895,20-09-2025,14:45,C,Chicago,Member,Male,Home and Lifestyle,69.58,9,31.311,657.531,Cash,438.354,187.866,5.3
INV-2025-00456,22-01-2025,18:35,B,Los Angeles,Member,Female,Electronic Accessories,45.64,1,2.282,47.922,E-wallet,31.948,13.692,5.3
INV-2025-04880,04-05-2025,19:32,C,Chicago,Member,Female,Food and Beverages,8.65,6,2.595,54.495,E-wallet,36.33,15.57,5.8
INV-2025-03710,15-10-2025,14:31,C,Chicago,Member,Male,Electronic Accessories,80.66,6,24.198,508.158,E-wallet,338.772,145.188,7.5
INV-2025-04619,20-04-2025,19:17,B,Los Angeles,Normal,Female,Home and Lifestyle,66.33,10,33.165,696.465,Credit Card,464.31,198.99,8.8
INV-2025-04269,16-07-2025,16:17,C,Chicago,Member,Male,Home and Lifestyle,33.6,9,15.12,317.52,Credit Card,211.68,90.72,8.9
INV-2025-03523,04-09-2025,12:59,C,Chicago,Member,Male,Fashion Accessories,18.69,3,2.8035,58.8735,Cash,39.249,16.821,6.3
INV-2025-04135,21-04-2025,14:54,A,New York,Normal,Male,Home and Lifestyle,46.73,9,21.0285,441.5985,E-wallet,294.399,126.171,5.7
INV-2025-03603,18-01-2025,13:25,C,Chicago,Member,Male,Health and Beauty,29.62,10,14.81,311.01,Cash,207.34,88.86,9.7
INV-2025-00714,15-12-2025,18:55,A,New York,Unknown,Female,Health and Beauty,51.35,9,23.1075,485.2575,Credit Card,323.505,138.645,4.9
INV-2025-04187,20-10-2025,20:00,B,Los Angeles,Normal,Male,Fashion Accessories,54.54,6,16.362,343.602,Cash,229.068,98.172,9.8
INV-2025-02215,04-12-2025,10:37,B,Los Angeles,Normal,Male,Fashion Accessories,41.41,6,12.423,260.883,E-wallet,173.922,74.538,6
INV-2025-02924,05-01-2025,19:02,C,Chicago,Member,Female,Home and Lifestyle,30.84,10,15.42,323.82,E-wallet,215.88,92.52,7
INV-2025-01811,06-09-2025,19:22,A,New York,Member,Female,Fashion Accessories,54.39,4,10.878,228.438,Cash,152.292,65.268,4.9
INV-2025-03487,04-07-2025,19:04,B,Los Angeles,Member,Male,Health and Beauty,43.24,1,2.162,45.402,Credit Card,30.268,12.972,8.8
INV-2025-03142,24-01-2025,19:48,A,New York,Member,Female,Electronic Accessories,72.34,1,3.617,75.957,Credit Card,50.638,21.702,8.8
INV-2025-01828,15-02-2025,11:04,C,Chicago,Normal,Female,Food and Beverages,11.28,9,5.076,106.596,Credit Card,71.064,30.456,6.7
INV-2025-01156,01-05-2025,14:34,A,New York,Normal,Male,Health and Beauty,29.79,4,5.958,125.118,E-wallet,83.412,35.748,7.4
INV-2025-01325,02-02-2025,09:23,B,Los Angeles,Member,Female,Fashion Accessories,25.17,6,7.551,158.571,Credit Card,105.714,45.306,9.4
INV-2025-04313,07-04-2025,16:54,A,New York,Normal,Male,Electronic Accessories,78.41,3,11.7615,246.9915,E-wallet,164.661,70.569,4.9
INV-2025-00511,05-12-2025,18:38,B,Los Angeles,Normal,Female,Fashion Accessories,47.63,1,2.3815,50.0115,Cash,33.341,14.289,5.8
INV-2025-01681,26-01-2025,11:39,A,New York,Normal,Male,Health and Beauty,52.24,8,20.896,438.816,E-wallet,292.544,125.376,5.5
INV-2025-00500,10-06-2025,14:47,B,Los Angeles,Member,Male,Food and Beverages,4.51,8,1.804,37.884,E-wallet,25.256,10.824,4.3
INV-2025-04537,30-06-2025,18:33,A,New York,Normal,Female,Electronic Accessories,17.1,10,8.55,179.55,Credit Card,119.7,51.3,8
INV-2025-01857,20-07-2025,13:28,C,Chicago,Normal,Male,Electronic Accessories,32.09,9,14.4405,303.2505,E-wallet,202.167,86.643,7.7
INV-2025-01389,28-06-2025,21:12,C,Chicago,Member,Female,Home and Lifestyle,38.47,7,13.4645,282.7545,Credit Card,188.503,80.787,5.1
INV-2025-03720,24-09-2025,19:20,B,Los Angeles,Normal,Male,Home and Lifestyle,79.69,9,35.8605,753.0705,Cash,502.047,215.163,4.7
INV-2025-02387,06-05-2025,11:12,B,Los Angeles,Member,Female,Food and Beverages,5.57,3,0.8355,17.5455,Credit Card,11.697,5.013,7.8
INV-2025-03237,16-09-2025,09:20,A,New York,Normal,Male,Home and Lifestyle,47.39,6,14.217,298.557,Credit Card,199.038,85.302,5.3
INV-2025-01541,05-03-2025,10:42,B,Los Angeles,Normal,Male,Food and Beverages,20.91,9,9.4095,197.5995,Credit Card,131.733,56.457,7.4
INV-2025-01218,05-04-2025,18:19,A,New York,Normal,Female,Electronic Accessories,42.88,6,12.864,270.144,Credit Card,180.096,77.184,7.5
INV-2025-02682,18-06-2025,19:16,B,Los Angeles,Member,Male,Food and Beverages,16.1,7,5.635,118.335,Cash,78.89,33.81,8.3
INV-2025-02994,21-07-2025,12:49,A,New York,Member,Male,Health and Beauty,32.87,6,9.861,207.081,E-wallet,138.054,59.166,7.5
INV-2025-01192,28-12-2025,15:17,C,Chicago,Normal,Male,Health and Beauty,12.81,6,3.843,80.703,Cash,53.802,23.058,6.2
INV-2025-01543,03-11-2025,18:39,C,Chicago,Member,Female,Fashion Accessories,29.27,9,13.1715,276.6015,Credit Card,184.401,79.029,8.6
INV-2025-03302,30-11-2025,12:33,B,Los Angeles,Member,Male,Health and Beauty,51.03,7,17.8605,375.0705,Credit Card,250.047,107.163,7.6
INV-2025-03325,21-10-2025,12:29,B,Los Angeles,Normal,Male,Home and Lifestyle,55.47,4,11.094,232.974,Cash,155.316,66.564,6.2
INV-2025-02540,15-11-2025,15:59,B,Los Angeles,Member,Male,Health and Beauty,33.94,4,6.788,142.548,Credit Card,95.032,40.728,9.8
INV-2025-00954,09-04-2025,17:25,C,Chicago,Normal,Female,Electronic Accessories,94.85,7,33.1975,697.1475,E-wallet,464.765,199.185,5
INV-2025-04331,24-05-2025,15:02,B,Los Angeles,Normal,Male,Sports and Travel,52.25,4,10.45,219.45,Credit Card,146.3,62.7,6.7
INV-2025-00733,05-10-2025,12:09,A,New York,Normal,Male,Home and Lifestyle,86.65,3,12.9975,272.9475,Cash,181.965,77.985,9.8
INV-2025-01157,02-04-2025,19:49,C,Chicago,Normal,Female,Food and Beverages,11.4,4,2.28,47.88,Credit Card,31.92,13.68,7.6
INV-2025-03295,05-12-2025,17:48,B,Los Angeles,Normal,Female,Fashion Accessories,35.68,8,14.272,299.712,Credit Card,199.808,85.632,9.8
INV-2025-02983,15-09-2025,18:05,B,Los Angeles,Normal,Male,Home and Lifestyle,73.94,8,29.576,621.096,E-wallet,414.064,177.456,9.8
INV-2025-02157,11-08-2025,08:07,A,New York,Member,Male,Food and Beverages,23.79,5,5.9475,124.8975,E-wallet,83.265,35.685,8.9
INV-2025-01063,18-01-2025,19:01,B,Los Angeles,Normal,Male,Food and Beverages,21.94,7,7.679,161.259,E-wallet,107.506,46.074,6.1
INV-2025-02617,19-07-2025,13:53,B,Los Angeles,Normal,Male,Food and Beverages,14.85,9,6.6825,140.3325,Credit Card,93.555,40.095,7.1
INV-2025-01168,24-10-2025,18:07,C,Chicago,Member,Female,Electronic Accessories,92.6,8,37.04,777.84,Cash,518.56,222.24,4.6
INV-2025-03223,05-11-2025,10:17,A,New York,Normal,Female,Food and Beverages,21.13,7,7.3955,155.3055,Credit Card,103.537,44.373,7.6
INV-2025-03637,18-02-2025,20:23,A,New York,Member,Male,Food and Beverages,16.1,6,4.83,101.43,Credit Card,67.62,28.98,7.2
INV-2025-02939,13-06-2025,18:19,A,New York,Normal,Female,Food and Beverages,11.23,4,2.246,47.166,Credit Card,31.444,13.476,6
INV-2025-04492,09-06-2025,19:37,B,Los Angeles,Member,Male,Electronic Accessories,37.21,7,13.0235,273.4935,Cash,182.329,78.141,4.3
INV-2025-03141,14-01-2025,14:39,C,Chicago,Member,Male,Sports and Travel,52.13,1,2.6065,54.7365,Credit Card,36.491,15.639,6.4
INV-2025-00144,08-11-2025,15:07,C,Chicago,Member,Male,Health and Beauty,21.92,10,10.96,230.16,Credit Card,153.44,65.76,4.7
INV-2025-03578,30-11-2025,09:33,B,Los Angeles,Member,Female,Health and Beauty,31,3,4.65,97.65,Cash,65.1,27.9,4.1
INV-2025-02783,27-05-2025,10:24,C,Chicago,Member,Male,Electronic Accessories,45.55,6,13.665,286.965,Credit Card,191.31,81.99,8.4
INV-2025-00718,26-02-2025,18:53,B,Los Angeles,Normal,Female,Health and Beauty,12.39,2,1.239,26.019,Credit Card,17.346,7.434,7.4
INV-2025-01820,13-11-2025,21:21,A,New York,Normal,Female,Electronic Accessories,85.81,8,34.324,720.804,E-wallet,480.536,205.944,5.5
INV-2025-02503,05-05-2025,12:24,A,New York,Member,Male,Electronic Accessories,15.25,4,3.05,64.05,Credit Card,42.7,18.3,7.3
INV-2025-04361,10-12-2025,18:53,B,Los Angeles,Member,Female,Electronic Accessories,37.61,5,9.4025,197.4525,E-wallet,131.635,56.415,7.7
INV-2025-04172,28-09-2025,16:37,B,Los Angeles,Normal,Female,Health and Beauty,36.26,2,3.626,76.146,E-wallet,50.764,21.756,4
INV-2025-00396,25-02-2025,12:38,A,New York,Member,Male,Food and Beverages,6.52,2,0.652,13.692,Credit Card,9.128,3.912,9.4
INV-2025-04837,19-11-2025,13:32,B,Los Angeles,Normal,Male,Electronic Accessories,15.2,1,0.76,15.96,Credit Card,10.64,4.56,8.1
INV-2025-04493,07-01-2025,18:38,B,Los Angeles,Normal,Male,Sports and Travel,48.94,10,24.47,513.87,Cash,342.58,146.82,7.8
INV-2025-01366,17-04-2025,13:39,B,Los Angeles,Member,Male,Fashion Accessories,41.94,1,2.097,44.037,Credit Card,29.358,12.582,6.1
INV-2025-04559,31-03-2025,13:16,C,Chicago,Normal,Female,Health and Beauty,31.54,8,12.616,264.936,Credit Card,176.624,75.696,5
INV-2025-00596,15-12-2025,14:03,A,New York,Member,Female,Food and Beverages,14.11,2,1.411,29.631,Credit Card,19.754,8.466,7.2
INV-2025-03953,05-09-2025,19:46,B,Los Angeles,Normal,Male,Fashion Accessories,12.59,4,2.518,52.878,E-wallet,35.252,15.108,4.9
INV-2025-02915,27-02-2025,13:46,A,New York,Member,Female,Health and Beauty,55.02,4,11.004,231.084,Cash,154.056,66.024,9.6
INV-2025-02327,27-10-2025,19:37,B,Los Angeles,Member,Male,Sports and Travel,74.24,5,18.56,389.76,Credit Card,259.84,111.36,8
INV-2025-03767,26-01-2025,12:22,C,Chicago,Member,Female,Fashion Accessories,19.39,6,5.817,122.157,Credit Card,81.438,34.902,6.7
INV-2025-03441,15-08-2025,13:15,B,Los Angeles,Normal,Female,Sports and Travel,65.08,2,6.508,136.668,E-wallet,91.112,39.048,8.8
INV-2025-03852,30-05-2025,14:39,A,New York,Member,Male,Food and Beverages,16.59,5,4.1475,87.0975,E-wallet,58.065,24.885,7.2
INV-2025-04133,09-08-2025,21:28,C,Chicago,Normal,Male,Fashion Accessories,25.23,1,1.2615,26.4915,Credit Card,17.661,7.569,6.6
INV-2025-04592,12-12-2025,21:46,B,Los Angeles,Normal,Female,Fashion Accessories,49.89,1,2.4945,52.3845,Credit Card,34.923,14.967,9.4
INV-2025-02144,11-12-2025,20:16,A,New York,Member,Female,Fashion Accessories,52.31,5,13.0775,274.6275,Credit Card,183.085,78.465,7.1
INV-2025-01572,26-07-2025,19:31,A,New York,Member,Male,Health and Beauty,28.25,1,1.4125,29.6625,Credit Card,19.775,8.475,4.9
INV-2025-04080,28-11-2025,13:52,C,Chicago,Member,Female,Fashion Accessories,70.49,4,14.098,296.058,Cash,197.372,84.588,8.6
INV-2025-01123,25-11-2025,15:53,B,Los Angeles,Normal,Male,Food and Beverages,10.87,9,4.8915,102.7215,Credit Card,68.481,29.349,10
INV-2025-02787,16-03-2025,11:16,B,Los Angeles,Member,Female,Electronic Accessories,76.56,4,15.312,321.552,E-wallet,214.368,91.872,5.4
INV-2025-02968,16-02-2025,19:47,C,Chicago,Normal,Female,Health and Beauty,46.84,3,7.026,147.546,Credit Card,98.364,42.156,10
INV-2025-02505,23-11-2025,14:26,C,Chicago,Member,Male,Fashion Accessories,71,8,28.4,596.4,E-wallet,397.6,170.4,8.4
INV-2025-03466,13-07-2025,19:25,A,New York,Normal,Female,Fashion Accessories,58.5,9,26.325,552.825,E-wallet,368.55,157.95,9.7
INV-2025-00676,12-06-2025,18:27,A,New York,Member,Male,Electronic Accessories,57.43,5,14.3575,301.5075,Credit Card,201.005,86.145,9.6
INV-2025-02809,26-07-2025,21:13,C,Chicago,Normal,Female,Fashion Accessories,64.05,4,12.81,269.01,Cash,179.34,76.86,6.7
INV-2025-03349,13-04-2025,16:42,A,New York,Normal,Male,Health and Beauty,51.63,2,5.163,108.423,E-wallet,72.282,30.978,5.9
INV-2025-00729,23-05-2025,17:55,A,New York,Member,Female,Food and Beverages,16.84,9,7.578,159.138,Cash,106.092,45.468,9.7
INV-2025-00413,02-09-2025,18:58,C,Chicago,Member,Female,Home and Lifestyle,33.23,1,1.6615,34.8915,Credit Card,23.261,9.969,4.7
INV-2025-03147,13-04-2025,20:32,B,Los Angeles,Normal,Female,Electronic Accessories,95.66,4,19.132,401.772,E-wallet,267.848,114.792,6.5
INV-2025-01517,18-05-2025,12:43,A,New York,Normal,Female,Fashion Accessories,21.11,10,10.555,221.655,Credit Card,147.77,63.33,8
INV-2025-00826,10-02-2025,13:24,A,New York,Member,Male,Food and Beverages,7.4,8,2.96,62.16,Credit Card,41.44,17.76,4.6
INV-2025-03268,22-03-2025,10:17,B,Los Angeles,Normal,Male,Sports and Travel,60.49,6,18.147,381.087,Credit Card,254.058,108.882,6.1
INV-2025-03975,27-05-2025,12:23,A,New York,Normal,Female,Health and Beauty,31.62,4,6.324,132.804,Credit Card,88.536,37.944,9.2
INV-2025-00617,13-05-2025,11:03,A,New York,Member,Male,Home and Lifestyle,31.43,5,7.8575,165.0075,Credit Card,110.005,47.145,7.8
INV-2025-00115,21-03-2025,17:14,C,Chicago,Member,Female,Health and Beauty,48.13,10,24.065,505.365,Cash,336.91,144.39,6.6
INV-2025-00418,03-01-2025,19:52,A,New York,Normal,Female,Health and Beauty,13.2,4,2.64,55.44,Credit Card,36.96,15.84,7.7
INV-2025-03070,15-09-2025,18:44,A,New York,Normal,Male,Health and Beauty,49.39,5,12.3475,259.2975,Cash,172.865,74.085,7.1
INV-2025-01626,22-03-2025,11:43,C,Chicago,Normal,Female,Sports and Travel,70.16,3,10.524,221.004,Cash,147.336,63.144,7.6
INV-2025-04951,30-09-2025,21:38,A,New York,Normal,Female,Home and Lifestyle,83.52,9,37.584,789.264,E-wallet,526.176,225.504,No Rating Given
INV-2025-04186,27-12-2025,12:25,A,New York,Member,Male,Sports and Travel,34.4,5,8.6,180.6,Credit Card,120.4,51.6,8.2
INV-2025-02897,28-01-2025,20:16,B,Los Angeles,Member,Female,Electronic Accessories,77.96,5,19.49,409.29,Credit Card,272.86,116.94,4.1
INV-2025-04672,17-01-2025,17:37,C,Chicago,Member,Female,Health and Beauty,35.31,4,7.062,148.302,Cash,98.868,42.372,6.8
INV-2025-02083,10-07-2025,13:04,C,Chicago,Member,Female,Fashion Accessories,16.04,4,3.208,67.368,E-wallet,44.912,19.248,6.1
INV-2025-00754,04-11-2025,17:48,A,New York,Member,Male,Health and Beauty,58.73,1,2.9365,61.6665,Credit Card,41.111,17.619,9.3
INV-2025-02547,03-06-2025,19:05,B,Los Angeles,Normal,Male,Sports and Travel,76.6,2,7.66,160.86,Cash,107.24,45.96,5.2
INV-2025-03970,19-07-2025,20:48,B,Los Angeles,Member,Female,Fashion Accessories,27.65,3,4.1475,87.0975,Cash,58.065,24.885,9.4
INV-2025-03374,08-12-2025,19:50,C,Chicago,Member,Female,Health and Beauty,28.06,6,8.418,176.778,Credit Card,117.852,50.508,4.7
INV-2025-04108,15-04-2025,10:41,B,Los Angeles,Normal,Male,Health and Beauty,49.65,4,9.93,208.53,Credit Card,139.02,59.58,8.9
INV-2025-02445,26-01-2025,17:14,A,New York,Member,Male,Fashion Accessories,38.83,7,13.5905,285.4005,Cash,190.267,81.543,8.6
INV-2025-04381,14-12-2025,20:29,C,Chicago,Normal,Male,Fashion Accessories,48.63,3,7.2945,153.1845,Credit Card,102.123,43.767,6.5
INV-2025-01067,18-09-2025,18:17,C,Chicago,Member,Female,Sports and Travel,45.47,10,22.735,477.435,Credit Card,318.29,136.41,7.2
INV-2025-03914,08-08-2025,11:11,B,Los Angeles,Normal,Female,Health and Beauty,19.47,3,2.9205,61.3305,Credit Card,40.887,17.523,8.3
INV-2025-03499,20-03-2025,19:28,B,Los Angeles,Member,Female,Sports and Travel,70.5,1,3.525,74.025,Cash,49.35,21.15,4.9
INV-2025-02739,20-03-2025,20:14,B,Los Angeles,Normal,Male,Food and Beverages,19.49,5,4.8725,102.3225,E-wallet,68.215,29.235,7.8
INV-2025-04001,09-02-2025,12:24,A,New York,Normal,Female,Sports and Travel,28.18,6,8.454,177.534,E-wallet,118.356,50.724,9.9
INV-2025-01569,23-09-2025,20:26,A,New York,Member,Female,Fashion Accessories,54.64,8,21.856,458.976,Cash,305.984,131.136,6.6
INV-2025-02428,31-12-2025,20:59,A,New York,Normal,Female,Health and Beauty,28.81,10,14.405,302.505,Unknown,201.67,86.43,8.6
INV-2025-03747,02-06-2025,12:50,A,New York,Normal,Female,Sports and Travel,44.87,10,22.435,471.135,E-wallet,314.09,134.61,5.5
INV-2025-04640,28-08-2025,16:12,B,Los Angeles,Normal,Male,Electronic Accessories,25.27,5,6.3175,132.6675,Credit Card,88.445,37.905,4.5
INV-2025-01688,09-07-2025,12:25,C,Chicago,Normal,Male,Sports and Travel,45.19,5,11.2975,237.2475,Cash,158.165,67.785,6.4
INV-2025-00852,26-04-2025,09:36,C,Chicago,Member,Male,Food and Beverages,6.17,8,2.468,51.828,E-wallet,34.552,14.808,8.2
INV-2025-03547,13-12-2025,12:32,C,Chicago,Member,Male,Food and Beverages,16.95,4,3.39,71.19,Credit Card,47.46,20.34,8.8
INV-2025-00896,01-10-2025,12:02,B,Los Angeles,Normal,Female,Electronic Accessories,37.99,1,1.8995,39.8895,Credit Card,26.593,11.397,5.5
INV-2025-04593,19-05-2025,11:41,A,New York,Member,Female,Electronic Accessories,43.17,8,17.268,362.628,Credit Card,241.752,103.608,4.5
INV-2025-00336,13-10-2025,12:06,B,Los Angeles,Normal,Male,Fashion Accessories,68.47,2,6.847,143.787,Cash,95.858,41.082,5.3
INV-2025-02840,19-09-2025,15:58,C,Chicago,Member,Male,Health and Beauty,54.4,9,24.48,514.08,Credit Card,342.72,146.88,4.5
INV-2025-03088,28-07-2025,19:56,B,Los Angeles,Member,Female,Health and Beauty,22.83,9,10.2735,215.7435,E-wallet,143.829,61.641,5.6
INV-2025-01349,18-10-2025,20:06,A,New York,Member,Male,Sports and Travel,69.51,6,20.853,437.913,Cash,291.942,125.118,6.5
INV-2025-01016,06-01-2025,16:02,B,Los Angeles,Normal,Female,Health and Beauty,55.41,6,16.623,349.083,E-wallet,232.722,99.738,6.8
INV-2025-02817,04-10-2025,21:25,C,Chicago,Normal,Male,Home and Lifestyle,42.55,10,21.275,446.775,E-wallet,297.85,127.65,7.9
INV-2025-01632,14-07-2025,19:04,C,Chicago,Normal,Male,Electronic Accessories,75.83,10,37.915,796.215,Credit Card,530.81,227.49,4.8
INV-2025-02490,05-05-2025,14:23,A,New York,Normal,Male,Fashion Accessories,25.44,4,5.088,106.848,Cash,71.232,30.528,6.8
INV-2025-03731,09-12-2025,19:23,C,Chicago,Normal,Female,Sports and Travel,40.08,9,18.036,378.756,Credit Card,252.504,108.216,7
INV-2025-03252,10-12-2025,16:08,B,Los Angeles,Member,Male,Health and Beauty,38.16,7,13.356,280.476,Credit Card,186.984,80.136,8.6
INV-2025-04635,18-10-2025,12:25,B,Los Angeles,Member,Female,Health and Beauty,14.1,7,4.935,103.635,E-wallet,69.09,29.61,8.1
INV-2025-02071,10-09-2025,12:55,A,New York,Normal,Male,Sports and Travel,38.33,1,1.9165,40.2465,Cash,26.831,11.499,8.6
INV-2025-04453,24-12-2025,18:00,A,New York,Member,Female,Health and Beauty,37.88,10,18.94,397.74,E-wallet,265.16,113.64,7
INV-2025-04883,07-07-2025,12:50,C,Chicago,Member,Female,Electronic Accessories,18.38,8,7.352,154.392,Credit Card,102.928,44.112,6.8
INV-2025-01636,27-03-2025,17:03,B,Los Angeles,Normal,Male,Sports and Travel,50.57,10,25.285,530.985,Cash,353.99,151.71,5.4
INV-2025-02480,12-12-2025,14:11,C,Chicago,Member,Male,Food and Beverages,10.36,4,2.072,43.512,Credit Card,29.008,12.432,7.3
INV-2025-02266,17-03-2025,16:09,B,Los Angeles,Normal,Male,Electronic Accessories,38.37,9,17.2665,362.5965,Credit Card,241.731,103.599,9.1
INV-2025-02960,08-03-2025,17:28,B,Los Angeles,Member,Female,Health and Beauty,59.9,7,20.965,440.265,Unknown,293.51,125.79,6.6
INV-2025-04732,12-09-2025,15:00,A,New York,Normal,Female,Health and Beauty,29.82,10,14.91,313.11,Credit Card,208.74,89.46,7.5
INV-2025-03060,03-08-2025,14:36,C,Chicago,Member,Female,Electronic Accessories,73.54,4,14.708,308.868,Credit Card,205.912,88.248,8.6
INV-2025-02142,02-01-2025,14:37,B,Los Angeles,Normal,Female,Health and Beauty,18.57,8,7.428,155.988,Credit Card,103.992,44.568,4.8
INV-2025-03119,06-07-2025,18:34,C,Chicago,Unknown,Female,Fashion Accessories,14.47,9,6.5115,136.7415,Credit Card,91.161,39.069,4.6
INV-2025-04726,28-02-2025,11:13,B,Los Angeles,Normal,Female,Food and Beverages,11.81,4,2.362,49.602,Cash,33.068,14.172,4.1
INV-2025-04046,24-05-2025,14:26,B,Los Angeles,Member,Male,Food and Beverages,15.42,2,1.542,32.382,E-wallet,21.588,9.252,6.3
INV-2025-03357,30-09-2025,19:59,A,New York,Member,Female,Electronic Accessories,96.62,8,38.648,811.608,Credit Card,541.072,231.888,6.2
INV-2025-02745,01-05-2025,14:00,A,New York,Member,Male,Food and Beverages,2.87,1,0.1435,3.0135,Credit Card,2.009,0.861,9.1
INV-2025-03507,02-01-2025,20:40,A,New York,Normal,Female,Sports and Travel,36.67,5,9.1675,192.5175,E-wallet,128.345,55.005,4.7
INV-2025-01680,09-06-2025,20:24,B,Los Angeles,Normal,Male,Home and Lifestyle,43.82,5,10.955,230.055,E-wallet,153.37,65.73,8.8
INV-2025-04250,08-10-2025,14:32,A,New York,Member,Female,Food and Beverages,16.87,9,7.5915,159.4215,Credit Card,106.281,45.549,4.4
INV-2025-03148,20-05-2025,19:03,A,New York,Member,Female,Sports and Travel,75.38,7,26.383,554.043,E-wallet,369.362,158.298,8.6
INV-2025-02295,17-04-2025,19:50,C,Chicago,Normal,Female,Food and Beverages,11.18,3,1.677,35.217,Cash,23.478,10.062,9.5
INV-2025-00581,23-01-2025,10:23,A,New York,Member,Female,Food and Beverages,20.52,8,8.208,172.368,Cash,114.912,49.248,8.4
INV-2025-01471,27-07-2025,16:16,A,New York,Normal,Male,Health and Beauty,26.7,3,4.005,84.105,Credit Card,56.07,24.03,7.4
INV-2025-04071,24-03-2025,11:45,B,Los Angeles,Normal,Male,Sports and Travel,64.97,2,6.497,136.437,Credit Card,90.958,38.982,8.6
INV-2025-03344,11-02-2025,20:30,A,New York,Member,Male,Sports and Travel,41.25,3,6.1875,129.9375,Credit Card,86.625,37.125,6.3
INV-2025-04584,26-05-2025,18:10,A,New York,Normal,Female,Electronic Accessories,42.47,6,12.741,267.561,Unknown,178.374,76.446,5.6
INV-2025-03673,20-02-2025,14:25,B,Los Angeles,Member,Female,Electronic Accessories,37.24,9,16.758,351.918,Cash,234.612,100.548,6
INV-2025-00560,26-05-2025,12:02,A,New York,Member,Male,Food and Beverages,16.68,2,1.668,35.028,Cash,23.352,10.008,7.6
INV-2025-02850,25-10-2025,15:01,B,Los Angeles,Member,Female,Food and Beverages,2.63,6,0.789,16.569,Credit Card,11.046,4.734,4.6
INV-2025-00513,27-09-2025,14:13,B,Los Angeles,Normal,Male,Food and Beverages,18.78,9,8.451,177.471,E-wallet,118.314,50.706,6.9
INV-2025-01082,20-07-2025,19:27,B,Los Angeles,Normal,Female,Sports and Travel,68.69,6,20.607,432.747,Credit Card,288.498,123.642,4.3
INV-2025-01665,02-09-2025,17:03,A,New York,Normal,Male,Fashion Accessories,17.66,2,1.766,37.086,E-wallet,24.724,10.596,6.5
INV-2025-01013,07-10-2025,12:39,B,Los Angeles,Normal,Male,Sports and Travel,33.77,1,1.6885,35.4585,Cash,23.639,10.131,8.9
INV-2025-01932,07-08-2025,20:32,B,Los Angeles,Member,Male,Food and Beverages,3.57,3,0.5355,11.2455,Credit Card,7.497,3.213,6.9
INV-2025-01151,25-08-2025,17:40,A,New York,Member,Male,Fashion Accessories,31.1,2,3.11,65.31,Credit Card,43.54,18.66,8.4
INV-2025-02839,06-10-2025,10:25,C,Chicago,Member,Male,Food and Beverages,24.17,5,6.0425,126.8925,E-wallet,84.595,36.255,7.4
INV-2025-00117,08-06-2025,20:22,A,New York,Normal,Female,Health and Beauty,17.09,1,0.8545,17.9445,Cash,11.963,5.127,7.2
INV-2025-00741,10-08-2025,12:32,C,Chicago,Member,Female,Fashion Accessories,26.99,8,10.796,226.716,Cash,151.144,64.776,8
INV-2025-04807,30-09-2025,10:17,A,New York,Member,Female,Health and Beauty,44.73,4,8.946,187.866,Cash,125.244,53.676,8.5
INV-2025-03676,04-11-2025,19:53,B,Los Angeles,Member,Male,Health and Beauty,14.2,10,7.1,149.1,E-wallet,99.4,42.6,6.9
INV-2025-00831,02-01-2025,21:52,A,New York,Normal,Male,Fashion Accessories,31.16,8,12.464,261.744,Cash,174.496,74.784,6.9
INV-2025-00120,26-05-2025,18:37,B,Los Angeles,Normal,Male,Electronic Accessories,48.6,10,24.3,510.3,Cash,340.2,145.8,5.2
INV-2025-04854,12-01-2025,14:28,C,Chicago,Normal,Male,Health and Beauty,53.59,6,16.077,337.617,Cash,225.078,96.462,7.9
INV-2025-04739,16-02-2025,13:06,A,New York,Normal,Female,Home and Lifestyle,45.88,9,20.646,433.566,Credit Card,289.044,123.876,8.4
INV-2025-00636,16-01-2025,11:03,C,Chicago,Member,Male,Electronic Accessories,47.52,6,14.256,299.376,Cash,199.584,85.536,7.7
INV-2025-04466,18-09-2025,15:45,B,Los Angeles,Member,Female,Home and Lifestyle,60.89,1,3.0445,63.9345,Credit Card,42.623,18.267,8.7
INV-2025-04365,27-09-2025,20:31,B,Los Angeles,Member,Female,Food and Beverages,8.86,4,1.772,37.212,Credit Card,24.808,10.632,5.5
INV-2025-04143,30-05-2025,13:05,B,Los Angeles,Normal,Female,Health and Beauty,15.14,8,6.056,127.176,Credit Card,84.784,36.336,9
INV-2025-00992,05-01-2025,16:30,B,Los Angeles,Member,Male,Sports and Travel,31.56,1,1.578,33.138,Credit Card,22.092,9.468,9.9
INV-2025-00877,26-04-2025,15:23,A,New York,Member,Male,Food and Beverages,20.67,2,2.067,43.407,E-wallet,28.938,12.402,7.9
INV-2025-00005,10-10-2025,13:40,B,Los Angeles,Normal,Male,Fashion Accessories,14.52,4,2.904,60.984,E-wallet,40.656,17.424,9.9
INV-2025-03052,28-05-2025,08:35,B,Los Angeles,Member,Female,Sports and Travel,46.74,6,14.022,294.462,Cash,196.308,84.132,6.8
INV-2025-03125,24-03-2025,19:35,C,Chicago,Member,Male,Fashion Accessories,51.93,3,7.7895,163.5795,Cash,109.053,46.737,9
INV-2025-02661,10-08-2025,18:11,C,Chicago,Member,Male,Sports and Travel,79.23,3,11.8845,249.5745,Cash,166.383,71.307,8.8
INV-2025-02492,13-05-2025,12:05,B,Los Angeles,Normal,Female,Electronic Accessories,52.05,10,26.025,546.525,Credit Card,364.35,156.15,9.5
INV-2025-03855,18-12-2025,13:25,B,Los Angeles,Normal,Male,Electronic Accessories,17.7,2,1.77,37.17,Credit Card,24.78,10.62,9.4
INV-2025-01716,09-10-2025,17:12,A,New York,Member,Female,Fashion Accessories,61.36,1,3.068,64.428,Cash,42.952,18.408,8.4
INV-2025-01149,26-01-2025,14:30,A,New York,Normal,Female,Fashion Accessories,54.78,3,8.217,172.557,Cash,115.038,49.302,8
INV-2025-03262,19-06-2025,12:44,A,New York,Member,Female,Food and Beverages,23.99,5,5.9975,125.9475,Credit Card,83.965,35.985,4.7
INV-2025-00575,22-10-2025,16:20,C,Chicago,Normal,Male,Food and Beverages,5.99,2,0.599,12.579,Cash,8.386,3.594,4.8
INV-2025-03770,14-05-2025,17:40,C,Chicago,Member,Female,Fashion Accessories,70.58,2,7.058,148.218,E-wallet,98.812,42.348,6.4
INV-2025-03737,17-01-2025,11:50,C,Chicago,Normal,Male,Food and Beverages,2.41,8,0.964,20.244,Credit Card,13.496,5.784,8.1
INV-2025-04147,27-06-2025,16:38,B,Los Angeles,Normal,Female,Food and Beverages,8.99,8,3.596,75.516,Credit Card,50.344,21.576,7.9
INV-2025-00854,29-09-2025,15:33,C,Chicago,Member,Male,Electronic Accessories,97.08,2,9.708,203.868,Cash,135.912,58.248,7.6
INV-2025-01983,15-03-2025,13:13,C,Chicago,Member,Male,Electronic Accessories,96.12,1,4.806,100.926,Credit Card,67.284,28.836,5.8
INV-2025-02775,13-07-2025,15:35,B,Los Angeles,Normal,Male,Sports and Travel,31.46,5,7.865,165.165,Credit Card,110.11,47.19,8
INV-2025-01167,21-01-2025,13:45,C,Chicago,Normal,Female,Sports and Travel,72.25,2,7.225,151.725,Cash,101.15,43.35,5.6
INV-2025-00972,13-06-2025,12:03,C,Chicago,Member,Female,Sports and Travel,32.16,8,12.864,270.144,Cash,180.096,77.184,6
INV-2025-02702,29-06-2025,14:29,A,New York,Normal,Female,Electronic Accessories,29.15,10,14.575,306.075,Cash,204.05,87.45,7
INV-2025-04496,21-12-2025,21:50,A,New York,Member,Female,Home and Lifestyle,64.92,4,12.984,272.664,Credit Card,181.776,77.904,4.6
INV-2025-03848,07-02-2025,19:36,B,Los Angeles,Member,Male,Fashion Accessories,33.53,3,5.0295,105.6195,E-wallet,70.413,30.177,6
INV-2025-02369,05-01-2025,15:43,A,New York,Normal,Female,Electronic Accessories,33.07,9,14.8815,312.5115,Cash,208.341,89.289,4.2
INV-2025-04116,31-10-2025,18:24,B,Los Angeles,Member,Female,Electronic Accessories,68.8,4,13.76,288.96,Credit Card,192.64,82.56,4
INV-2025-04132,18-09-2025,20:09,A,New York,Member,Female,Food and Beverages,11.28,9,5.076,106.596,Credit Card,71.064,30.456,7.2
INV-2025-02951,30-07-2025,15:46,C,Chicago,Normal,Female,Sports and Travel,63.95,5,15.9875,335.7375,Cash,223.825,95.925,6.5
INV-2025-00525,20-02-2025,19:33,B,Los Angeles,Member,Male,Sports and Travel,48.26,9,21.717,456.057,Cash,304.038,130.302,5.9
INV-2025-02456,13-01-2025,16:12,C,Chicago,Member,Male,Home and Lifestyle,22.05,2,2.205,46.305,E-wallet,30.87,13.23,9.6
INV-2025-01842,08-11-2025,12:45,C,Chicago,Member,Female,Home and Lifestyle,35.85,5,8.9625,188.2125,E-wallet,125.475,53.775,5.6
INV-2025-00538,05-02-2025,17:43,C,Chicago,Normal,Female,Home and Lifestyle,54.6,1,2.73,57.33,Cash,38.22,16.38,8.9
INV-2025-02807,05-06-2025,17:46,B,Los Angeles,Normal,Female,Home and Lifestyle,85.81,4,17.162,360.402,Credit Card,240.268,102.972,4.7
INV-2025-04342,23-11-2025,21:00,B,Los Angeles,Normal,Female,Fashion Accessories,15.14,3,2.271,47.691,E-wallet,31.794,13.626,7
INV-2025-03176,06-05-2025,09:38,B,Los Angeles,Member,Female,Home and Lifestyle,76.36,1,3.818,80.178,E-wallet,53.452,22.908,8.1
INV-2025-00785,05-11-2025,15:11,A,New York,Normal,Female,Home and Lifestyle,34.41,5,8.6025,180.6525,Credit Card,120.435,51.615,4.4
INV-2025-04058,07-12-2025,17:50,B,Los Angeles,Normal,Male,Electronic Accessories,25.48,9,11.466,240.786,Cash,160.524,68.796,5.3
INV-2025-01410,21-02-2025,13:50,A,New York,Member,Female,Food and Beverages,19.5,3,2.925,61.425,Cash,40.95,17.55,9.6
INV-2025-02538,05-07-2025,19:37,B,Los Angeles,Member,Female,Fashion Accessories,12.09,10,6.045,126.945,Credit Card,84.63,36.27,5.1
INV-2025-00155,08-11-2025,18:28,A,New York,Member,Female,Home and Lifestyle,46.8,10,23.4,491.4,Cash,327.6,140.4,4.9
INV-2025-03010,06-12-2025,19:44,C,Chicago,Normal,Male,Home and Lifestyle,67.19,7,23.5165,493.8465,Credit Card,329.231,141.099,7.3
INV-2025-01687,19-08-2025,19:19,C,Chicago,Normal,Male,Food and Beverages,20.52,1,1.026,21.546,Credit Card,14.364,6.156,5.5
INV-2025-02902,17-03-2025,20:43,C,Chicago,Normal,Female,Home and Lifestyle,28.37,1,1.4185,29.7885,Cash,19.859,8.511,5.2
INV-2025-04950,29-01-2025,14:28,B,Los Angeles,Normal,Female,Sports and Travel,65.24,4,13.048,274.008,Credit Card,182.672,78.288,6.9
INV-2025-03864,29-05-2025,09:20,C,Chicago,Normal,Female,Fashion Accessories,11.15,3,1.6725,35.1225,Credit Card,23.415,10.035,9.3
INV-2025-02734,29-03-2025,19:16,A,New York,Normal,Male,Fashion Accessories,67.42,5,16.855,353.955,Credit Card,235.97,101.13,6.8
INV-2025-01896,12-10-2025,21:13,C,Chicago,Member,Female,Fashion Accessories,61.32,4,12.264,257.544,Cash,171.696,73.584,6.9
INV-2025-00570,09-04-2025,09:37,A,New York,Member,Female,Sports and Travel,57.04,8,22.816,479.136,E-wallet,319.424,136.896,4.1
INV-2025-01817,01-10-2025,19:49,B,Los Angeles,Member,Female,Home and Lifestyle,29.17,4,5.834,122.514,E-wallet,81.676,35.004,9.8
INV-2025-02066,05-08-2025,16:55,A,New York,Member,Male,Electronic Accessories,83.53,2,8.353,175.413,Credit Card,116.942,50.118,5.2
INV-2025-00128,05-06-2025,19:37,A,New York,Member,Female,Sports and Travel,52.11,1,2.6055,54.7155,Credit Card,36.477,15.633,5.7
INV-2025-03395,23-04-2025,17:46,A,New York,Normal,Female,Sports and Travel,32.07,6,9.621,202.041,Credit Card,134.694,57.726,6.9
INV-2025-03328,24-02-2025,13:31,C,Chicago,Member,Male,Food and Beverages,4.44,9,1.998,41.958,Credit Card,27.972,11.988,5.4
INV-2025-02976,13-12-2025,14:51,B,Los Angeles,Member,Male,Fashion Accessories,47.42,10,23.71,497.91,Cash,331.94,142.26,4.9
INV-2025-00981,05-05-2025,17:47,C,Chicago,Normal,Male,Sports and Travel,28.62,1,1.431,30.051,Credit Card,20.034,8.586,6.8
INV-2025-02301,01-10-2025,14:40,A,New York,Normal,Female,Food and Beverages,3.79,8,1.516,31.836,Cash,21.224,9.096,7.7
INV-2025-00191,31-03-2025,17:40,C,Chicago,Normal,Female,Health and Beauty,30.04,2,3.004,63.084,Cash,42.056,18.024,4.8
INV-2025-01140,06-08-2025,12:40,A,New York,Normal,Female,Food and Beverages,10.57,8,4.228,88.788,Credit Card,59.192,25.368,9.1
INV-2025-00700,07-09-2025,12:03,B,Los Angeles,Member,Female,Food and Beverages,3.46,7,1.211,25.431,Unknown,16.954,7.266,4.7
INV-2025-04781,02-09-2025,10:43,A,New York,Member,Male,Electronic Accessories,65.64,10,32.82,689.22,Credit Card,459.48,196.92,7.8
INV-2025-00607,03-09-2025,20:08,B,Los Angeles,Member,Male,Sports and Travel,62.05,4,12.41,260.61,Credit Card,173.74,74.46,4.6
INV-2025-04277,20-02-2025,12:31,B,Los Angeles,Normal,Female,Food and Beverages,10.31,10,5.155,108.255,Credit Card,72.17,30.93,7.9
INV-2025-00302,06-07-2025,20:23,C,Chicago,Normal,Male,Home and Lifestyle,41.12,3,6.168,129.528,E-wallet,86.352,37.008,8.4
INV-2025-03421,23-07-2025,20:58,B,Los Angeles,Normal,Male,Fashion Accessories,74.16,9,33.372,700.812,Credit Card,467.208,200.232,7.5
INV-2025-04821,03-12-2025,13:42,A,New York,Member,Female,Food and Beverages,23.92,7,8.372,175.812,Credit Card,117.208,50.232,8.3
INV-2025-01061,07-11-2025,12:18,A,New York,Member,Female,Sports and Travel,55.3,3,8.295,174.195,Credit Card,116.13,49.77,7.8
INV-2025-02566,02-10-2025,16:57,A,New York,Member,Female,Health and Beauty,52.22,6,15.666,328.986,Cash,219.324,93.996,9.2
INV-2025-01070,07-11-2025,18:59,A,New York,Member,Male,Electronic Accessories,61.93,9,27.8685,585.2385,E-wallet,390.159,167.211,4.2
INV-2025-02525,05-01-2025,14:31,A,New York,Normal,Female,Sports and Travel,76.69,2,7.669,161.049,E-wallet,107.366,46.014,5.2
INV-2025-02206,24-08-2025,11:59,C,Chicago,Normal,Female,Sports and Travel,82.87,5,20.7175,435.0675,E-wallet,290.045,124.305,6.4
INV-2025-01244,05-07-2025,18:10,A,New York,Member,Female,Food and Beverages,18.11,9,8.1495,171.1395,Cash,114.093,48.897,7.4
INV-2025-00017,10-12-2025,17:28,C,Chicago,Member,Male,Electronic Accessories,20.44,1,1.022,21.462,Credit Card,14.308,6.132,5.4
INV-2025-03121,22-04-2025,15:58,A,New York,Member,Female,Food and Beverages,21.95,4,4.39,92.19,Cash,61.46,26.34,5
INV-2025-04643,05-12-2025,14:59,C,Chicago,Member,Male,Home and Lifestyle,48.95,3,7.3425,154.1925,Cash,102.795,44.055,6.7
INV-2025-00816,27-07-2025,20:25,C,Chicago,Member,Female,Home and Lifestyle,64.87,10,32.435,681.135,Cash,454.09,194.61,9.3
INV-2025-03068,02-09-2025,14:28,A,New York,Member,Male,Fashion Accessories,58.21,2,5.821,122.241,Credit Card,81.494,34.926,5.1
INV-2025-04785,22-09-2025,21:42,A,New York,Member,Male,Food and Beverages,16.27,3,2.4405,51.2505,Credit Card,34.167,14.643,7
INV-2025-00960,15-05-2025,20:05,A,New York,Normal,Male,Sports and Travel,31.04,1,1.552,32.592,Credit Card,21.728,9.312,6.9
INV-2025-00226,28-01-2025,11:14,C,Chicago,Member,Female,Home and Lifestyle,22.07,5,5.5175,115.8675,E-wallet,77.245,33.105,6.7
INV-2025-03355,31-05-2025,20:22,A,New York,Normal,Female,Sports and Travel,54.32,5,13.58,285.18,Cash,190.12,81.48,9.5
INV-2025-02486,15-11-2025,20:27,B,Los Angeles,Member,Female,Electronic Accessories,16.72,4,3.344,70.224,E-wallet,46.816,20.064,7.6
INV-2025-00563,18-07-2025,13:03,A,New York,Normal,Male,Sports and Travel,29.16,4,5.832,122.472,Credit Card,81.648,34.992,5.1
INV-2025-03437,03-04-2025,20:26,B,Los Angeles,Member,Male,Food and Beverages,6.99,10,3.495,73.395,Credit Card,48.93,20.97,4.8
INV-2025-01694,11-03-2025,21:26,C,Chicago,Normal,Female,Health and Beauty,17.36,2,1.736,36.456,E-wallet,24.304,10.416,4.3
INV-2025-01046,14-05-2025,11:24,B,Los Angeles,Normal,Male,Electronic Accessories,92.16,5,23.04,483.84,E-wallet,322.56,138.24,9.7
INV-2025-03447,04-10-2025,18:13,A,New York,Member,Male,Health and Beauty,43.28,4,8.656,181.776,Credit Card,121.184,51.936,4.8
INV-2025-04566,28-11-2025,17:36,A,New York,Normal,Male,Food and Beverages,10.72,10,5.36,112.56,E-wallet,75.04,32.16,4.3
INV-2025-00955,12-06-2025,15:27,A,New York,Normal,Male,Food and Beverages,4.72,10,2.36,49.56,E-wallet,33.04,14.16,9.1
INV-2025-02736,13-12-2025,17:53,A,New York,Normal,Male,Electronic Accessories,37.97,9,17.0865,358.8165,Credit Card,239.211,102.519,7.8
INV-2025-04904,25-11-2025,19:53,B,Los Angeles,Normal,Male,Home and Lifestyle,80.47,2,8.047,168.987,Cash,112.658,48.282,6.2
INV-2025-04736,01-06-2025,11:09,C,Chicago,Member,Male,Health and Beauty,41.97,3,6.2955,132.2055,Cash,88.137,37.773,5
INV-2025-04824,01-09-2025,19:14,B,Los Angeles,Normal,Male,Sports and Travel,73.12,3,10.968,230.328,Credit Card,153.552,65.808,7.7
INV-2025-01219,18-01-2025,18:51,B,Los Angeles,Member,Male,Electronic Accessories,16.22,1,0.811,17.031,E-wallet,11.354,4.866,5.4
INV-2025-01528,26-09-2025,20:00,C,Chicago,Member,Male,Health and Beauty,39.3,6,11.79,247.59,E-wallet,165.06,70.74,4.7
INV-2025-03988,12-04-2025,11:28,B,Los Angeles,Member,Female,Fashion Accessories,60.31,9,27.1395,569.9295,Cash,379.953,162.837,6.8
INV-2025-01301,23-06-2025,21:56,B,Los Angeles,Member,Female,Fashion Accessories,35.59,3,5.3385,112.1085,Cash,74.739,32.031,9.6
INV-2025-04892,24-09-2025,14:28,B,Los Angeles,Member,Male,Electronic Accessories,49.98,5,12.495,262.395,Credit Card,174.93,74.97,4.5
INV-2025-00161,08-03-2025,17:05,A,New York,Member,Female,Food and Beverages,11.45,7,4.0075,84.1575,E-wallet,56.105,24.045,4.4
INV-2025-04068,21-05-2025,18:25,A,New York,Member,Male,Home and Lifestyle,50.96,5,12.74,267.54,Unknown,178.36,76.44,6.3
INV-2025-00957,20-03-2025,09:45,B,Los Angeles,Normal,Female,Health and Beauty,47.12,3,7.068,148.428,E-wallet,98.952,42.408,7.8
INV-2025-03792,01-03-2025,17:00,A,New York,Normal,Female,Sports and Travel,32.83,7,11.4905,241.3005,Cash,160.867,68.943,6.9
INV-2025-03235,25-02-2025,18:14,A,New York,Member,Female,Fashion Accessories,27.23,9,12.2535,257.3235,E-wallet,171.549,73.521,7.8
INV-2025-02870,26-10-2025,21:54,C,Chicago,Normal,Female,Home and Lifestyle,41.88,5,10.47,219.87,E-wallet,146.58,62.82,5.9
INV-2025-03778,23-12-2025,19:13,C,Chicago,Member,Male,Sports and Travel,73.92,7,25.872,543.312,Cash,362.208,155.232,4.4
INV-2025-04434,29-08-2025,19:06,C,Chicago,Member,Male,Home and Lifestyle,61.42,2,6.142,128.982,E-wallet,85.988,36.852,9.9
INV-2025-02962,09-07-2025,21:01,C,Chicago,Member,Male,Fashion Accessories,50.9,3,7.635,160.335,Credit Card,106.89,45.81,7.8
INV-2025-02201,13-03-2025,13:27,A,New York,Member,Female,Fashion Accessories,20.03,7,7.0105,147.2205,E-wallet,98.147,42.063,6.4
INV-2025-00099,21-08-2025,14:47,B,Los Angeles,Normal,Female,Health and Beauty,43.74,8,17.496,367.416,Cash,244.944,104.976,9.3
INV-2025-02558,11-03-2025,16:29,A,New York,Member,Female,Fashion Accessories,57.43,7,20.1005,422.1105,Credit Card,281.407,120.603,7.1
INV-2025-03184,22-10-2025,14:46,C,Chicago,Normal,Female,Home and Lifestyle,71.92,8,28.768,604.128,Credit Card,402.752,172.608,8.1
INV-2025-00254,14-02-2025,14:07,C,Chicago,Member,Female,Fashion Accessories,49.67,7,17.3845,365.0745,Cash,243.383,104.307,4.8
INV-2025-03924,23-02-2025,12:00,C,Chicago,Normal,Female,Food and Beverages,6.72,10,3.36,70.56,Cash,47.04,20.16,5.4
INV-2025-04200,22-11-2025,16:48,B,Los Angeles,Normal,Male,Health and Beauty,17.11,1,0.8555,17.9655,Cash,11.977,5.133,9.8
INV-2025-01446,23-05-2025,20:46,A,New York,Member,Male,Fashion Accessories,33.45,6,10.035,210.735,E-wallet,140.49,60.21,6.2
INV-2025-01649,09-06-2025,21:40,B,Los Angeles,Normal,Male,Health and Beauty,32.35,8,12.94,271.74,Credit Card,181.16,77.64,4.7
INV-2025-04683,01-11-2025,13:00,B,Los Angeles,Member,Female,Electronic Accessories,98.92,7,34.622,727.062,Credit Card,484.708,207.732,4.8
INV-2025-04724,21-10-2025,10:13,A,New York,Normal,Male,Fashion Accessories,13.4,8,5.36,112.56,Cash,75.04,32.16,8.6
INV-2025-03992,15-07-2025,13:53,C,Chicago,Member,Female,Sports and Travel,38.22,9,17.199,361.179,Cash,240.786,103.194,4.1
INV-2025-01697,10-12-2025,16:48,A,New York,Unknown,Female,Home and Lifestyle,75.78,5,18.945,397.845,Cash,265.23,113.67,8.1
INV-2025-03192,04-08-2025,17:31,A,New York,Member,Male,Home and Lifestyle,83.11,3,12.4665,261.7965,E-wallet,174.531,74.799,6.6
INV-2025-04500,11-03-2025,15:33,A,New York,Unknown,Male,Fashion Accessories,11.68,8,4.672,98.112,Unknown,65.408,28.032,9.1
INV-2025-01155,21-03-2025,17:10,B,Los Angeles,Unknown,Female,Health and Beauty,47.57,5,11.8925,249.7425,Credit Card,166.495,71.355,6.9
INV-2025-02256,31-10-2025,19:59,B,Los Angeles,Member,Male,Sports and Travel,68.5,4,13.7,287.7,Credit Card,191.8,82.2,4.7
INV-2025-01683,12-10-2025,19:13,B,Los Angeles,Member,Male,Health and Beauty,35.73,5,8.9325,187.5825,Credit Card,125.055,53.595,7.6
INV-2025-03171,07-04-2025,11:28,B,Los Angeles,Normal,Male,Fashion Accessories,61.08,5,15.27,320.67,Cash,213.78,91.62,9.7
INV-2025-02057,21-07-2025,16:14,A,New York,Normal,Female,Electronic Accessories,37.08,6,11.124,233.604,E-wallet,155.736,66.744,8.1
INV-2025-04091,22-11-2025,17:25,C,Chicago,Normal,Female,Electronic Accessories,81.9,9,36.855,773.955,Cash,515.97,221.13,8.6
INV-2025-03109,15-09-2025,15:34,A,New York,Normal,Female,Fashion Accessories,19.69,5,4.9225,103.3725,Cash,68.915,29.535,5.1
INV-2025-04549,03-04-2025,20:35,A,New York,Normal,Male,Sports and Travel,30.52,10,15.26,320.46,E-wallet,213.64,91.56,6.7
INV-2025-03724,29-05-2025,20:28,C,Chicago,Normal,Male,Food and Beverages,4.64,6,1.392,29.232,Credit Card,19.488,8.352,9.2
INV-2025-02050,15-08-2025,11:29,A,New York,Normal,Female,Health and Beauty,28.08,5,7.02,147.42,E-wallet,98.28,42.12,6.9
INV-2025-03644,11-10-2025,13:02,A,New York,Member,Female,Electronic Accessories,58.7,1,2.935,61.635,Cash,41.09,17.61,5.2
INV-2025-04928,11-01-2025,18:31,B,Los Angeles,Member,Male,Electronic Accessories,27.22,1,1.361,28.581,Credit Card,19.054,8.166,8.4
INV-2025-00624,27-02-2025,10:49,B,Los Angeles,Unknown,Male,Health and Beauty,11.64,9,5.238,109.998,Credit Card,73.332,31.428,6.8
INV-2025-00263,12-02-2025,14:57,B,Los Angeles,Member,Female,Fashion Accessories,55.46,4,11.092,232.932,Credit Card,155.288,66.552,4.5
INV-2025-03370,02-07-2025,12:59,B,Los Angeles,Normal,Male,Sports and Travel,71.79,7,25.1265,527.6565,Credit Card,351.771,150.759,8.8
INV-2025-04062,24-11-2025,17:36,B,Los Angeles,Normal,Male,Fashion Accessories,11.58,8,4.632,97.272,Credit Card,64.848,27.792,4.1
INV-2025-01803,05-07-2025,19:42,A,New York,Normal,Female,Food and Beverages,20.34,5,5.085,106.785,Cash,71.19,30.51,8.1
INV-2025-04737,05-04-2025,18:52,A,New York,Member,Female,Home and Lifestyle,69,7,24.15,507.15,E-wallet,338.1,144.9,9.3
INV-2025-02386,28-02-2025,14:40,B,Los Angeles,Normal,Male,Sports and Travel,62.75,8,25.1,527.1,Credit Card,351.4,150.6,5.2
INV-2025-01960,20-04-2025,08:09,B,Los Angeles,Member,Male,Food and Beverages,22.06,5,5.515,115.815,Credit Card,77.21,33.09,8.1
INV-2025-02977,10-12-2025,12:20,B,Los Angeles,Normal,Male,Health and Beauty,32.11,3,4.8165,101.1465,Cash,67.431,28.899,6.6
INV-2025-00489,11-06-2025,15:38,B,Los Angeles,Member,Female,Food and Beverages,23.31,1,1.1655,24.4755,Cash,16.317,6.993,9.5
INV-2025-01844,02-09-2025,18:13,C,Chicago,Normal,Female,Health and Beauty,22.46,2,2.246,47.166,E-wallet,31.444,13.476,10
INV-2025-01735,26-08-2025,19:06,C,Chicago,Normal,Female,Electronic Accessories,51.33,1,2.5665,53.8965,Credit Card,35.931,15.399,5.4
INV-2025-02912,17-01-2025,10:43,A,New York,Normal,Female,Home and Lifestyle,83.31,10,41.655,874.755,Credit Card,583.17,249.93,7.9
INV-2025-03220,13-06-2025,10:05,B,Los Angeles,Normal,Male,Electronic Accessories,75.31,9,33.8895,711.6795,E-wallet,474.453,203.337,6.9
INV-2025-00147,10-05-2025,18:22,C,Chicago,Member,Male,Food and Beverages,18.91,6,5.673,119.133,Cash,79.422,34.038,6.1
INV-2025-01987,26-02-2025,13:59,B,Los Angeles,Normal,Male,Electronic Accessories,83.46,9,37.557,788.697,E-wallet,525.798,225.342,10
INV-2025-01370,21-04-2025,17:06,A,New York,Member,Male,Food and Beverages,12.22,9,5.499,115.479,Cash,76.986,32.994,5.6
INV-2025-02812,21-08-2025,17:16,C,Chicago,Normal,Male,Home and Lifestyle,60.36,2,6.036,126.756,E-wallet,84.504,36.216,6.9
INV-2025-00660,07-11-2025,09:47,B,Los Angeles,Normal,Male,Home and Lifestyle,58.69,5,14.6725,308.1225,Credit Card,205.415,88.035,8.2
INV-2025-01795,03-05-2025,14:36,B,Los Angeles,Normal,Female,Sports and Travel,80.87,10,40.435,849.135,E-wallet,566.09,242.61,6.3
INV-2025-02512,10-03-2025,18:48,C,Chicago,Normal,Female,Food and Beverages,7.03,1,0.3515,7.3815,Credit Card,4.921,2.109,7
INV-2025-03398,01-01-2025,19:21,C,Chicago,Normal,Male,Sports and Travel,64.2,1,3.21,67.41,Credit Card,44.94,19.26,5.2
INV-2025-04283,16-11-2025,13:03,B,Los Angeles,Normal,Female,Sports and Travel,41.73,8,16.692,350.532,Cash,233.688,100.152,4.8
INV-2025-01148,10-02-2025,19:27,C,Chicago,Normal,Female,Home and Lifestyle,63.09,9,28.3905,596.2005,E-wallet,397.467,170.343,5.5
INV-2025-03273,15-11-2025,17:13,C,Chicago,Normal,Male,Home and Lifestyle,51.38,6,15.414,323.694,Cash,215.796,92.484,5.8
INV-2025-00609,14-02-2025,21:25,A,New York,Member,Male,Fashion Accessories,33.47,3,5.0205,105.4305,Credit Card,70.287,30.123,6.6
INV-2025-03583,11-12-2025,18:37,A,New York,Normal,Female,Electronic Accessories,71.21,9,32.0445,672.9345,Credit Card,448.623,192.267,9.5
INV-2025-01931,10-04-2025,11:13,B,Los Angeles,Normal,Male,Fashion Accessories,23.07,9,10.3815,218.0115,E-wallet,145.341,62.289,9.9
INV-2025-00198,14-10-2025,15:51,A,New York,Member,Female,Health and Beauty,47.29,10,23.645,496.545,Cash,331.03,141.87,6.5
INV-2025-02932,20-06-2025,17:04,C,Chicago,Normal,Female,Sports and Travel,78.75,9,35.4375,744.1875,Credit Card,496.125,212.625,4.7
INV-2025-02328,08-12-2025,11:41,B,Los Angeles,Normal,Female,Food and Beverages,12.58,10,6.29,132.09,Credit Card,88.06,37.74,9.9
INV-2025-04390,04-10-2025,19:56,B,Los Angeles,Member,Male,Health and Beauty,37.87,1,1.8935,39.7635,Credit Card,26.509,11.361,8.8
INV-2025-00767,02-12-2025,19:07,A,New York,Member,Female,Electronic Accessories,46.42,6,13.926,292.446,Credit Card,194.964,83.556,9.6
INV-2025-04497,17-08-2025,13:42,C,Chicago,Normal,Female,Health and Beauty,45.81,4,9.162,192.402,E-wallet,128.268,54.972,6.4
INV-2025-04219,25-07-2025,16:44,B,Los Angeles,Member,Male,Fashion Accessories,11.13,1,0.5565,11.6865,E-wallet,7.791,3.339,9.3
INV-2025-03256,17-05-2025,19:46,B,Los Angeles,Normal,Male,Home and Lifestyle,57.89,9,26.0505,547.0605,Cash,364.707,156.303,4.7
INV-2025-00203,11-11-2025,18:56,C,Chicago,Member,Male,Health and Beauty,39.7,8,15.88,333.48,Credit Card,222.32,95.28,8.2
INV-2025-03511,23-02-2025,15:16,C,Chicago,Member,Female,Sports and Travel,63.49,3,9.5235,199.9935,E-wallet,133.329,57.141,4.5
INV-2025-01734,11-07-2025,08:04,A,New York,Member,Male,Health and Beauty,15.81,6,4.743,99.603,E-wallet,66.402,28.458,7.7
INV-2025-02778,11-09-2025,14:29,A,New York,Member,Male,Home and Lifestyle,46.43,7,16.2505,341.2605,Cash,227.507,97.503,5.2
INV-2025-01708,03-11-2025,10:20,B,Los Angeles,Normal,Female,Health and Beauty,23.71,8,9.484,199.164,Credit Card,132.776,56.904,5.5
INV-2025-03475,06-05-2025,11:49,B,Los Angeles,Normal,Female,Food and Beverages,18.04,1,0.902,18.942,Cash,12.628,5.412,4
INV-2025-00855,03-04-2025,08:28,C,Chicago,Member,Male,Food and Beverages,6.74,3,1.011,21.231,Cash,14.154,6.066,5.5
INV-2025-04738,10-03-2025,20:24,A,New York,Normal,Male,Home and Lifestyle,55.8,5,13.95,292.95,Credit Card,195.3,83.7,6.8
INV-2025-04098,04-10-2025,18:41,C,Chicago,Normal,Male,Fashion Accessories,40.72,2,4.072,85.512,Cash,57.008,24.432,5
INV-2025-02161,15-04-2025,15:36,B,Los Angeles,Member,Female,Electronic Accessories,17.82,10,8.91,187.11,Credit Card,124.74,53.46,7.9
INV-2025-00699,24-10-2025,17:35,C,Chicago,Member,Female,Sports and Travel,55.8,10,27.9,585.9,E-wallet,390.6,167.4,9.4
INV-2025-04948,25-09-2025,09:33,A,New York,Normal,Female,Health and Beauty,43.34,4,8.668,182.028,E-wallet,121.352,52.008,5.1
INV-2025-03000,13-12-2025,13:43,A,New York,Normal,Female,Fashion Accessories,36.67,7,12.8345,269.5245,Cash,179.683,77.007,5.4
INV-2025-03697,13-07-2025,20:03,A,New York,Member,Male,Sports and Travel,65.92,8,26.368,553.728,Credit Card,369.152,158.208,4.9
INV-2025-01637,06-03-2025,19:33,B,Los Angeles,Normal,Female,Home and Lifestyle,38.27,3,5.7405,120.5505,E-wallet,80.367,34.443,8.1
INV-2025-03458,13-10-2025,12:29,C,Chicago,Normal,Female,Electronic Accessories,66.29,9,29.8305,626.4405,Credit Card,417.627,178.983,9.6
INV-2025-03582,24-06-2025,19:05,A,New York,Member,Male,Health and Beauty,58.27,9,26.2215,550.6515,Cash,367.101,157.329,9.1
INV-2025-01292,21-07-2025,11:06,B,Los Angeles,Member,Female,Health and Beauty,19.97,6,5.991,125.811,Credit Card,83.874,35.946,4.9
INV-2025-04660,30-04-2025,19:44,C,Chicago,Normal,Male,Electronic Accessories,91.13,2,9.113,191.373,E-wallet,127.582,54.678,10
INV-2025-01854,15-01-2025,09:50,C,Chicago,Normal,Female,Fashion Accessories,56.01,3,8.4015,176.4315,Credit Card,117.621,50.409,5.7
INV-2025-03764,19-11-2025,20:40,A,New York,Member,Female,Health and Beauty,57.02,10,28.51,598.71,Credit Card,399.14,171.06,6.9
INV-2025-03305,24-07-2025,12:22,B,Los Angeles,Member,Female,Electronic Accessories,80.34,4,16.068,337.428,Credit Card,224.952,96.408,4.1
INV-2025-04913,28-11-2025,19:03,C,Chicago,Normal,Male,Electronic Accessories,69.28,10,34.64,727.44,E-wallet,484.96,207.84,4.6
INV-2025-03744,30-10-2025,12:39,A,New York,Member,Female,Sports and Travel,53.61,3,8.0415,168.8715,Credit Card,112.581,48.249,5.5
INV-2025-03446,25-01-2025,19:32,C,Chicago,Normal,Female,Fashion Accessories,41.36,1,2.068,43.428,Credit Card,28.952,12.408,5.3
INV-2025-01999,08-10-2025,14:16,B,Los Angeles,Member,Male,Food and Beverages,20.77,10,10.385,218.085,Credit Card,145.39,62.31,8.1
INV-2025-00664,05-11-2025,18:35,C,Chicago,Member,Male,Health and Beauty,42.07,3,6.3105,132.5205,Credit Card,88.347,37.863,8.7
INV-2025-04780,28-04-2025,21:54,B,Los Angeles,Member,Female,Home and Lifestyle,83.98,10,41.99,881.79,Credit Card,587.86,251.94,5.3
INV-2025-03749,24-06-2025,12:41,B,Los Angeles,Member,Female,Home and Lifestyle,48.51,7,16.9785,356.5485,Credit Card,237.699,101.871,8.2
INV-2025-04414,05-08-2025,16:23,B,Los Angeles,Normal,Male,Sports and Travel,55.95,4,11.19,234.99,Cash,156.66,67.14,7.1
INV-2025-04745,06-11-2025,18:40,C,Chicago,Normal,Female,Fashion Accessories,72.54,1,3.627,76.167,Cash,50.778,21.762,8.2
INV-2025-00710,04-01-2025,12:51,B,Los Angeles,Member,Male,Health and Beauty,23.3,7,8.155,171.255,Credit Card,114.17,48.93,8
INV-2025-01283,10-04-2025,13:46,B,Los Angeles,Normal,Male,Electronic Accessories,66.14,5,16.535,347.235,Credit Card,231.49,99.21,4.9
INV-2025-02676,12-09-2025,20:16,B,Los Angeles,Member,Male,Health and Beauty,23.05,9,10.3725,217.8225,Cash,145.215,62.235,5.5
INV-2025-04030,04-05-2025,19:48,C,Chicago,Normal,Male,Health and Beauty,23.83,1,1.1915,25.0215,Cash,16.681,7.149,8.9
INV-2025-01307,10-10-2025,12:18,A,New York,Normal,Male,Fashion Accessories,69.37,9,31.2165,655.5465,E-wallet,437.031,187.299,4.1
INV-2025-02238,17-08-2025,13:50,C,Chicago,Normal,Male,Home and Lifestyle,67.83,6,20.349,427.329,Cash,284.886,122.094,6.3
INV-2025-03303,12-12-2025,10:12,A,New York,Member,Female,Fashion Accessories,13.71,1,0.6855,14.3955,E-wallet,9.597,4.113,9.9
INV-2025-02039,16-12-2025,18:04,B,Los Angeles,Normal,Male,Food and Beverages,21.54,6,6.462,135.702,Credit Card,90.468,38.772,9.6
INV-2025-01530,02-11-2025,11:46,C,Chicago,Normal,Male,Sports and Travel,47.07,6,14.121,296.541,Cash,197.694,84.726,4.3
INV-2025-01664,26-03-2025,17:27,B,Los Angeles,Member,Female,Fashion Accessories,58.89,10,29.445,618.345,E-wallet,412.23,176.67,8
INV-2025-04935,16-10-2025,13:38,A,New York,Normal,Female,Food and Beverages,16.85,5,4.2125,88.4625,Credit Card,58.975,25.275,7.1
INV-2025-04954,07-11-2025,11:34,C,Chicago,Normal,Male,Electronic Accessories,27,5,6.75,141.75,Cash,94.5,40.5,5.4
INV-2025-03628,14-04-2025,15:13,C,Chicago,Normal,Male,Home and Lifestyle,50.37,1,2.5185,52.8885,Cash,35.259,15.111,6.9
INV-2025-02694,15-07-2025,08:05,C,Chicago,Member,Male,Fashion Accessories,51.03,10,25.515,535.815,Credit Card,357.21,153.09,5.4
INV-2025-03061,30-01-2025,18:50,C,Chicago,Normal,Male,Food and Beverages,23.7,1,1.185,24.885,Unknown,16.59,7.11,6.3
INV-2025-01598,22-06-2025,21:57,B,Los Angeles,Member,Female,Fashion Accessories,48.24,6,14.472,303.912,E-wallet,202.608,86.832,5.9
INV-2025-02730,02-10-2025,21:40,C,Chicago,Normal,Male,Health and Beauty,31.47,4,6.294,132.174,E-wallet,88.116,37.764,7.9
INV-2025-02626,26-02-2025,15:09,A,New York,Member,Female,Food and Beverages,13.83,7,4.8405,101.6505,Credit Card,67.767,29.043,5.8
INV-2025-03158,21-07-2025,19:47,A,New York,Member,Male,Sports and Travel,36.79,10,18.395,386.295,Credit Card,257.53,110.37,5.6
INV-2025-03315,15-09-2025,14:15,A,New York,Member,Female,Food and Beverages,22.44,1,1.122,23.562,Cash,15.708,6.732,8.9
INV-2025-01723,16-01-2025,14:37,B,Los Angeles,Member,Male,Food and Beverages,12.45,7,4.3575,91.5075,Cash,61.005,26.145,7.6
INV-2025-01060,05-09-2025,17:28,C,Chicago,Member,Male,Food and Beverages,7.63,7,2.6705,56.0805,Credit Card,37.387,16.023,8
INV-2025-04637,18-12-2025,20:09,C,Chicago,Member,Female,Electronic Accessories,27.58,8,11.032,231.672,Credit Card,154.448,66.192,4.3
INV-2025-03243,02-05-2025,21:49,B,Los Angeles,Member,Male,Health and Beauty,44.28,6,13.284,278.964,E-wallet,185.976,79.704,7.5
INV-2025-01679,07-10-2025,14:42,B,Los Angeles,Normal,Male,Fashion Accessories,73.39,7,25.6865,539.4165,Credit Card,359.611,154.119,7.3
INV-2025-01758,20-10-2025,14:58,C,Chicago,Member,Male,Food and Beverages,10.9,8,4.36,91.56,Credit Card,61.04,26.16,4.3
INV-2025-04192,22-09-2025,20:23,B,Los Angeles,Member,Male,Food and Beverages,9.36,9,4.212,88.452,Cash,58.968,25.272,4.1
INV-2025-00564,09-09-2025,11:34,C,Chicago,Member,Male,Sports and Travel,67.92,2,6.792,142.632,Cash,95.088,40.752,4.4
INV-2025-02791,13-07-2025,20:43,B,Los Angeles,Normal,Female,Sports and Travel,58.61,4,11.722,246.162,Cash,164.108,70.332,9.8
INV-2025-00864,05-03-2025,12:46,C,Chicago,Normal,Female,Health and Beauty,36.45,10,18.225,382.725,E-wallet,255.15,109.35,7.3
INV-2025-01485,09-12-2025,20:54,B,Los Angeles,Normal,Male,Fashion Accessories,42.31,9,19.0395,399.8295,Cash,266.553,114.237,9.8
INV-2025-00207,26-09-2025,13:26,B,Los Angeles,Member,Male,Food and Beverages,12.89,4,2.578,54.138,Credit Card,36.092,15.468,8.2
INV-2025-04489,28-09-2025,14:56,C,Chicago,Member,Female,Health and Beauty,29.56,7,10.346,217.266,Credit Card,144.844,62.076,7
INV-2025-00871,12-11-2025,12:53,C,Chicago,Normal,Female,Electronic Accessories,99.51,9,44.7795,940.3695,Credit Card,626.913,268.677,4.3
INV-2025-04494,26-02-2025,18:57,A,New York,Normal,Male,Sports and Travel,54.6,5,13.65,286.65,Credit Card,191.1,81.9,5.4
INV-2025-00503,16-02-2025,18:07,A,New York,Normal,Male,Sports and Travel,49.81,8,19.924,418.404,Cash,278.936,119.544,6.7
INV-2025-01029,14-09-2025,13:39,A,New York,Normal,Male,Food and Beverages,12.83,5,3.2075,67.3575,Credit Card,44.905,19.245,4.2
INV-2025-03841,20-06-2025,09:16,A,New York,Member,Male,Sports and Travel,40.67,6,12.201,256.221,Credit Card,170.814,73.206,7
INV-2025-02691,19-03-2025,20:15,A,New York,Normal,Female,Food and Beverages,23.88,10,11.94,250.74,Credit Card,167.16,71.64,7.4
INV-2025-01571,21-10-2025,18:47,A,New York,Normal,Female,Sports and Travel,65.84,2,6.584,138.264,Credit Card,92.176,39.504,8.2
INV-2025-02774,27-06-2025,14:48,C,Chicago,Member,Female,Fashion Accessories,40.99,4,8.198,172.158,Cash,114.772,49.188,5.2
INV-2025-02732,08-06-2025,20:19,B,Los Angeles,Member,Male,Food and Beverages,11.48,7,4.018,84.378,Cash,56.252,24.108,7.6
INV-2025-00805,04-02-2025,13:38,C,Chicago,Member,Male,Food and Beverages,15.51,1,0.7755,16.2855,Cash,10.857,4.653,7.7
INV-2025-03646,11-05-2025,19:45,A,New York,Normal,Male,Electronic Accessories,95.14,1,4.757,99.897,Credit Card,66.598,28.542,8.1
INV-2025-02455,02-10-2025,11:20,A,New York,Member,Female,Electronic Accessories,51.88,10,25.94,544.74,E-wallet,363.16,155.64,6.3
INV-2025-04599,09-09-2025,15:07,C,Chicago,Member,Female,Home and Lifestyle,87.12,7,30.492,640.332,Cash,426.888,182.952,6.2
INV-2025-03105,06-10-2025,11:55,A,New York,Normal,Male,Health and Beauty,31.35,9,14.1075,296.2575,Cash,197.505,84.645,4.6
INV-2025-04876,21-05-2025,13:26,A,New York,Normal,Male,Health and Beauty,48.29,2,4.829,101.409,Cash,67.606,28.974,6.3
INV-2025-00201,02-03-2025,12:34,B,Los Angeles,Member,Male,Health and Beauty,47.81,5,11.9525,251.0025,Credit Card,167.335,71.715,8.3
INV-2025-03100,19-07-2025,19:28,A,New York,Member,Male,Home and Lifestyle,74.09,1,3.7045,77.7945,Credit Card,51.863,22.227,9.4
INV-2025-02279,31-03-2025,13:24,C,Chicago,Normal,Male,Food and Beverages,9.98,5,2.495,52.395,Credit Card,34.93,14.97,7.5
INV-2025-03562,09-07-2025,12:55,A,New York,Normal,Female,Sports and Travel,57.3,6,17.19,360.99,Cash,240.66,103.14,9.3
INV-2025-04475,16-03-2025,13:02,B,Los Angeles,Normal,Female,Fashion Accessories,58.59,5,14.6475,307.5975,E-wallet,205.065,87.885,7.3
INV-2025-04515,30-04-2025,19:35,B,Los Angeles,Member,Male,Fashion Accessories,26.49,7,9.2715,194.7015,Credit Card,129.801,55.629,4.1
INV-2025-00392,09-10-2025,15:35,A,New York,Normal,Female,Health and Beauty,19.87,10,9.935,208.635,Credit Card,139.09,59.61,6
INV-2025-01496,09-03-2025,13:03,B,Los Angeles,Member,Male,Health and Beauty,15.89,4,3.178,66.738,Credit Card,44.492,19.068,8.5
INV-2025-02696,24-05-2025,12:20,C,Chicago,Normal,Female,Fashion Accessories,51.28,4,10.256,215.376,E-wallet,143.584,61.536,7.8
INV-2025-02028,31-10-2025,17:58,C,Chicago,Member,Female,Health and Beauty,56.92,4,11.384,239.064,Unknown,159.376,68.304,9.6
INV-2025-02569,11-04-2025,13:22,A,New York,Normal,Male,Health and Beauty,48.49,3,7.2735,152.7435,Credit Card,101.829,43.641,7.5
INV-2025-00065,20-12-2025,12:13,C,Chicago,Member,Female,Health and Beauty,51.63,5,12.9075,271.0575,Cash,180.705,77.445,5.1
INV-2025-03885,27-03-2025,21:23,C,Chicago,Member,Female,Health and Beauty,43.21,10,21.605,453.705,Cash,302.47,129.63,6.8
INV-2025-02063,24-02-2025,14:03,C,Chicago,Member,Female,Health and Beauty,24.45,9,11.0025,231.0525,Credit Card,154.035,66.015,7.3
INV-2025-00493,06-11-2025,13:34,A,New York,Normal,Male,Electronic Accessories,41.26,9,18.567,389.907,E-wallet,259.938,111.402,6.6
INV-2025-00380,26-07-2025,11:14,C,Chicago,Normal,Female,Home and Lifestyle,40.55,10,20.275,425.775,Unknown,283.85,121.65,10
INV-2025-04860,25-05-2025,20:32,C,Chicago,Normal,Male,Sports and Travel,54.83,3,8.2245,172.7145,Credit Card,115.143,49.347,8.4
INV-2025-03994,19-12-2025,12:03,C,Chicago,Member,Female,Sports and Travel,56.75,2,5.675,119.175,Cash,79.45,34.05,6.4
INV-2025-04888,12-06-2025,16:49,B,Los Angeles,Member,Male,Food and Beverages,17.18,3,2.577,54.117,Cash,36.078,15.462,7.1
INV-2025-01077,20-04-2025,08:04,B,Los Angeles,Normal,Male,Health and Beauty,30.91,5,7.7275,162.2775,Credit Card,108.185,46.365,7.8
INV-2025-00879,19-06-2025,20:10,B,Los Angeles,Normal,Female,Health and Beauty,31.05,9,13.9725,293.4225,Credit Card,195.615,83.835,8.1
INV-2025-00338,25-10-2025,20:04,B,Los Angeles,Member,Male,Fashion Accessories,34.81,5,8.7025,182.7525,Credit Card,121.835,52.215,9.2
INV-2025-01017,23-08-2025,13:10,B,Los Angeles,Normal,Male,Home and Lifestyle,83.18,9,37.431,786.051,Credit Card,524.034,224.586,4.4
INV-2025-01276,31-07-2025,14:53,C,Chicago,Normal,Female,Home and Lifestyle,62.01,7,21.7035,455.7735,Cash,303.849,130.221,8.6
INV-2025-03799,11-02-2025,20:48,B,Los Angeles,Member,Female,Home and Lifestyle,54.49,9,24.5205,514.9305,E-wallet,343.287,147.123,5.3
INV-2025-04552,22-12-2025,20:47,C,Chicago,Member,Male,Health and Beauty,15.01,6,4.503,94.563,E-wallet,63.042,27.018,8.2
INV-2025-03343,11-03-2025,12:52,A,New York,Unknown,Female,Home and Lifestyle,26.78,2,2.678,56.238,Cash,37.492,16.068,6.2
INV-2025-04912,27-08-2025,18:30,A,New York,Member,Male,Sports and Travel,80.04,10,40.02,840.42,E-wallet,560.28,240.12,6.5
INV-2025-00996,12-09-2025,09:36,C,Chicago,Normal,Female,Electronic Accessories,78.27,4,15.654,328.734,E-wallet,219.156,93.924,6.3
INV-2025-01982,28-01-2025,21:09,C,Chicago,Normal,Female,Electronic Accessories,30.61,3,4.5915,96.4215,Cash,64.281,27.549,6.4
INV-2025-04298,16-03-2025,15:33,B,Los Angeles,Normal,Male,Sports and Travel,51.94,10,25.97,545.37,Credit Card,363.58,155.82,5.2
INV-2025-00162,12-06-2025,17:28,B,Los Angeles,Member,Male,Food and Beverages,16.72,3,2.508,52.668,E-wallet,35.112,15.048,4.8
INV-2025-04799,01-04-2025,11:37,C,Chicago,Member,Male,Sports and Travel,36.62,8,14.648,307.608,E-wallet,205.072,87.888,6
INV-2025-01501,02-10-2025,15:05,C,Chicago,Member,Male,Health and Beauty,21.49,9,9.6705,203.0805,E-wallet,135.387,58.023,4.7
INV-2025-03844,11-03-2025,09:12,C,Chicago,Normal,Female,Electronic Accessories,65.51,6,19.653,412.713,Credit Card,275.142,117.918,5.9
INV-2025-02614,25-11-2025,09:59,A,New York,Normal,Female,Health and Beauty,50.3,1,2.515,52.815,Cash,35.21,15.09,4.2
INV-2025-03462,21-11-2025,14:36,B,Los Angeles,Member,Female,Food and Beverages,19.27,3,2.8905,60.7005,Cash,40.467,17.343,9.5
INV-2025-01022,04-08-2025,20:03,B,Los Angeles,Member,Male,Sports and Travel,70.8,10,35.4,743.4,Credit Card,495.6,212.4,4.2
INV-2025-03074,17-07-2025,18:41,C,Chicago,Normal,Male,Electronic Accessories,92.63,6,27.789,583.569,Cash,389.046,166.734,6.1
INV-2025-03944,05-07-2025,20:57,C,Chicago,Normal,Female,Sports and Travel,54.06,5,13.515,283.815,Cash,189.21,81.09,8.7
INV-2025-01586,21-10-2025,20:21,B,Los Angeles,Member,Female,Electronic Accessories,60.31,6,18.093,379.953,Credit Card,253.302,108.558,9.6
INV-2025-01956,04-12-2025,11:32,C,Chicago,Member,Male,Sports and Travel,26.69,3,4.0035,84.0735,Credit Card,56.049,24.021,6.5
INV-2025-03153,24-05-2025,16:02,C,Chicago,Member,Male,Home and Lifestyle,36.07,4,7.214,151.494,Cash,100.996,43.284,7.2
INV-2025-00035,20-06-2025,19:26,C,Chicago,Normal,Male,Home and Lifestyle,31.14,2,3.114,65.394,Credit Card,43.596,18.684,4.2
INV-2025-04015,28-08-2025,14:47,A,New York,Member,Female,Health and Beauty,53.28,2,5.328,111.888,Credit Card,74.592,31.968,4.2
INV-2025-00776,26-11-2025,10:17,C,Chicago,Member,Male,Home and Lifestyle,22.68,4,4.536,95.256,Credit Card,63.504,27.216,8.1
INV-2025-02557,29-08-2025,14:02,A,New York,Member,Male,Health and Beauty,11.88,10,5.94,124.74,E-wallet,83.16,35.64,6
INV-2025-01479,22-11-2025,11:24,B,Los Angeles,Normal,Male,Sports and Travel,54.33,5,13.5825,285.2325,Credit Card,190.155,81.495,5.5
INV-2025-01364,27-07-2025,13:13,B,Los Angeles,Member,Male,Health and Beauty,10.81,5,2.7025,56.7525,Cash,37.835,16.215,5.1
INV-2025-02613,08-04-2025,16:07,A,New York,Member,Female,Home and Lifestyle,33.04,1,1.652,34.692,Credit Card,23.128,9.912,10
INV-2025-02825,25-04-2025,19:09,A,New York,Member,Male,Fashion Accessories,50.81,10,25.405,533.505,Cash,355.67,152.43,7
INV-2025-02042,23-10-2025,11:34,C,Chicago,Unknown,Male,Health and Beauty,10.51,2,1.051,22.071,Credit Card,14.714,6.306,7.6
INV-2025-00242,24-09-2025,15:30,A,New York,Normal,Female,Home and Lifestyle,24.7,1,1.235,25.935,E-wallet,17.29,7.41,4.7
INV-2025-02062,04-09-2025,11:48,A,New York,Member,Female,Fashion Accessories,67.66,7,23.681,497.301,Credit Card,331.534,142.086,9.8
INV-2025-02364,11-01-2025,16:17,A,New York,Normal,Male,Sports and Travel,61.16,7,21.406,449.526,Credit Card,299.684,128.436,4.3
INV-2025-00601,29-09-2025,19:28,B,Los Angeles,Normal,Female,Electronic Accessories,82.09,4,16.418,344.778,Credit Card,229.852,98.508,9.8
INV-2025-02436,16-02-2025,19:24,A,New York,Normal,Female,Fashion Accessories,35.18,5,8.795,184.695,Credit Card,123.13,52.77,5.4
INV-2025-02889,05-04-2025,11:36,B,Los Angeles,Normal,Male,Sports and Travel,31.25,10,15.625,328.125,Cash,218.75,93.75,7.9
INV-2025-00647,28-05-2025,12:19,C,Chicago,Member,Male,Food and Beverages,19.09,2,1.909,40.089,Credit Card,26.726,11.454,7.5
INV-2025-03891,01-09-2025,18:00,A,New York,Member,Male,Fashion Accessories,73.73,2,7.373,154.833,E-wallet,103.222,44.238,6.4
INV-2025-03557,24-10-2025,14:03,A,New York,Member,Female,Food and Beverages,9.53,8,3.812,80.052,E-wallet,53.368,22.872,6.1
INV-2025-03203,23-09-2025,12:41,C,Chicago,Member,Male,Food and Beverages,8.83,8,3.532,74.172,Credit Card,49.448,21.192,8.5
INV-2025-01529,07-03-2025,19:33,C,Chicago,Member,Female,Home and Lifestyle,53.06,8,21.224,445.704,Cash,297.136,127.344,5.7
INV-2025-01268,26-11-2025,12:20,A,New York,Unknown,Female,Fashion Accessories,37.71,7,13.1985,277.1685,Credit Card,184.779,79.191,6.9
INV-2025-01900,10-09-2025,14:41,A,New York,Normal,Female,Food and Beverages,5.84,9,2.628,55.188,Credit Card,36.792,15.768,9.1
INV-2025-04659,13-08-2025,11:17,C,Chicago,Member,Male,Electronic Accessories,56.13,10,28.065,589.365,Cash,392.91,168.39,6.3
INV-2025-03006,07-04-2025,19:30,C,Chicago,Member,Female,Electronic Accessories,83.89,10,41.945,880.845,Credit Card,587.23,251.67,8
INV-2025-02735,11-09-2025,12:55,B,Los Angeles,Member,Female,Sports and Travel,70.16,5,17.54,368.34,Cash,245.56,105.24,7.1
INV-2025-00190,19-06-2025,11:29,B,Los Angeles,Normal,Male,Fashion Accessories,31.91,5,7.9775,167.5275,Credit Card,111.685,47.865,8.5
INV-2025-01807,02-02-2025,09:59,B,Los Angeles,Normal,Male,Health and Beauty,11.27,3,1.6905,35.5005,Credit Card,23.667,10.143,8.1
INV-2025-00976,22-02-2025,09:03,C,Chicago,Member,Female,Fashion Accessories,57.08,4,11.416,239.736,Cash,159.824,68.496,5.1
INV-2025-02748,10-08-2025,14:23,C,Chicago,Member,Male,Food and Beverages,6.52,4,1.304,27.384,Credit Card,18.256,7.824,6.4
INV-2025-02048,12-07-2025,19:40,A,New York,Normal,Female,Electronic Accessories,34.3,7,12.005,252.105,Cash,168.07,72.03,5.8
INV-2025-02559,11-08-2025,14:37,B,Los Angeles,Normal,Female,Health and Beauty,30.43,2,3.043,63.903,Credit Card,42.602,18.258,9.1
INV-2025-01083,18-08-2025,14:36,C,Chicago,Member,Male,Food and Beverages,16.05,3,2.4075,50.5575,Credit Card,33.705,14.445,4.1
INV-2025-00475,26-10-2025,12:16,C,Chicago,Member,Female,Food and Beverages,23.11,2,2.311,48.531,Credit Card,32.354,13.866,8.8
INV-2025-02905,08-04-2025,20:56,A,New York,Normal,Female,Electronic Accessories,62.31,6,18.693,392.553,Cash,261.702,112.158,6.2
INV-2025-04844,22-11-2025,19:33,C,Chicago,Member,Male,Electronic Accessories,94.67,3,14.2005,298.2105,E-wallet,198.807,85.203,8.6
INV-2025-04118,07-12-2025,17:33,A,New York,Normal,Male,Home and Lifestyle,67.17,9,30.2265,634.7565,Cash,423.171,181.359,4.5
INV-2025-03386,04-10-2025,20:18,C,Chicago,Member,Female,Electronic Accessories,70.36,5,17.59,369.39,E-wallet,246.26,105.54,5.9
INV-2025-04556,28-04-2025,14:27,A,New York,Normal,Female,Fashion Accessories,30.27,5,7.5675,158.9175,E-wallet,105.945,45.405,7
INV-2025-01185,15-08-2025,13:43,B,Los Angeles,Member,Male,Electronic Accessories,33.12,9,14.904,312.984,Credit Card,208.656,89.424,8.6
INV-2025-02434,14-10-2025,16:13,B,Los Angeles,Normal,Female,Food and Beverages,12.48,9,5.616,117.936,E-wallet,78.624,33.696,5.2
INV-2025-02392,31-07-2025,13:04,C,Chicago,Member,Male,Food and Beverages,5.21,2,0.521,10.941,Cash,7.294,3.126,5.6
INV-2025-00770,24-05-2025,19:54,B,Los Angeles,Normal,Female,Electronic Accessories,76.82,8,30.728,645.288,E-wallet,430.192,184.368,7.7
INV-2025-01686,24-03-2025,09:50,C,Chicago,Member,Female,Sports and Travel,70.38,6,21.114,443.394,Credit Card,295.596,126.684,4.2
INV-2025-00131,27-11-2025,12:15,C,Chicago,Normal,Male,Home and Lifestyle,46.1,5,11.525,242.025,Credit Card,161.35,69.15,8.6
INV-2025-02920,14-01-2025,16:36,B,Los Angeles,Member,Female,Home and Lifestyle,73.54,6,22.062,463.302,Cash,308.868,132.372,6.6
INV-2025-03172,08-08-2025,15:33,A,New York,Normal,Female,Home and Lifestyle,89.57,1,4.4785,94.0485,Credit Card,62.699,26.871,8
INV-2025-03445,29-12-2025,08:03,B,Los Angeles,Member,Female,Sports and Travel,68.07,4,13.614,285.894,Credit Card,190.596,81.684,6.8
INV-2025-04427,07-12-2025,12:21,B,Los Angeles,Member,Male,Food and Beverages,10.52,9,4.734,99.414,Cash,66.276,28.404,8.6
INV-2025-00467,10-02-2025,15:40,A,New York,Normal,Female,Home and Lifestyle,75.6,1,3.78,79.38,E-wallet,52.92,22.68,5.6
INV-2025-03093,28-05-2025,14:48,B,Los Angeles,Member,Female,Electronic Accessories,18.82,7,6.587,138.327,E-wallet,92.218,39.522,9.8
INV-2025-03773,14-12-2025,10:16,A,New York,Member,Male,Home and Lifestyle,78.75,9,35.4375,744.1875,Cash,496.125,212.625,5.2
INV-2025-00861,09-04-2025,18:36,B,Los Angeles,Normal,Male,Sports and Travel,74.29,6,22.287,468.027,E-wallet,312.018,133.722,6.6
